Company,Date,Author,Finance Headline,General Headline,Finance First Paragraph,General First Paragraph,Finance Last Paragraph,General Last Paragraph,Finance Combined,General Combined
Cisco,11/14/2018 ,Mark Cash,0.0,0.3818,0.9999996666667778,0.9882,0.199999960000008,0.9657,0.4999999375000079,0.9956
Cisco,08/15/2018 ,Mark Cash,0.0,0.5106,0.0,0.9545,0.9999990000010001,0.9313,0.9999990000010001,0.9859
Cisco,07/17/2018 ,Mark Cash,0.0,0.0,-0.9999990000010001,0.5106,0.0,0.9325,-0.9999990000010001,0.9485
Cisco,08/02/2018 ,Mark Cash,0.0,0.7351,0.33333322222225925,0.8658,0.0,0.8481,0.33333322222225925,0.9753
Cisco,07/17/2018 ,Mark Cash,0.0,0.0,0.0,0.9428,-0.9999990000010001,0.5106,-0.33333322222225925,0.9623
Cisco,05/16/2018 ,Brian Colello,0.0,0.0,0.9999996666667778,0.9545,-0.9999990000010001,-0.5187,0.49999987500003124,0.705
Cisco,02/14/2018 ,Brian Colello,0.0,0.0,0.0,0.9455,0.0,0.6997,0.0,0.9748
Cisco,02/14/2018 ,Brian Colello,0.0,0.0,0.9999990000010001,0.7184,0.9999990000010001,0.8625,0.99999950000025,0.9393
Cisco,02/12/2018 ,Brian Colello,0.0,0.0,0.0,0.5719,0.0,0.0,0.0,0.5719
Cisco,11/15/2017 ,Ilya Kundozerov,0.0,0.5267,-0.33333327777778704,0.9857,-0.4285713673469475,0.5499,-0.3846153550295881,0.9864
Cisco, 06/09/2017 ,Ilya Kundozerov,-0.9999990000010001,0.0,0.99999950000025,0.8885,0.33333322222225925,0.2263,0.33333327777778704,0.9081
Cisco,11/02/2017 ,Michael Wong,0.0,0.3612,-0.9999990000010001,0.9201,0.49999987500003124,0.8519,0.199999960000008,0.9805
Cisco,10/23/2017 ,Ilya Kundozerov,0.0,0.0,0.0,0.6808,-0.33333322222225925,0.926,-0.1428571224489825,0.946
Cisco,09/27/2017 ,Michael Wong,0.0,0.6249,0.9999990000010001,0.8955,0.0,0.7351,0.33333322222225925,0.9686
Cisco,08/21/2017 ,Ilya Kundozerov,0.9999990000010001,0.0,0.33333322222225925,0.7804,0.99999950000025,0.9493,0.6666665555555741,0.9736
Cisco,08/16/2017 ,Ilya Kundozerov,0.0,-0.7034,-0.33333322222225925,0.6478,0.0,0.9418,-0.33333322222225925,0.9434
Cisco,2017-06-28 00:00:00,Ilya Kundozerov,0.0,-0.3818,0.49999987500003124,0.8985,0.0,0.6908,0.33333327777778704,0.9564
Cisco,06/09/2017 ,Ilya Kundozerov,0.0,0.0,0.99999950000025,0.9393,0.99999950000025,0.9393,0.9999997500000625,0.9837
Cisco,05/18/2017 ,Ilya Kundozerov,0.9999990000010001,0.167,-0.33333327777778704,0.8979,-0.33333329629630043,0.9194,-0.24999998437500096,0.9603
Cisco,05/02/2017 ,Ilya Kundozerov,0.9999990000010001,0.3182,0.33333322222225925,0.8625,0.0,0.9081,0.49999987500003124,0.9729
Cisco,04/26/2017 ,Michael Wong,0.9999990000010001,0.7351,0.0,0.6956,-0.9999996666667778,0.7783,-0.9999996666667778,0.962
Cisco,04/07/2017 ,Michael Wong,0.0,0.0,0.0,0.7184,0.0,0.7184,0.0,0.9001
Cisco,02/15/2017 ,Ilya Kundozerov,0.0,0.0,-0.1428571224489825,0.9769,-0.33333327777778704,0.9524,-0.23076921301775286,0.9917
Cisco,12/07/2016 ,Ilya Kundozerov,-0.9999990000010001,0.0,0.99999950000025,0.8885,0.33333322222225925,0.2263,0.33333327777778704,0.9081
Cisco,01/25/2017 ,Ilya Kundozerov,0.9999990000010001,0.34,0.49999987500003124,0.6597,-0.9999990000010001,0.9186,0.33333327777778704,0.9628
Cisco,11/16/2016 ,Ilya Kundozerov,0.0,0.5719,-0.7142856122449125,0.2023,-0.5555554938271674,-0.5091,-0.6249999609375024,-0.3051
Cisco,08/18/2016 ,Ilya Kundozerov,-0.9999990000010001,0.0,0.33333329629630043,0.9567,-0.39999996000000404,0.9881,-0.09999999500000024,0.9947
Oracle,11/16/2018 ,John Barrett,0.0,-0.25,0.0,-0.1027,-0.33333327777778704,0.9587,-0.24999996875000394,0.9489
Oracle,11/16/2018 ,John Barrett,0.0,0.0,0.9999990000010001,0.7506,-0.49999987500003124,0.8885,-0.199999960000008,0.9509
Oracle,09/17/2018 ,William Fitzsimmons,0.9999990000010001,0.6249,0.6666665555555741,0.9943,-0.33333322222225925,0.6249,0.39999996000000404,0.9957
Oracle,06/22/2018 ,William Fitzsimmons,-0.9999990000010001,-0.0258,0.0,0.2023,-0.599999880000024,0.7143,-0.6666665555555741,0.7433
Oracle,06/19/2018 ,Rodney Nelson,0.0,-0.7034,-0.33333322222225925,0.0003,0.49999987500003124,0.5155,0.1428571224489825,0.8814
Oracle,09/19/2017 ,Rodney Nelson,-0.9999990000010001,-0.0258,0.0,0.2023,-0.599999880000024,0.7143,-0.6666665555555741,0.7433
Oracle, 03/19/2018 ,Rodney Nelson,0.0,0.7902,0.0,0.9017,-0.9999996666667778,0.5574,-0.4285713673469475,0.9459
Oracle,01/02/2018 ,Rodney Nelson,-0.9999990000010001,-0.168,0.33333322222225925,0.7003,-0.33333322222225925,0.0378,-0.1428571224489825,0.5034
Oracle,12/18/2017 ,Rodney Nelson,0.0,0.4404,0.4285713673469475,-0.4939,0.0,0.9682,0.33333329629630043,0.9829
Oracle,12/14/2017 ,Rodney Nelson,-0.9999990000010001,0.0276,-0.99999950000025,0.7935,0.0,0.6652,-0.33333329629630043,0.9398
Oracle,10/05/2017 ,Rodney Nelson,0.0,0.0,-0.199999960000008,0.0617,0.0,0.9313,-0.1428571224489825,0.9716
Oracle,09/14/2017 ,Rodney Nelson,0.0,0.0,-0.33333327777778704,0.7717,0.9999990000010001,0.4404,-0.1428571224489825,0.8898
Oracle,06/22/2017 ,Rodney Nelson,-0.9999990000010001,0.0,0.0,0.7845,0.33333322222225925,0.7717,0.0,0.9657
Oracle,06/22/2017 ,Rodney Nelson,-0.9999990000010001,-0.0258,0.0,0.2023,-0.599999880000024,0.7143,-0.6666665555555741,0.7433
Oracle,03/15/2017 ,Rodney Nelson,0.0,-0.3612,0.6666665555555741,0.9851,-0.9999990000010001,0.7579,0.4285713673469475,0.995
Oracle,12/16/2016 ,Rodney Nelson,-0.9999990000010001,-0.0258,0.0,0.2023,-0.599999880000024,0.7143,-0.6666665555555741,0.7433
Oracle,12/15/2016 ,Rodney Nelson,0.0,0.0,0.33333322222225925,0.9571,-0.7142856122449125,0.8573,-0.39999996000000404,0.9938
Oracle,10/28/2016 ,Rodney Nelson,-0.9999990000010001,-0.3612,-0.33333322222225925,0.9253,-0.4285713673469475,0.8117,-0.4545454132231443,0.9642
Oracle,09/22/2016 ,Rodney Nelson,0.0,0.0,0.33333322222225925,-0.0009,0.99999950000025,0.8593,0.599999880000024,0.9505
Oracle,09/15/2016 ,Rodney Nelson,-0.9999990000010001,0.7717,-0.33333322222225925,0.9423,-0.33333322222225925,0.5859,-0.4285713673469475,0.928
Salesforce,11/27/2018 ,Andrew Lange,0.9999990000010001,0.9136,0.49999987500003124,0.9686,0.9999996666667778,0.7003,0.7499999062500118,0.9903
Salesforce,10/23/2018 ,William Fitzsimmons,0.0,0.3818,0.99999980000004,0.9678,-0.199999960000008,0.91,0.39999996000000404,0.9743
Salesforce,10/23/2018 ,William Fitzsimmons,0.0,0.0,0.0,0.6369,0.9999990000010001,0.7351,0.33333322222225925,0.886
Salesforce,09/27/2018 ,William Fitzsimmons,0.0,0.0,0.9999997500000625,0.9509,0.9999996666667778,0.872,0.9999998571428775,0.9779
Salesforce,08/29/2018 ,William Fitzsimmons,0.9999990000010001,0.5859,0.9999998333333611,0.9887,0.49999987500003124,0.9545,0.8181817438016598,0.9955
Salesforce,06/22/2018 ,William Fitzsimmons,-0.9999990000010001,0.2023,-0.9999990000010001,0.7003,0.9999990000010001,0.4642,-0.33333322222225925,0.8566
Salesforce,05/29/2018 ,Rodney Nelson,0.0,0.0,0.99999980000004,0.9766,0.33333322222225925,0.701,0.7499999062500118,0.984
Salesforce,03/20/2018 ,Rodney Nelson,0.0,0.0,0.9999996666667778,0.128,0.49999987500003124,0.969,0.7142856122449125,0.9709
Salesforce,03/20/2018 ,Rodney Nelson,0.0,0.4019,0.99999950000025,0.5423,0.9999998333333611,0.9614,0.9999998750000157,0.9707
Salesforce,02/28/2018 ,Rodney Nelson,0.0,-0.7034,0.49999987500003124,0.9419,0.99999980000004,0.9337,0.7777776913580343,0.9754
Salesforce,02/12/2018 ,Rodney Nelson,-0.9999990000010001,0.2023,-0.9999990000010001,0.7003,0.9999990000010001,0.4642,-0.33333322222225925,0.8566
Salesforce,12/04/2017 ,Rodney Nelson,0.9999990000010001,0.7964,0.99999950000025,0.9866,0.0,0.9716,0.4285713673469475,0.9909
Salesforce,11/21/2017 ,Rodney Nelson,0.9999990000010001,0.5859,0.9999997500000625,0.9822,0.4285713673469475,0.9482,0.6666666111111158,0.9938
Salesforce,11/07/2017 ,Rodney Nelson,-0.9999990000010001,0.2023,-0.9999990000010001,0.7003,0.9999990000010001,0.4642,-0.33333322222225925,0.8566
Salesforce,11/07/2017 ,Rodney Nelson,0.0,0.5106,0.0,0.9792,0.6666665555555741,0.95,0.4999999375000079,0.9931
Salesforce,08/22/2017 ,Rodney Nelson,0.0,0.0,0.9999990000010001,0.6249,0.9999997500000625,0.9393,0.99999980000004,0.9623
Salesforce,08/22/2017 ,Rodney Nelson,-0.9999990000010001,0.2023,-0.9999990000010001,0.7003,0.9999990000010001,0.4642,-0.33333322222225925,0.8566
Salesforce,05/18/2017 ,Rodney Nelson,0.0,0.0,0.99999950000025,0.9744,0.0,0.3182,0.49999987500003124,0.9793
Salesforce,03/01/2017 ,Rodney Nelson,-0.9999990000010001,0.2023,-0.9999990000010001,0.7003,0.9999990000010001,0.4642,-0.33333322222225925,0.8566
Salesforce,02/28/2017 ,Rodney Nelson,0.0,0.8316,0.9999996666667778,0.967,0.0,0.6369,0.9999996666667778,0.9869
Salesforce,05/12/2016 ,Rodney Nelson,-0.9999990000010001,0.2023,-0.9999990000010001,0.7003,0.9999990000010001,0.4642,-0.33333322222225925,0.8566
Salesforce,11/17/2016 ,Rodney Nelson,0.9999990000010001,0.6705,0.33333327777778704,0.8934,0.9999996666667778,0.8537,0.599999940000006,0.9513
Salesforce,11/09/2016 ,Rodney Nelson,-0.9999990000010001,0.0,0.199999960000008,0.926,0.0,0.9062,0.0,0.9896
Salesforce,05/12/2016 ,Rodney Nelson,-0.9999990000010001,0.2023,-0.9999990000010001,0.7003,0.9999990000010001,0.4642,-0.33333322222225925,0.8566
Salesforce,10/05/2016 ,Rodney Nelson,0.9999990000010001,0.7684,0.199999960000008,0.9432,-0.1428571224489825,0.9161,0.0,0.9902
Salesforce,10/04/2016 ,Rodney Nelson,0.0,0.4939,0.599999880000024,0.9696,0.4285713673469475,0.9217,0.4999999583333368,0.9915
Salesforce,08/31/2016 ,Rodney Nelson,0.0,0.6705,0.49999987500003124,0.9451,-0.9999990000010001,0.7906,0.199999960000008,0.9812
Salesforce,06/29/2016 ,Rodney Nelson,0.9999990000010001,0.6808,-0.9999990000010001,-0.4005,0.0,0.5859,-0.33333322222225925,0.6064
Lowes,11/20/2018 ,Jaime Katz,0.9999990000010001,0.7783,-0.599999880000024,0.8735,-0.9999996666667778,0.9207,-0.5555554938271674,0.9887
Lowes,08/24/2018 ,Jaime Katz,0.33333322222225925,0.3612,0.9999998571428775,0.9169,0.0,0.7134,0.5714285306122479,0.9654
Lowes,08/22/2018 ,Jaime Katz,0.0,0.296,0.0,0.7269,-0.9999990000010001,0.8519,0.0,0.9485
Lowes,05/29/2018 ,Jaime Katz,0.0,0.6369,0.9999998571428775,0.9169,0.0,0.7134,0.636363578512402,0.9663
Lowes,05/23/2018 ,Jaime Katz,0.0,0.5574,0.0,0.9501,0.199999960000008,0.8442,0.11111109876543349,0.969
Lowes,05/14/2018 ,Jaime Katz,0.0,-0.2263,0.9999998571428775,0.9169,0.0,0.7134,0.636363578512402,0.9785
Lowes,03/01/2018 ,Jaime Katz,0.0,0.3612,0.9999998571428775,0.9169,0.199999960000008,0.9361,0.6666666111111158,0.983
Lowes,02/28/2018 ,Jaime Katz,0.9999990000010001,0.7717,0.33333322222225925,0.9354,0.33333322222225925,0.9843,0.4285713673469475,0.993
Lowes,11/22/2017 ,Jaime Katz,0.9999990000010001,0.5423,0.9999998571428775,0.9169,0.199999960000008,0.9361,0.6923076390532585,0.9845
Lowes,11/21/2017 ,Jaime Katz,0.9999990000010001,0.4588,-0.9999996666667778,0.9623,0.599999880000024,0.9631,0.11111109876543349,0.9915
Lowes,08/24/2017 ,Jaime Katz,0.0,0.0,0.9999998571428775,0.9169,0.199999960000008,0.9361,0.6666666111111158,0.9911
Lowes,08/23/2017 ,Jaime Katz,0.9999990000010001,0.714,0.33333327777778704,0.3262,0.33333322222225925,0.9231,0.39999996000000404,0.9842
Lowes,05/25/2017 ,Jaime Katz,0.99999950000025,0.7906,0.9999998571428775,0.9169,0.199999960000008,0.9361,0.7142856632653098,0.9853
Lowes,05/24/2017 ,Jaime Katz,0.9999990000010001,0.6124,0.0,0.8248,0.9999990000010001,0.872,0.99999950000025,0.9764
Lowes,05/18/2017 ,Jaime Katz,0.0,0.0,0.0,0.6597,0.9999996666667778,0.961,0.9999996666667778,0.9688
Lowes,03/02/2017 ,Jaime Katz,0.0,0.872,0.9999998571428775,0.9169,0.199999960000008,0.9361,0.6666666111111158,0.9892
Lowes,03/01/2017 ,Jaime Katz,0.0,0.872,0.9999998333333611,0.9808,-0.9999996666667778,0.9287,0.33333329629630043,0.9856
Lowes,11/17/2016 ,Jaime Katz,-0.9999990000010001,-0.4404,0.9999998571428775,0.9169,0.199999960000008,0.9361,0.5384614970414233,0.9759
Lowes,11/16/2016 ,Jaime Katz,-0.9999990000010001,-0.4404,-0.49999987500003124,0.9601,-0.99999950000025,-0.7964,-0.7142856122449125,0.9022
Lowes,08/18/2016 ,Jaime Katz,0.0,0.4767,0.9999998571428775,0.9169,0.199999960000008,0.9517,0.6666666111111158,0.9833
Target,11/20/2018 ,Zain Akbari,0.99999950000025,-0.1779,0.49999987500003124,0.9026,0.0,0.946,0.4999999375000079,0.9793
Target,08/22/2018 ,Zain Akbari,0.9999990000010001,0.9274,-0.9999990000010001,0.926,0.24999996875000394,-0.7637,0.19999998000000202,0.965
Target,06/22/2018 ,Zain Akbari,-0.9999990000010001,0.4404,-0.33333322222225925,0.4764,0.33333322222225925,0.9325,-0.1428571224489825,0.9536
Target,06/01/2018 ,Erin Lash,-0.9999990000010001,0.0258,0.0,0.5719,0.0,0.0,-0.9999990000010001,0.5859
Target,04/06/2018 ,John Brick,0.99999950000025,0.4215,-0.9999990000010001,0.4588,0.33333322222225925,0.9325,0.33333327777778704,0.9565
Target,05/23/2018 ,John Brick,0.33333322222225925,0.9052,-0.33333322222225925,0.3544,0.99999980000004,0.981,0.4545454132231443,0.9949
Target,04/06/2018 ,John Brick,0.99999950000025,0.4215,-0.9999990000010001,0.4588,0.33333322222225925,0.9325,0.33333327777778704,0.9565
Target,2018-03-06 00:00:00,John Brick,0.0,0.4019,0.0,0.9418,0.199999960000008,0.9366,0.24999996875000394,0.9906
Target,11/27/2017 ,John Brick,0.99999950000025,0.4215,-0.9999990000010001,0.4588,0.33333322222225925,0.9325,0.33333327777778704,0.9565
Target,11/15/2017 ,John Brick,0.0,0.7684,0.99999950000025,0.9741,0.33333329629630043,0.802,0.4545454132231443,0.9938
Target,08/16/2017 ,John Brick,0.99999950000025,-0.1974,-0.9999990000010001,0.4588,0.33333322222225925,0.9325,0.33333327777778704,0.9453
Target,08/16/2017 ,John Brick,0.0,0.4019,0.0,0.9735,0.599999880000024,0.2144,0.4285713673469475,0.9792
Target,03/14/2017 ,John Brick,0.99999950000025,-0.1611,-0.9999990000010001,0.6249,0.33333322222225925,0.9325,0.33333327777778704,0.955
Target,07/13/2017 ,John Brick,0.0,0.3818,0.49999987500003124,0.4389,0.33333327777778704,0.6228,0.39999996000000404,0.4293
Target,06/16/2017 ,John Brick,-0.99999950000025,0.0258,-0.4999999583333368,-0.4131,-0.199999960000008,0.8534,-0.4444444197530878,0.933
Target,03/14/2017 ,John Brick,0.9999990000010001,0.1779,-0.9999990000010001,0.6249,0.33333322222225925,0.9325,0.199999960000008,0.9628
Target,05/17/2017 ,John Brick,0.0,0.0,-0.9999990000010001,0.9528,-0.33333322222225925,-0.128,-0.49999987500003124,0.9109
Target,03/14/2017 ,John Brick,0.0,0.296,-0.33333322222225925,0.836,0.99999950000025,0.8849,0.199999960000008,0.9659
Target,03/14/2017 ,John Brick,-0.9999990000010001,-0.5267,-0.9999990000010001,0.6249,0.33333322222225925,0.9325,-0.199999960000008,0.9403
Target,02/28/2017 ,John Brick,-0.9999990000010001,-0.2732,0.0,0.836,-0.99999950000025,-0.4019,-0.49999987500003124,0.3071
Target,11/29/2016 ,Erin Lash,0.0,0.34,0.0,0.765,0.9999990000010001,0.9371,0.199999960000008,0.9732
Target, 11/16/2016 ,Erin Lash,0.49999987500003124,0.843,0.7777776913580343,0.9847,-0.7142856122449125,-0.7353,0.1999999900000005,0.9764
Target,01/18/2017 ,Erin Lash,0.0,0.6908,-0.33333327777778704,0.9011,-0.9999996666667778,0.4215,-0.4999999375000079,0.946
Target,09/13/2016 ,Erin Lash,-0.9999990000010001,0.0258,0.0,0.765,0.9999990000010001,0.9371,0.0,0.9633
Target,08/17/2016 ,Erin Lash,-0.33333322222225925,0.3417,-0.33333322222225925,0.8225,-0.9999998571428775,-0.8685,-0.6923076390532585,0.0036
Facebook Inc A,11/02/2016 ,Ali Mogharabi,-0.9999990000010001,0.5719,0.9999990000010001,0.9118,0.0,0.9477,0.0,0.9859
Facebook Inc A,07/28/2016 ,Ali Mogharabi,0.99999950000025,0.0,0.99999980000004,0.9937,-0.33333322222225925,0.8591,0.599999940000006,0.9955
Facebook Inc A,11/09/2016 ,Ali Mogharabi,0.0,0.6124,0.0,0.765,0.9999996666667778,-0.0258,0.9999996666667778,0.8885
Facebook Inc A,2017-02-01 00:00:00,Ali Mogharabi,0.99999950000025,0.0,0.99999980000004,0.9937,-0.33333322222225925,0.8591,0.599999940000006,0.9955
Facebook Inc A, 05/04/2017 ,Ali Mogharabi,0.0,0.8126,0.9999997500000625,0.9729,0.9999996666667778,0.8852,0.9999998571428775,0.9711
Facebook Inc A,06/28/2017 ,Ali Mogharabi,0.0,0.0,0.9999990000010001,0.8225,0.99999980000004,0.9866,0.9999998333333611,0.9912
Facebook Inc A, 06/28/2017 ,Ali Mogharabi,0.99999950000025,0.0,0.99999980000004,0.9937,-0.33333322222225925,0.8591,0.599999940000006,0.9955
Facebook Inc A,2017-07-26 00:00:00,Ali Mogharabi,0.9999990000010001,0.8316,0.33333322222225925,0.9764,0.0,0.6249,0.49999987500003124,0.9877
Facebook Inc A,07/31/2017 ,Ali Mogharabi,0.99999950000025,0.0,0.99999980000004,0.9936,-0.33333322222225925,0.8591,0.599999940000006,0.9955
Facebook Inc A,2017-11-02 00:00:00,Ali Mogharabi,0.99999950000025,0.0,0.99999980000004,0.9936,-0.33333322222225925,0.8591,0.599999940000006,0.9955
Facebook Inc A,2017-11-02 00:00:00,Ali Mogharabi,0.0,0.0,0.4285713673469475,0.9806,-0.9999990000010001,0.7076,0.24999996875000394,0.984
Facebook Inc A,2018-02-01 00:00:00,Ali Mogharabi,0.99999950000025,0.0,0.99999980000004,0.9936,-0.33333322222225925,0.8591,0.599999940000006,0.9955
Facebook Inc A,2018-02-01 00:00:00,Ali Mogharabi,0.0,0.3751,0.99999950000025,0.9661,0.9999990000010001,0.9777,0.9999996666667778,0.9928
Facebook Inc A,2018-03-19 00:00:00,Ali Mogharabi,0.0,0.679,-0.9999997500000625,0.1655,-0.9999997500000625,-0.6124,-0.9999998750000157,-0.4249
Facebook Inc A, 03/26/2018 ,Ali Mogharabi,0.9999990000010001,0.4767,-0.24999996875000394,0.7364,0.99999950000025,0.9531,0.09090908264462885,0.9788
Facebook Inc A,2018-04-20 00:00:00,Ali Mogharabi,0.99999950000025,0.0,0.99999980000004,0.9936,-0.33333322222225925,0.8591,0.599999940000006,0.9955
Facebook Inc A,04/26/2018 ,Ali Mogharabi,0.0,0.1027,0.599999880000024,0.9799,-0.99999950000025,0.9584,0.11111109876543349,0.9943
Facebook Inc A,05/14/2018 ,Jim Sinegal,-0.9999990000010001,-0.3612,-0.9999990000010001,0.3612,-0.599999880000024,-0.8078,-0.7142856122449125,-0.8078
Facebook Inc A,2018-06-04 00:00:00,Ali Mogharabi,0.99999950000025,0.0,0.99999980000004,0.9936,-0.33333322222225925,0.8591,0.599999940000006,0.9955
Facebook Inc A,2018-07-26 00:00:00,Ali Mogharabi,0.99999950000025,0.0,0.99999980000004,0.9936,-0.33333322222225925,0.8591,0.599999940000006,0.9955
Facebook Inc A,2018-07-26 00:00:00,Ali Mogharabi,-0.9999990000010001,-0.6369,-0.1428571224489825,0.9711,-0.9999990000010001,0.8271,-0.33333329629630043,0.9864
Adobe Inc,2016-11-02 00:00:00,Rodney Nelson,0.0,0.5719,0.0,0.9403,0.599999880000024,0.9287,0.599999880000024,0.9862
Adobe Inc,11/09/2016 ,Rodney Nelson,-0.9999990000010001,0.0,0.199999960000008,0.926,0.0,0.9062,0.0,0.9896
Adobe Inc,11/10/2016 ,Rodney Nelson,0.9999990000010001,0.0,0.0,0.743,0.0,0.4019,0.199999960000008,0.8402
Adobe Inc,12/15/2016 ,Rodney Nelson,0.0,0.0,0.0,0.8072,0.9999990000010001,0.8126,0.33333322222225925,0.9607
Adobe Inc,12/16/2016 ,Rodney Nelson,0.9999990000010001,0.5859,0.599999880000024,0.9186,0.0,0.7579,0.4999999375000079,0.9729
Adobe Inc,2017-03-16 00:00:00,Rodney Nelson,0.9999990000010001,0.5859,0.599999880000024,0.9186,0.0,0.7579,0.4999999375000079,0.9729
Adobe Inc,03/16/2017 ,Rodney Nelson,-0.9999990000010001,-0.4215,0.6666665555555741,0.9682,0.99999950000025,0.7906,0.5555554938271674,0.9744
Adobe Inc, 03/21/2017 ,Rodney Nelson,0.0,0.0,0.199999960000008,0.9735,0.49999987500003124,0.93,0.33333329629630043,0.9876
Adobe Inc,2017-06-20 00:00:00,Rodney Nelson,0.9999990000010001,0.5859,0.599999880000024,0.9186,0.9999997500000625,0.9708,0.7999999200000081,0.9902
Adobe Inc,2017-06-20 00:00:00,Rodney Nelson,0.0,0.0,0.0,0.9501,0.599999880000024,0.6597,0.33333329629630043,0.969
Adobe Inc,09/19/2017 ,Rodney Nelson,0.9999990000010001,0.5859,0.599999880000024,0.9186,0.9999997500000625,0.9708,0.7999999200000081,0.9902
Adobe Inc,09/19/2017 ,Rodney Nelson,0.99999950000025,0.802,0.6666665555555741,0.9582,0.4285713673469475,0.6369,0.5999999600000027,0.9564
Adobe Inc,10/18/2017 ,Rodney Nelson,0.9999990000010001,0.6249,0.9999990000010001,0.9686,0.2727272479338866,0.9458,0.3846153550295881,0.9915
Adobe Inc,2017-12-14 00:00:00,Rodney Nelson,0.9999990000010001,0.5859,0.599999880000024,0.9186,0.9999997500000625,0.9708,0.7999999200000081,0.9902
Adobe Inc,12/14/2017 ,Rodney Nelson,0.9999990000010001,-0.5904,0.0,0.9741,0.99999950000025,0.743,0.599999880000024,0.978
Adobe Inc,01/22/2018 ,Rodney Nelson,0.9999990000010001,0.5859,0.599999880000024,0.9186,0.9999997500000625,0.9708,0.7999999200000081,0.9902
Adobe Inc,03/15/2018 ,Rodney Nelson,0.9999990000010001,0.8316,0.9999998333333611,0.9843,0.9999990000010001,0.3716,0.9999998750000157,0.9692
Adobe Inc,05/21/2018 ,Rodney Nelson,0.0,0.296,0.99999980000004,0.9836,0.0,0.8519,0.99999980000004,0.9696
Adobe Inc,2018-06-14 00:00:00,Rodney Nelson,-0.9999990000010001,0.6705,0.99999950000025,0.9403,0.0,0.2732,0.199999960000008,0.9607
Adobe Inc,06/22/2018 ,Ali Mogharabi,0.9999990000010001,0.5859,0.599999880000024,0.9186,0.9999997500000625,0.9708,0.7999999200000081,0.9902
Adobe Inc,09/14/2018 ,Ali Mogharabi,0.9999990000010001,0.5859,0.599999880000024,0.9186,0.9999997500000625,0.9708,0.7999999200000081,0.9902
Adobe Inc, 09/21/2018 ,Ali Mogharabi,0.0,0.0,0.99999950000025,0.9674,0.0,0.4019,0.99999950000025,0.9735
CVS Health Corp,2016-10-25 00:00:00,Vishnu Lekraj,0.9999990000010001,0.0,0.9999998333333611,0.9638,-0.09090908264462885,0.8958,0.3333333148148158,0.9801
CVS Health Corp,11/08/2016 ,Vishnu Lekraj,-0.9999990000010001,-0.4215,0.0,0.8522,0.33333322222225925,0.701,0.0,0.9065
CVS Health Corp,11/09/2016 ,Damien Conover,0.0,0.6542,0.49999987500003124,0.8319,-0.39999996000000404,0.9494,-0.14285713265306196,0.9927
CVS Health Corp,02/09/2017 ,Vishnu Lekraj,-0.9999990000010001,-0.4404,-0.33333322222225925,0.3818,-0.49999987500003124,0.6705,-0.4999999375000079,0.6369
CVS Health Corp,05/02/2017 ,Vishnu Lekraj,-0.9999990000010001,-0.6249,0.0,0.9001,0.599999880000024,0.9679,0.24999996875000394,0.9814
CVS Health Corp,05/04/2017 , Debbie Wang,0.0,0.6369,0.9999996666667778,0.9868,-0.9999996666667778,-0.4607,0.0,0.9468
CVS Health Corp, 06/22/2017 , Debbie Wang,0.9999990000010001,0.09,0.33333322222225925,0.8979,-0.33333327777778704,0.7778,0.0,0.9837
CVS Health Corp,2017-06-22 00:00:00,Vishnu Lekraj,0.9999990000010001,0.0,0.9999998333333611,0.9638,-0.09090908264462885,0.8958,0.3333333148148158,0.9801
CVS Health Corp,07/18/2017 ,Vishnu Lekraj,0.0,0.0,-0.49999987500003124,0.4215,0.99999950000025,0.8405,0.0,0.8958
CVS Health Corp,08/08/2017 ,Vishnu Lekraj,-0.9999990000010001,-0.6249,-0.33333327777778704,0.9187,0.33333329629630043,0.9485,0.0,0.9764
CVS Health Corp,10/11/2017 ,Vishnu Lekraj,0.9999990000010001,0.0,0.9999998333333611,0.9638,0.49999987500003124,0.7184,0.8181817438016598,0.9694
CVS Health Corp,10/13/2017 ,Vishnu Lekraj,0.0,-0.34,0.199999960000008,0.8555,-0.49999987500003124,0.7906,-0.11111109876543349,0.9325
CVS Health Corp,10/18/2017 ,Vishnu Lekraj,0.0,0.4767,0.0,0.9814,0.0,0.875,-0.09090908264462885,0.9925
CVS Health Corp, 10/27/2017 ,Vishnu Lekraj,0.9999990000010001,0.5574,-0.1428571224489825,0.9575,0.7142856122449125,0.9612,0.3333333111111126,0.9932
CVS Health Corp,11/06/2017 ,Vishnu Lekraj,0.0,0.0,0.99999980000004,0.9022,0.33333322222225925,0.765,0.7142856122449125,0.9565
CVS Health Corp,12/04/2017 ,Vishnu Lekraj,0.0,0.0,0.33333322222225925,0.8932,-0.33333327777778704,0.9444,-0.11111109876543349,0.9681
CVS Health Corp,2017-12-08 00:00:00,Vishnu Lekraj,0.9999990000010001,0.0,0.9999996666667778,0.8908,-0.49999987500003124,-0.4033,0.24999996875000394,0.8354
CVS Health Corp, 01/30/2018 ,Vishnu Lekraj,-0.9999990000010001,0.0,0.0,0.9733,0.49999987500003124,0.8481,0.07692307100591762,0.9818
CVS Health Corp,02/08/2018 ,Vishnu Lekraj,0.0,0.0,0.9999990000010001,0.34,0.33333322222225925,0.9325,0.49999987500003124,0.9468
CVS Health Corp,05/02/2018 ,Vishnu Lekraj,0.0,0.5994,0.7142856122449125,0.9354,0.9999997500000625,0.5994,0.8181817438016598,0.9678
CVS Health Corp,06/28/2018 ,Vishnu Lekraj,0.9999990000010001,0.0,-0.9999990000010001,0.836,0.33333329629630043,0.9505,0.2727272479338866,0.9674
CVS Health Corp, 06/29/2018,Vishnu Lekraj,0.9999990000010001,0.0,0.9999996666667778,0.9286,-0.49999987500003124,-0.4033,0.24999996875000394,0.8998
CVS Health Corp,08/08/2018 ,Vishnu Lekraj,-0.9999990000010001,0.5106,0.7777776913580343,0.9965,-0.6666665555555741,0.9287,0.12499999218750048,0.9981
Walgreens Boots Alliance Inc,10/24/2016 ,Vishnu Lekraj,0.0,0.0,0.33333327777778704,0.9117,-0.7142856122449125,0.1027,-0.23076921301775286,0.9441
Walgreens Boots Alliance Inc,10/26/2016 ,Vishnu Lekraj,0.9999990000010001,-0.2263,0.9999996666667778,0.624,0.9999998888889013,0.945,0.9999999230769291,0.9606
Walgreens Boots Alliance Inc,11/09/2016 ,Damien Conover,0.0,0.6542,0.49999987500003124,0.8319,-0.39999996000000404,0.9494,-0.14285713265306196,0.9927
Walgreens Boots Alliance Inc, 01/05/2017 ,Vishnu Lekraj,0.0,0.0,0.24999996875000394,0.9595,0.99999980000004,0.8703,0.5384614970414233,0.9818
Walgreens Boots Alliance Inc,04/19/2017 ,Vishnu Lekraj,0.0,0.0,0.9999998333333611,0.9187,0.0,0.9161,0.7499999062500118,0.9615
Walgreens Boots Alliance Inc,05/04/2017 ,Debbie Wang,0.0,0.6369,0.9999996666667778,0.9868,-0.9999996666667778,-0.4607,0.0,0.9468
Walgreens Boots Alliance Inc,06/22/2017 ,Debbie Wang,0.9999990000010001,0.09,0.33333322222225925,0.8979,-0.33333327777778704,0.7778,0.0,0.9837
Walgreens Boots Alliance Inc,2017-06-26 00:00:00,Vishnu Lekraj,0.9999990000010001,-0.2263,0.9999996666667778,0.624,0.9999998888889013,0.945,0.9999999230769291,0.9606
Walgreens Boots Alliance Inc,06/29/2017 ,Vishnu Lekraj,-0.9999990000010001,0.6369,0.199999960000008,0.0258,0.49999987500003124,0.8957,0.19999998000000202,0.9442
Walgreens Boots Alliance Inc,07/18/2017 ,Vishnu Lekraj,0.0,0.0,-0.49999987500003124,0.1045,0.99999950000025,0.886,0.0,0.8958
Walgreens Boots Alliance Inc, 08/30/2017 ,Vishnu Lekraj,0.9999990000010001,0.0,0.9999996666667778,0.624,0.99999990000001,0.9272,0.9999999285714337,0.9564
Walgreens Boots Alliance Inc,10/18/2017 ,Vishnu Lekraj,0.0,0.4767,0.0,0.9814,0.0,0.875,-0.09090908264462885,0.9925
Walgreens Boots Alliance Inc, 10/25/2017 ,Vishnu Lekraj,0.0,-0.3182,0.99999980000004,0.9493,0.99999950000025,0.8399,0.9999998571428775,0.9732
Walgreens Boots Alliance Inc,10/27/2017 ,Vishnu Lekraj,0.9999990000010001,0.5574,-0.1428571224489825,0.9575,0.7142856122449125,0.9612,0.3333333111111126,0.9932
Walgreens Boots Alliance Inc,12/12/2017 ,Vishnu Lekraj,0.9999990000010001,0.0,0.9999996666667778,0.624,0.99999990000001,0.9272,0.9999999285714337,0.9564
Walgreens Boots Alliance Inc,01/04/2018 ,Vishnu Lekraj,-0.9999990000010001,0.0,0.99999980000004,0.5994,0.9999990000010001,0.8625,0.9999998333333611,0.926
Walgreens Boots Alliance Inc,01/30/2018 ,Vishnu Lekraj,-0.9999990000010001,0.0,0.0,0.9733,0.49999987500003124,0.8481,0.07692307100591762,0.9818
Walgreens Boots Alliance Inc,02/13/2018 ,Vishnu Lekraj,0.0,0.0,0.6666665555555741,0.7884,0.99999950000025,0.823,0.7499999062500118,0.9715
Walgreens Boots Alliance Inc, 03/28/2018 ,Vishnu Lekraj,0.0,0.0,0.99999950000025,-0.836,-0.6666665555555741,0.7394,-0.24999996875000394,0.319
Walgreens Boots Alliance Inc,06/28/2018 ,Vishnu Lekraj,-0.9999990000010001,-0.128,0.0,0.7615,0.19999998000000202,0.9559,0.05263157617728546,0.9855
Walgreens Boots Alliance Inc,07/17/2018 ,Vishnu Lekraj,0.99999950000025,0.4404,0.599999880000024,0.8655,0.9999998750000157,0.9272,0.8666666088888928,0.978
Ross Stores Inc,05/11/2016 ,Bridget Weishaar,0.0,0.0,0.0,0.8957,-0.9999990000010001,0.886,-0.11111109876543349,0.969
Ross Stores Inc,05/20/2016 ,Bridget Weishaar,0.0,0.25,-0.33333322222225925,0.7506,0.0,0.5147,-0.199999960000008,0.9067
Ross Stores Inc, 04/05/2016 ,Bridget Weishaar,0.0,0.5106,-0.199999960000008,0.8865,0.9999990000010001,0.7003,0.0,0.9613
Ross Stores Inc,08/18/2016 ,Bridget Weishaar,0.0,0.8271,0.9999990000010001,0.9702,0.99999950000025,0.9595,0.9999996666667778,0.993
Ross Stores Inc,2016-08-22 00:00:00,Bridget Weishaar,0.9999990000010001,0.743,-0.199999960000008,0.8865,0.9999990000010001,0.7003,0.1428571224489825,0.9703
Ross Stores Inc,11/17/2016 ,Bridget Weishaar,-0.9999990000010001,0.6059,0.7999999200000081,0.9834,0.33333322222225925,0.9119,0.6923076390532585,0.9967
Ross Stores Inc,11/22/2016 ,Bridget Weishaar,0.0,0.8503,-0.199999960000008,0.8865,0.9999990000010001,0.7003,0.0,0.9756
Ross Stores Inc,02/28/2017 ,Bridget Weishaar,0.9999990000010001,0.6908,-0.199999960000008,0.7184,0.99999950000025,0.9441,0.24999996875000394,0.9794
Ross Stores Inc,04/10/2017 ,Bridget Weishaar,0.0,0.6597,-0.199999960000008,0.8865,0.9999990000010001,0.7269,0.0,0.9644
Ross Stores Inc,05/18/2017 ,Bridget Weishaar,0.9999990000010001,0.6499,0.199999960000008,0.9382,0.0,0.7479,0.19999998000000202,0.9728
Ross Stores Inc,2017-07-17 00:00:00,Bridget Weishaar,0.9999990000010001,0.7096,-0.199999960000008,0.8865,0.9999990000010001,0.7003,0.1428571224489825,0.9687
Ross Stores Inc, 08/17/2017 ,Bridget Weishaar,0.9999990000010001,0.8481,0.0,0.9612,0.0,0.9136,0.33333322222225925,0.9908
Ross Stores Inc,11/16/2017 ,Bridget Weishaar,0.99999950000025,0.2528,-0.33333322222225925,0.9565,0.99999950000025,0.7839,0.4285713673469475,0.9286
Ross Stores Inc,01/03/2018 ,Bridget Weishaar,0.9999990000010001,0.4939,-0.199999960000008,0.8865,0.9999990000010001,0.7003,0.1428571224489825,0.9608
Ross Stores Inc,03/06/2018 ,Bridget Weishaar,-0.9999990000010001,-0.1613,0.49999987500003124,0.9783,0.0,0.959,0.33333327777778704,0.9922
Ross Stores Inc,04/25/2018 ,Bridget Weishaar,0.0,0.5267,-0.199999960000008,0.8865,0.9999990000010001,0.7003,0.0,0.9518
Ross Stores Inc,05/24/2018 ,Zain Akbari,0.0,0.3637,0.9999990000010001,0.9531,0.0,0.945,0.1428571224489825,0.9946
Ross Stores Inc,07/30/2018 ,Zain Akbari,0.9999990000010001,0.3818,-0.199999960000008,0.8865,0.9999990000010001,0.7003,0.1428571224489825,0.9573
Ross Stores Inc, 08/23/2018 ,Zain Akbari,0.0,0.5106,0.6666665555555741,0.9538,-0.7499999062500118,0.8011,-0.14285713265306196,0.9814
Alphabet,2018-10-25 00:00:00,Ali Mogharabi,0.0,0.6652,0.33333322222225925,0.7845,0.33333322222225925,0.7845,0.33333327777778704,0.978
Alphabet,2018-07-23 00:00:00,Ali Mogharabi,0.0,0.5106,-0.9999990000010001,0.9638,0.49999987500003124,0.6705,0.199999960000008,0.979
Alphabet,2018-02-02 00:00:00,Investment Thesis,0.0,0.3818,0.9999997500000625,0.891,0.9999996666667778,0.9829,0.9999998571428775,0.9948
Alphabet,2018-04-23 00:00:00,Ali Mogharabi,-0.9999990000010001,0.7783,0.49999987500003124,0.8934,0.0,0.7089,0.199999960000008,0.9779
Alphabet,2018-02-02 00:00:00,Ali Mogharabi,0.0,0.7845,0.9999996666667778,0.8689,0.99999950000025,0.9566,0.99999980000004,0.9855
Alphabet,2017-10-26 00:00:00,Ali Mogharabi,0.0,0.8126,0.6666665555555741,0.9853,0.0,0.8779,0.4999999375000079,0.9938
Alphabet,2017-09-27 00:00:00,Ali Mogharabi,0.0,0.3818,0.9999997500000625,0.891,0.99999950000025,0.8979,0.9999998333333611,0.9815
Alphabet,2017-10-04 00:00:00,Ali Mogharabi,0.0,0.0,0.99999950000025,0.835,0.9999990000010001,0.836,0.9999996666667778,0.95
Alphabet,2017-09-27 00:00:00,Ali Mogharabi,0.9999990000010001,0.4019,0.99999950000025,0.9686,0.0,0.9724,0.599999880000024,0.9871
Alphabet,2017-09-21 00:00:00,Ali Mogharabi,0.0,0.4215,0.9999990000010001,-0.0498,0.99999950000025,0.9062,0.9999996666667778,0.9023
Alphabet,2017-07-24 00:00:00,Ali Mogharabi,0.0,0.6249,-0.33333322222225925,0.9451,-0.33333322222225925,0.8176,-0.33333327777778704,0.9774
Alphabet,2017-06-28 00:00:00,Ali Mogharabi,0.0,-0.0772,-0.33333327777778704,0.8779,0.99999980000004,0.9686,0.2727272479338866,0.9861
Alphabet,2017-05-18 00:00:00,Ali Mogharabi,-0.9999990000010001,0.4767,0.7777776913580343,0.9887,0.9999996666667778,0.8505,0.6923076390532585,0.9932
Alphabet,2017-04-28 00:00:00,Ali Mogharabi,0.0,0.6249,0.0,0.8957,0.9999990000010001,0.9501,0.9999990000010001,0.9831
Alphabet,2016-05-17 00:00:00,Ali Mogharabi,0.0,0.3818,0.9999997500000625,0.8807,0.99999950000025,0.8979,0.9999998333333611,0.9807
Alphabet,2017-01-26 00:00:00,Ali Mogharabi,0.0,-0.186,0.0,0.8338,0.0,0.9245,0.0,0.9791
Alphabet,2016-11-09 00:00:00,Ali Mogharabi,0.0,0.6124,0.0,0.765,0.9999996666667778,-0.0258,0.9999996666667778,0.8885
Alphabet,2016-05-17 00:00:00,Ali Mogharabi,0.0,0.3818,0.9999997500000625,0.8807,0.99999950000025,0.8979,0.9999998333333611,0.9807
Alphabet,2016-10-27 00:00:00,Ali Mogharabi,0.0,0.875,0.0,0.7906,0.0,0.9612,0.0,0.9868
Alphabet,2016-10-04 00:00:00,Ali Mogharabi,0.0,0.0,0.0,0.9414,-0.9999990000010001,-0.1226,-0.9999990000010001,0.9363
Intel,2018-10-25 00:00:00,Abhinav Davuluri,0.9999990000010001,0.6705,-0.33333329629630043,0.9423,0.33333322222225925,0.9792,-0.07692307100591762,0.9932
Intel,2018-09-28 00:00:00,Abhinav Davuluri,-0.99999950000025,0.2144,0.0,0.969,-0.9999996666667778,-0.0516,-0.2857142653061239,0.9865
Intel,2018-08-08 00:00:00,Abhinav Davuluri,0.9999990000010001,0.7579,0.9999996666667778,0.9393,0.0,0.9392,0.3333333055555579,0.9888
Intel,2018-07-27 00:00:00,Abhinav Davuluri,0.0,0.0,0.599999880000024,0.9723,-0.1428571224489825,0.9404,0.16666665277777895,0.9897
Intel,2018-06-21 00:00:00,Abhinav Davuluri,0.0,-0.4449,-0.33333322222225925,-0.6486,0.0,0.0,-0.199999960000008,-0.8033
Intel,2018-05-07 00:00:00,Abhinav Davuluri,0.9999990000010001,0.8519,0.0,0.9912,0.4285713673469475,0.981,0.23076921301775286,0.9973
Intel,2018-04-26 00:00:00,Abhinav Davuluri,0.0,0.3818,-0.2727272479338866,0.967,0.9999990000010001,0.8957,-0.16666665277777895,0.9873
Intel,2018-04-17 00:00:00,Abhinav Davuluri,0.0,0.3182,0.5555554938271674,0.9828,0.33333322222225925,0.9196,0.4999999583333368,0.9923
Intel,2018-04-02 00:00:00,Abhinav Davuluri,0.9999990000010001,0.296,-0.199999960000008,0.9011,-0.9999990000010001,0.4588,-0.1428571224489825,0.9489
Intel,2018-01-26 00:00:00,Abhinav Davuluri,0.9999990000010001,0.7845,0.33333327777778704,0.9758,-0.9999996666667778,0.891,0.0,0.9917
Intel,2018-01-25 00:00:00,Investment Thesis ,0.9999990000010001,0.7845,0.9999996666667778,0.796,-0.9999990000010001,0.8885,0.599999880000024,0.9764
Intel,2018-01-15 00:00:00,Abhinav Davuluri,0.9999990000010001,0.3818,0.0,0.836,-0.9999996666667778,0.8934,-0.33333327777778704,0.969
Intel,2018-01-03 00:00:00,Abhinav Davuluri,-0.9999990000010001,0.2263,-0.8666666088888928,-0.6249,-0.7142856122449125,0.946,-0.8260869206049165,0.9203
Intel,2018-01-03 00:00:00,Abhinav Davuluri,-0.9999996666667778,0.0516,-0.7142856122449125,0.4391,-0.33333327777778704,0.8462,-0.6249999609375024,0.8806
Intel,2017-11-06 00:00:00,Abhinav Davuluri,0.9999990000010001,-0.7717,-0.9999990000010001,0.2732,-0.49999987500003124,0.9493,-0.33333327777778704,0.9313
Intel,2017-11-02 00:00:00,Michael Wong,0.0,0.3612,-0.9999990000010001,0.9201,0.49999987500003124,0.8519,0.199999960000008,0.9805
Intel,2017-10-27 00:00:00,Abhinav Davuluri,0.0,0.3818,0.49999987500003124,0.9442,0.9999997500000625,0.9552,0.599999940000006,0.9884
Intel,2017-10-27 00:00:00,Investment Thesis ,0.0,0.3818,0.9999996666667778,0.796,-0.9999990000010001,0.8885,0.33333327777778704,0.9647
Intel,2017-09-27 00:00:00,Michael Wong,0.0,0.6249,0.9999990000010001,0.8955,0.0,0.7351,0.33333322222225925,0.9686
Intel,2017-07-28 00:00:00,Abhinav Davuluri,0.0,0.5859,0.6666665555555741,0.9592,0.4999999375000079,0.9231,0.5714285306122479,0.9896
Intel,2017-07-28 00:00:00,Investment Thesis ,0.0,0.8176,0.9999996666667778,0.796,0.33333322222225925,0.8885,0.6666665555555741,0.9747
Intel,2017-01-26 00:00:00,Investment Thesis ,-0.99999950000025,0.4628,0.9999996666667778,0.796,0.33333322222225925,0.8591,0.24999996875000394,0.9618
Intel,2017-04-27 00:00:00,Abhinav Davuluri,-0.99999950000025,0.4628,0.9999990000010001,0.8481,-0.33333322222225925,0.9559,-0.199999960000008,0.9831
Intel,2017-04-26 00:00:00,Michael Wong,0.9999990000010001,0.7351,-0.99999950000025,0.7876,-0.9999990000010001,0.7184,-0.9999996666667778,0.962
Intel,2017-04-07 00:00:00,Michael Wong,0.0,0.0,0.0,0.7184,-0.9999998333333611,0.7964,-0.7499999062500118,0.8481
Intel,2017-03-28 00:00:00,Abhinav Davuluri,0.0,-0.296,-0.07692307100591762,0.962,0.5555554938271674,0.8779,0.18181817355371938,0.9809
Intel,2017-03-13 00:00:00,Abhinav Davuluri,0.0,-0.296,0.49999987500003124,0.6705,0.49999987500003124,0.9509,0.4999999375000079,0.9648
Intel,2017-02-10 00:00:00,Abhinav Davuluri,-0.9999990000010001,0.3612,0.9999996666667778,0.8555,0.9999997500000625,0.9694,0.7499999062500118,0.9863
Intel,2017-01-26 00:00:00,Abhinav Davuluri,0.0,0.4404,0.24999996875000394,0.98,0.49999987500003124,0.8402,0.3333333055555579,0.9899
Intel,2017-01-08 00:00:00,Abhinav Davuluri,0.9999990000010001,0.6124,0.49999987500003124,0.3182,0.6666665555555741,0.9468,0.599999940000006,0.9796
Intel,2016-10-18 00:00:00,Abhinav Davuluri,-0.99999950000025,0.5106,-0.99999980000004,0.9437,0.99999980000004,0.9349,-0.16666665277777895,0.988
Intel,2016-06-02 00:00:00,Investment Thesis ,-0.99999950000025,0.5106,0.9999996666667778,0.796,0.33333322222225925,0.8591,0.24999996875000394,0.9633
The Home Depot Inc,2018-11-13 00:00:00,Jaime Katz,0.0,0.6249,0.33333327777778704,0.9531,-0.33333322222225925,0.9686,0.0,0.9927
The Home Depot Inc,2018-08-16 00:00:00,Investment Thesis ,0.0,0.6249,0.9999998333333611,0.9769,0.636363578512402,0.9771,0.7647058373702448,0.9945
The Home Depot Inc,2018-08-14 00:00:00,Jaime Katz,0.0,0.8689,0.0,0.9702,0.9999990000010001,0.9432,0.199999960000008,0.9921
The Home Depot Inc,2018-05-15 00:00:00,Jaime Katz,-0.99999950000025,0.5499,0.0,0.9652,0.199999960000008,0.7425,0.0,0.992
The Home Depot Inc,2018-02-20 00:00:00,Jaime Katz,0.0,0.8573,0.9999998888889013,0.9382,0.33333322222225925,0.9524,0.8333332638888947,0.995
The Home Depot Inc,2017-11-14 00:00:00,Jaime Katz,0.9999990000010001,0.2528,0.0,0.4215,0.33333327777778704,0.991,0.2727272479338866,0.9913
The Home Depot Inc,2017-11-02 00:00:00,Michael Wong,0.0,0.3612,-0.9999990000010001,0.9201,0.49999987500003124,0.8519,0.199999960000008,0.9805
The Home Depot Inc,2017-09-27 00:00:00,Michael Wong,0.0,0.6249,0.9999990000010001,0.8955,0.0,0.7351,0.33333322222225925,0.9686
The Home Depot Inc,2017-08-16 00:00:00,Charles Gross,0.0,-0.681,-0.33333322222225925,0.0222,0.9999996666667778,0.25,0.24999996875000394,-0.5448
The Home Depot Inc,2017-08-15 00:00:00,Jaime Katz,0.0,0.7783,0.9999996666667778,0.9818,0.599999880000024,0.8658,0.7499999062500118,0.9915
The Home Depot Inc,2017-06-19 00:00:00,Charles Gross,0.9999990000010001,0.0,0.4999999375000079,0.936,0.0,0.0,0.5555554938271674,0.936
The Home Depot Inc,2017-05-16 00:00:00,Investment Thesis ,0.9999990000010001,0.4404,0.9999998571428775,0.9709,0.7999999200000081,0.9785,0.8888888395061756,0.9943
The Home Depot Inc,2017-05-16 00:00:00,Jaime Katz,0.9999990000010001,0.6249,0.49999987500003124,0.9325,0.99999950000025,0.9118,0.7142856122449125,0.9814
The Home Depot Inc,2017-04-26 00:00:00,Michael Wong,0.9999990000010001,0.7351,0.0,0.6956,-0.9999996666667778,0.7783,-0.9999996666667778,0.962
The Home Depot Inc,2017-04-07 00:00:00,Michael Wong,0.0,0.0,0.0,0.7184,-0.9999998333333611,0.7964,-0.7499999062500118,0.8481
The Home Depot Inc,2017-02-21 00:00:00,Jaime Katz,0.0,0.8402,0.33333322222225925,0.7906,0.9999990000010001,0.9571,0.49999987500003124,0.9837
The Home Depot Inc,2016-11-15 00:00:00,Investment Thesis ,0.99999950000025,0.0,0.9999998571428775,0.9761,0.7999999200000081,0.9785,0.8947367950138528,0.9942
The Home Depot Inc,2016-11-15 00:00:00,Jaime Katz,0.0,0.765,-0.42857139795918586,0.9925,-0.9999990000010001,0.8779,-0.5714285306122479,0.9954
Costco Wholesale Corp,2018-08-22 00:00:00,Zain Akbari,0.9999990000010001,0.899,-0.9999990000010001,0.926,0.24999996875000394,-0.7637,0.19999998000000202,0.9679
Costco Wholesale Corp,2018-06-22 00:00:00,Investment Thesis ,0.99999950000025,0.5994,0.0,0.7717,0.33333327777778704,0.886,0.39999996000000404,0.9652
Costco Wholesale Corp,2018-06-01 00:00:00,Erin Lash,-0.9999990000010001,0.0258,0.0,0.5719,0.0,0.0,-0.9999990000010001,0.5859
Costco Wholesale Corp,2018-05-31 00:00:00,Zain Akbari,0.9999990000010001,0.7964,0.599999880000024,0.9826,0.0,0.9531,0.6666665555555741,0.994
Costco Wholesale Corp,2018-06-27 00:00:00,Investment Thesis ,0.9999990000010001,0.1779,0.199999960000008,0.7579,0.33333327777778704,0.7351,0.3333333055555579,0.8979
Costco Wholesale Corp,2018-03-08 00:00:00,Zain Akbari,0.9999990000010001,0.8641,0.99999950000025,0.9577,0.0,0.8225,0.4285713673469475,0.9904
Costco Wholesale Corp,2017-12-15 00:00:00,Zain Akbari,0.0,0.0,0.99999950000025,0.9682,-0.1428571224489825,0.5583,0.11111109876543349,0.9869
Costco Wholesale Corp,2017-10-06 00:00:00,Zain Akbari,0.0,0.7506,0.0,0.9787,0.9999990000010001,0.661,0.33333322222225925,0.9937
Costco Wholesale Corp,2017-06-16 00:00:00,John Brick,-0.99999950000025,0.0258,-0.4999999583333368,-0.4131,-0.199999960000008,0.8534,-0.4444444197530878,0.933
Costco Wholesale Corp,2017-03-15 00:00:00,Investment Thesis,0.0,0.1779,0.199999960000008,0.7579,0.33333327777778704,0.7351,0.19999998000000202,0.8807
Costco Wholesale Corp,2017-05-26 00:00:00,John Brick,0.0,0.659,0.0,0.9552,0.49999987500003124,0.9163,0.49999987500003124,0.9856
Costco Wholesale Corp,2017-03-15 00:00:00,John Brick,-0.9999990000010001,0.296,0.4285713673469475,0.8591,0.99999950000025,0.968,0.5555554938271674,0.9912
Costco Wholesale Corp,2017-03-02 00:00:00,Zain Akbari,-0.9999990000010001,0.8992,0.0,0.9403,0.11111109876543349,0.9349,-0.07692307100591762,0.9942
Costco Wholesale Corp,2016-12-09 00:00:00,Investment Thesis ,0.99999950000025,0.8176,0.33333322222225925,0.5423,0.99999950000025,0.4404,0.7142856122449125,0.9313
Costco Wholesale Corp,2016-12-07 00:00:00,Zain Akbari,0.0,0.8577,-0.33333322222225925,0.8082,0.4999999375000079,0.9834,0.2727272479338866,0.9959
TJX Companies Inc,2018-11-20 00:00:00,Zain Akbari,0.0,0.7876,0.199999960000008,0.912,-0.9999990000010001,0.5905,0.0,0.985
TJX Companies Inc,2018-08-21 00:00:00,Zain Akbari,0.9999990000010001,0.6486,0.6666665555555741,0.9632,0.0,0.9217,0.4545454132231443,0.9894
TJX Companies Inc,2018-05-22 00:00:00,Zain Akbari,0.0,0.2023,0.99999950000025,0.9647,-0.6666665555555741,-0.0202,-0.24999996875000394,0.9679
TJX Companies Inc,2018-02-28 00:00:00,Bridget Weishaar,0.9999990000010001,0.4215,0.0,0.8568,0.9999998333333611,0.9875,0.9999998571428775,0.993
TJX Companies Inc,2018-01-02 00:00:00,Investment Thesis ,0.0,0.8442,0.49999987500003124,0.9501,0.99999950000025,0.9678,0.6666665555555741,0.9931
TJX Companies Inc,2017-11-14 00:00:00,Bridget Weishaar,0.0,0.5574,0.0,0.9298,-0.99999980000004,-0.3008,-0.7142856122449125,0.9428
TJX Companies Inc,2017-08-15 00:00:00,Bridget Weishaar,0.0,0.7964,0.0,0.9186,0.9999997500000625,0.9709,0.3333333055555579,0.9917
TJX Companies Inc,2017-05-16 00:00:00,Bridget Weishaar,0.0,0.5508,-0.199999960000008,0.9799,0.99999950000025,0.9517,0.1428571224489825,0.9967
TJX Companies Inc,2017-03-16 00:00:00,Investment Thesis ,0.0,0.7906,0.49999987500003124,0.9501,0.99999950000025,0.9678,0.6666665555555741,0.9926
TJX Companies Inc, 02/22/2017,Bridget Weishaar,-0.9999990000010001,0.7579,0.9999990000010001,0.9812,0.99999950000025,0.9371,0.49999987500003124,0.9931
TJX Companies Inc,2016-11-15 00:00:00,Bridget Weishaar,0.0,0.8271,0.0,0.9702,-0.199999960000008,0.9423,-0.1428571224489825,0.9908
TJX Companies Inc,2016-08-17 00:00:00,Investment Thesis ,0.9999990000010001,0.6597,0.49999987500003124,0.9501,0.99999950000025,0.9678,0.7142856122449125,0.9954
TJX Companies Inc,2016-08-16 00:00:00,Bridget Weishaar,0.33333322222225925,0.296,0.9999990000010001,0.9493,-0.9999990000010001,0.9136,0.49999987500003124,0.9843
Amazon,2016-07-29 00:00:00,R.J. Hottovy,0.0,0.0,-0.6666665555555741,0.7849,-0.4999999375000079,-0.2695,-0.5714285306122479,0.5302
Amazon,2016-10-28 00:00:00,R.J. Hottovy,0.0,0.5719,0.9999990000010001,0.9273,0.0,0.9604,0.199999960000008,0.9797
Amazon,2016-12-06 00:00:00,R.J. Hottovy,-0.9999990000010001,-0.1531,0.0,0.5789,0.9999998888889013,0.9661,0.7999999200000081,0.9867
Amazon,2016-12-27 00:00:00,R.J. Hottovy,0.0,0.5267,0.99999950000025,0.9423,0.7142856122449125,0.9701,0.7777776913580343,0.9911
Amazon,2017-02-03 00:00:00,R.J. Hottovy,0.0,0.0516,-0.33333322222225925,0.9559,0.599999880000024,0.9648,0.24999996875000394,0.9899
Amazon,2017-04-28 00:00:00,R.J. Hottovy,-0.9999990000010001,0.9062,0.0,0.8934,0.99999950000025,0.9686,0.11111109876543349,0.9959
Amazon,2017-05-02 00:00:00,R.J. Hottovy,0.0,0.0,-0.6666665555555741,0.93,-0.4999999375000079,-0.2695,-0.5714285306122479,0.8838
Amazon,2017-06-16 00:00:00,Erin Lash,0.9999990000010001,0.8442,0.49999987500003124,0.9877,0.199999960000008,0.9511,0.39999996000000404,0.9955
Amazon,2017-06-19 00:00:00,R.J. Hottovy,0.0,0.0,-0.1428571224489825,0.9687,-0.4999999375000079,-0.2695,-0.3333333111111126,0.956
Amazon,2017-06-19 00:00:00,R.J. Hottovy,-0.9999990000010001,0.1779,0.99999950000025,0.7158,0.9999997500000625,0.9169,0.7142856122449125,0.9808
Amazon,2017-06-29 00:00:00,R.J. Hottovy,-0.9999990000010001,-0.3182,0.0,0.6815,0.33333322222225925,0.9259,0.0,0.9397
Amazon,2017-07-26 00:00:00,Zain Akbari,0.0,-0.128,-0.9999990000010001,0.7564,-0.9999990000010001,0.4404,-0.99999950000025,0.835
Amazon,2017-07-28 00:00:00,R.J. Hottovy,0.0,0.09,0.0,0.886,0.9999990000010001,0.8689,0.0,0.9844
Amazon,2017-10-30 00:00:00,R.J. Hottovy,0.0,0.0,-0.1428571224489825,0.9687,-0.4999999375000079,-0.2695,-0.3333333111111126,0.956
Amazon,2018-01-30 00:00:00,R.J. Hottovy,0.0,0.1779,0.0,0.2391,0.199999960000008,0.9524,0.11111109876543349,0.9813
Amazon,2018-02-02 00:00:00,R.J. Hottovy,0.0,0.1779,-0.1428571224489825,0.9687,-0.4999999375000079,-0.4912,-0.3333333111111126,0.9533
Amazon,2018-02-02 00:00:00,R.J. Hottovy,0.0,0.1779,0.49999987500003124,0.9719,0.33333322222225925,0.9741,0.4285713673469475,0.9957
Amazon,2018-04-06 00:00:00,R.J. Hottovy,0.9999990000010001,0.2732,0.49999987500003124,0.4215,-0.6666666111111158,0.4364,-0.2941176297577865,0.7111
Amazon,2018-04-27 00:00:00,R.J. Hottovy,0.0,0.1779,-0.1428571224489825,0.9687,-0.4999999375000079,-0.4912,-0.3333333111111126,0.9533
Amazon,2018-04-27 00:00:00,R.J. Hottovy,0.0,0.0,0.99999950000025,0.6697,0.9999990000010001,0.8687,0.9999996666667778,0.9359
Amazon,2018-06-28 00:00:00,R.J. Hottovy,0.0,0.0,0.9999997500000625,0.9493,0.33333322222225925,0.8934,0.7142856122449125,0.9806
Amazon,2018-07-27 00:00:00,R.J. Hottovy,0.0,0.4588,-0.9999990000010001,0.714,0.99999980000004,0.9186,0.6666665555555741,0.968
Amazon,2018-07-30 00:00:00,R.J. Hottovy,0.0,0.1779,0.0,0.959,-0.4999999375000079,-0.4912,-0.24999998437500096,0.9351
Amazon,2018-09-21 00:00:00,Joe Gemino,0.99999950000025,0.4215,0.33333322222225925,0.5153,0.4999999375000079,0.8975,0.4999999583333368,0.9446
Amazon,2018-10-26 00:00:00,R.J. Hottovy,0.0,0.899,0.33333322222225925,0.872,0.99999950000025,0.9477,0.4285713673469475,0.9944
Amazon,2018-10-29 00:00:00,R.J. Hottovy,0.0,0.1779,0.0,0.959,-0.4999999375000079,-0.4912,-0.24999998437500096,0.9351
Apple,2016-08-30 00:00:00,"Brian Colello, CPA",0.0,-0.2732,-0.199999960000008,0.8608,-0.9999996666667778,-0.0772,-0.4999999375000079,0.8201
Apple,2016-09-07 00:00:00,"Brian Colello, CPA",0.9999990000010001,0.1531,0.9999996666667778,0.964,0.7142856122449125,0.8176,0.8181817438016598,0.9829
Apple,2016-10-25 00:00:00,"Brian Colello, CPA",-0.9999990000010001,-0.1531,0.9999996666667778,0.9382,-0.99999950000025,-0.4173,0.0,0.9081
Apple,2016-10-27 00:00:00,"Brian Colello, CPA",0.9999990000010001,0.4215,0.99999950000025,0.6361,-0.99999980000004,0.0,-0.24999996875000394,0.7902
Apple,2016-10-27 00:00:00,"Brian Colello, CPA",0.9999990000010001,0.3818,0.199999960000008,0.9246,0.99999950000025,0.9702,0.4999999375000079,0.9895
Apple,2017-01-22 00:00:00,Abhinav Davuluri,0.0,-0.3818,-0.6666665555555741,0.8442,-0.33333322222225925,0.743,-0.5555554938271674,0.9153
Apple,2017-01-31 00:00:00,"Brian Colello, CPA",0.9999990000010001,0.6124,0.99999980000004,0.9832,0.49999987500003124,0.9042,0.7999999200000081,0.9928
Apple,2017-03-21 00:00:00,"Brian Colello, CPA",0.0,0.0,-0.99999950000025,0.6115,-0.9999997500000625,0.8689,-0.9999998333333611,0.8591
Apple,2017-05-02 00:00:00,"Brian Colello, CPA",0.0,0.1531,0.9999990000010001,0.9744,0.33333322222225925,0.9765,0.49999987500003124,0.9879
Apple,2017-06-05 00:00:00,"Brian Colello, CPA",0.0,0.0,0.4285713673469475,0.8883,-0.99999950000025,0.1779,0.11111109876543349,0.9324
Apple,2017-08-02 00:00:00,"Brian Colello, CPA",0.0,0.5106,-0.24999996875000394,0.8674,0.0,0.3818,-0.24999996875000394,0.936
Apple,2017-09-12 00:00:00,"Brian Colello, CPA",-0.9999990000010001,0.0,0.7777776913580343,0.9367,-0.199999960000008,0.6904,0.3333333111111126,0.9657
Apple,2017-11-03 00:00:00,"Brian Colello, CPA",0.0,-0.7034,0.11111109876543349,0.9573,0.0,0.3818,0.11111109876543349,0.9392
Apple,2018-01-30 00:00:00,"Brian Colello, CPA",0.0,0.0,-0.7142856122449125,0.7885,0.0,0.2716,-0.7142856122449125,0.8426
Apple,2018-02-02 00:00:00,"Brian Colello, CPA",0.0,0.0,-0.7142856122449125,0.9719,0.0,0.7184,-0.7142856122449125,0.9817
Apple,2018-05-01 00:00:00,"Brian Colello, CPA",0.0,0.6249,0.49999987500003124,0.9632,0.599999880000024,0.9661,0.5555554938271674,0.9933
Apple,2018-06-08 00:00:00,"Brian Colello, CPA",0.0,-0.0423,-0.9999996666667778,0.8807,0.0,0.9337,-0.9999996666667778,0.9754
Apple,2018-07-02 00:00:00,Abhinav Davuluri,0.9999996666667778,0.8176,0.3333333055555579,0.9921,0.33333322222225925,0.9524,0.4117646816609011,0.9964
Apple,2018-07-02 00:00:00,Abhinav Davuluri,0.9999996666667778,0.8176,0.599999880000024,0.7163,0.99999950000025,0.9702,0.7999999200000081,0.987
Apple,2018-07-31 00:00:00,Abhinav Davuluri,0.9999990000010001,0.4389,0.599999880000024,0.9686,0.9999997500000625,0.9313,0.7999999200000081,0.9898
Apple,2018-09-12 00:00:00,Abhinav Davuluri,0.0,0.0,0.0,0.3182,0.0,0.9612,0.0,0.9645
Apple,2018-11-01 00:00:00,Abhinav Davuluri,-0.9999990000010001,-0.3182,0.24999996875000394,0.9789,-0.33333322222225925,0.9571,0.0,0.9881
IBM,2016-07-19 00:00:00,Andrew Lange,-0.99999950000025,-0.1513,-0.599999880000024,0.8519,0.33333327777778704,0.9062,-0.23076921301775286,0.9638
IBM,2016-09-09 00:00:00,Andrew Lange,0.0,-0.0258,-0.1428571224489825,0.872,-0.99999950000025,0.1877,-0.33333329629630043,0.8992
IBM,2017-01-20 00:00:00,Andrew Lange,-0.9999990000010001,0.5859,-0.99999980000004,0.9709,0.9999990000010001,0.6249,-0.7142856122449125,0.9843
IBM,2017-04-07 00:00:00,Michael Wong,0.0,0.0,0.0,0.7184,-0.9999998333333611,0.7964,-0.7499999062500118,0.8481
IBM,2017-04-19 00:00:00,Andrew Lange,-0.9999990000010001,0.6249,-0.7142856122449125,0.9709,-0.9999990000010001,0.9441,-0.7777776913580343,0.978
IBM,2017-07-19 00:00:00,Andrew Lange,0.9999990000010001,0.7906,0.0,0.9825,-0.599999880000024,0.296,-0.16666665277777895,0.9879
IBM,2017-10-17 00:00:00,Andrew Lange,0.9999990000010001,0.8519,0.4999999375000079,0.9891,0.0,0.9081,0.5555554938271674,0.9952
IBM,2017-12-11 00:00:00,Andrew Lange,0.0,0.0,0.24999996875000394,0.34,0.99999950000025,0.9152,0.33333329629630043,0.9348
IBM,2018-01-18 00:00:00,Andrew Lange,0.0,-0.0258,-0.1428571224489825,0.872,-0.33333327777778704,0.9153,-0.23076921301775286,0.9818
IBM,2018-01-18 00:00:00,Andrew Lange,-0.99999950000025,0.3612,-0.599999940000006,0.9892,0.0,0.7783,-0.4999999687500019,0.9921
IBM,2018-04-17 00:00:00,Andrew Lange,0.0,0.6249,-0.49999987500003124,0.6597,0.0,0.891,-0.49999987500003124,0.9393
IBM,2018-07-18 00:00:00,Andrew Lange,0.9999990000010001,0.8481,0.4285713673469475,0.9904,0.0,0.296,0.4999999375000079,0.9931
IBM,2018-08-27 00:00:00,Andrew Lange,0.0,-0.0258,-0.1428571224489825,0.872,-0.33333327777778704,0.9153,-0.23076921301775286,0.9818
IBM,2018-10-16 00:00:00,Andrew Lange,0.0,0.296,-0.09090908264462885,0.9832,0.0,0.5859,-0.09090908264462885,0.9881
IBM,2018-10-29 00:00:00,Andrew Lange,0.0,-0.296,0.0,0.9562,-0.33333327777778704,0.9153,-0.14285713265306196,0.9874
IBM,2018-10-29 00:00:00,Andrew Lange,0.0,0.296,0.0,0.9562,-0.9999990000010001,0.8151,-0.11111109876543349,0.986
Microsoft,2016-08-04 00:00:00,Rodney Nelson,0.9999990000010001,0.2732,0.0,0.8402,0.0,0.9583,0.33333322222225925,0.9884
Microsoft,2016-09-20 00:00:00,Rodney Nelson,0.0,0.0,0.0,0.9186,0.0,0.7579,0.0,0.9676
Microsoft,2016-10-20 00:00:00,Rodney Nelson,0.0,0.7096,0.9999996666667778,0.9702,0.5555554938271674,0.9861,0.6666666111111158,0.9959
Microsoft,2016-10-26 00:00:00,Rodney Nelson,0.9999990000010001,0.4767,0.9999990000010001,0.8126,0.33333322222225925,0.4215,0.599999880000024,0.8201
Microsoft,2016-10-27 00:00:00,Rodney Nelson,0.0,0.0,-0.49999987500003124,0.9509,0.33333322222225925,0.9118,-0.1428571224489825,0.9664
Microsoft,2016-11-09 00:00:00,Rodney Nelson,-0.9999990000010001,0.0,0.199999960000008,0.926,0.0,0.9062,0.0,0.9896
Microsoft,2017-01-26 00:00:00,Rodney Nelson,0.0,-0.6486,0.9999990000010001,0.9477,0.6666665555555741,0.9549,0.7142856122449125,0.9737
Microsoft,2017-01-27 00:00:00,Rodney Nelson,-0.9999990000010001,0.296,0.99999980000004,0.8176,0.99999950000025,0.9184,0.7499999062500118,0.986
Microsoft,2017-04-28 00:00:00,Rodney Nelson,0.9999990000010001,0.0,0.9999996666667778,0.9403,0.9999990000010001,0.9136,0.99999980000004,0.9806
Microsoft,2017-05-11 00:00:00,Rodney Nelson,0.0,0.4588,0.99999950000025,0.9413,0.599999880000024,0.9796,0.7142856122449125,0.9926
Microsoft,2017-06-27 00:00:00,Rodney Nelson,0.0,0.296,0.0,0.891,0.9999996666667778,0.923,0.9999996666667778,0.9778
Microsoft,2017-07-20 00:00:00,Rodney Nelson,0.0,0.0,0.0,0.8126,0.33333322222225925,0.7845,0.1428571224489825,0.936
Microsoft,2017-10-26 00:00:00,Rodney Nelson,0.9999990000010001,0.765,0.33333322222225925,0.9812,0.9999998333333611,0.9729,0.7999999200000081,0.9963
Microsoft,2018-02-01 00:00:00,Rodney Nelson,0.0,0.0,0.9999996666667778,0.9851,-0.33333327777778704,0.5421,0.11111109876543349,0.9538
Microsoft,2018-04-27 00:00:00,Rodney Nelson,0.0,0.5106,0.9999997500000625,0.9686,0.99999950000025,-0.2144,0.9999998333333611,0.8673
Microsoft,2018-05-04 00:00:00,Rodney Nelson,0.0,0.7783,0.33333322222225925,0.9666,0.9999990000010001,0.7351,0.49999987500003124,0.9868
Microsoft,2018-05-07 00:00:00,Rodney Nelson,0.0,0.0,0.99999950000025,0.9186,0.7142856122449125,0.9534,0.7777776913580343,0.9743
Microsoft,2018-05-21 00:00:00,Rodney Nelson,0.9999990000010001,0.4767,0.49999987500003124,0.986,-0.99999950000025,0.9729,0.1428571224489825,0.9968
Microsoft,2018-06-04 00:00:00,Rodney Nelson,0.9999990000010001,0.4574,-0.9999990000010001,0.765,0.0,0.7964,0.0,0.9108
Microsoft,2018-07-20 00:00:00,Andrew Lange,0.0,0.7717,0.9999990000010001,0.984,0.9999990000010001,0.8316,0.99999950000025,0.9927
Microsoft,2018-09-19 00:00:00,William Fitzsimmons,0.0,0.3818,0.9999996666667778,0.9559,-0.24999996875000394,0.7453,0.09090908264462885,0.9788
Microsoft,2018-09-19 00:00:00,William Fitzsimmons,0.0,0.3818,0.9999990000010001,0.3818,0.0,0.5423,0.9999990000010001,0.765
Microsoft,2018-10-24 00:00:00,William Fitzsimmons,0.9999990000010001,0.6597,0.9999996666667778,0.9707,0.0,0.937,0.9999997500000625,0.9895
Microsoft,10/24/2018 ,William Fitzsimmons,0.9999990000010001,0.6597,0.9999996666667778,0.9707,0.0,0.937,0.9999997500000625,0.9895
Walmart,2016-08-09 00:00:00,John Brick,0.0,0.6542,0.0,-0.4173,0.0,0.9186,0.0,0.9647
Walmart,2016-08-18 00:00:00,Erin Lash,0.0,0.7003,0.599999880000024,0.9796,0.99999950000025,0.9134,0.7142856122449125,0.9792
Walmart,2016-11-17 00:00:00,Erin Lash,0.0,0.7684,0.49999987500003124,0.8934,0.0,0.936,0.19999998000000202,0.9929
Walmart,2017-02-21 00:00:00,John Brick,0.0,0.296,0.99999950000025,0.9313,0.4999999375000079,0.8979,0.599999940000006,0.9799
Walmart,2017-03-14 00:00:00,John Brick,0.9999990000010001,0.0,0.6666665555555741,0.7671,-0.33333322222225925,0.7003,0.39999996000000404,0.9278
Walmart,2017-03-14 00:00:00,John Brick,0.0,0.296,-0.33333322222225925,0.836,0.99999950000025,0.8849,0.199999960000008,0.9659
Walmart,2017-06-16 00:00:00,John Brick,-0.99999950000025,0.0258,-0.4999999583333368,-0.4131,-0.199999960000008,0.8534,-0.4444444197530878,0.933
Walmart,2017-06-19 00:00:00,John Brick,0.9999990000010001,0.5267,0.9999997500000625,0.9418,0.99999950000025,0.8287,0.9999998571428775,0.9823
Walmart,2017-08-17 00:00:00,John Brick,0.0,0.0,0.9999996666667778,0.9802,0.9999996666667778,-0.3423,0.9999998333333611,0.9887
Walmart,2017-09-27 00:00:00,Michael Wong,0.0,0.6249,0.9999990000010001,0.8955,0.0,0.7351,0.33333322222225925,0.9686
Walmart,2017-10-11 00:00:00,John Brick,0.99999950000025,0.7619,0.6666665555555741,0.9343,0.199999960000008,0.4588,0.5384614970414233,0.9082
Walmart,2017-11-02 00:00:00,Michael Wong,0.0,0.3612,-0.9999990000010001,0.9201,0.49999987500003124,0.8519,0.199999960000008,0.9805
Walmart,2017-11-16 00:00:00,John Brick,0.9999990000010001,0.6858,0.99999980000004,0.9652,0.599999940000006,0.9457,0.7499999531250029,0.9959
Walmart,2018-02-20 00:00:00,John Brick,0.9999990000010001,0.2732,0.9999997500000625,0.9449,0.49999987500003124,0.9776,0.7777776913580343,0.9919
Walmart,2018-04-05 00:00:00,John Brick,0.99999950000025,0.5927,0.6666665555555741,0.7943,-0.33333322222225925,0.7003,0.4545454132231443,0.9686
Walmart,2018-04-30 00:00:00,John Brick,0.9999996666667778,0.3818,-0.9999990000010001,0.9091,0.9999998750000157,0.952,0.8181817438016598,0.9895
Walmart,2018-05-09 00:00:00,John Brick,0.0,0.3182,0.9999990000010001,0.6124,0.1428571224489825,0.9253,0.24999996875000394,0.9485
Walmart,2018-06-01 00:00:00,Erin Lash,-0.9999990000010001,0.0258,0.0,0.5719,0.0,0.0,-0.9999990000010001,0.5859
Walmart,2018-06-22 00:00:00,Zain Akbari,0.0,0.3818,0.9999996666667778,0.7564,-0.33333322222225925,0.7003,0.33333327777778704,0.931
Walmart,2018-08-16 00:00:00,Zain Akbari,0.99999950000025,0.7169,0.0,0.9595,0.9999998333333611,0.9642,0.9999998750000157,0.9923
Walmart,2018-08-22 00:00:00,Zain Akbari,0.9999990000010001,0.9274,-0.9999990000010001,0.926,0.24999996875000394,-0.7637,0.19999998000000202,0.965
Walmart,2018-11-15 00:00:00,Zain Akbari,0.0,0.3818,0.33333322222225925,0.9501,-0.33333322222225925,0.7003,0.0,0.9705
AutoZone Inc,2016-09-22 00:00:00,Zain Akbari,0.0,0.0173,0.33333322222225925,0.5267,-0.49999987500003124,0.743,-0.1428571224489825,0.7825
AutoZone Inc,2016-09-28 00:00:00,Zain Akbari,0.99999950000025,0.5267,0.9999997500000625,0.93,0.0,0.8271,0.9999998333333611,0.9774
AutoZone Inc,2016-12-06 00:00:00,Zain Akbari,0.0,0.6249,0.599999880000024,0.967,-0.1428571224489825,0.9494,0.16666665277777895,0.9903
AutoZone Inc,2016-12-08 00:00:00,Zain Akbari,0.9999990000010001,0.3818,0.9999997500000625,0.93,0.0,0.8271,0.99999980000004,0.9753
AutoZone Inc,2017-02-28 00:00:00,Zain Akbari,0.0,0.296,-0.99999950000025,0.8885,0.49999987500003124,0.917,0.0,0.9652
AutoZone Inc,2017-03-22 00:00:00,Zain Akbari,0.0,0.4215,0.9999997500000625,0.93,0.0,0.8271,0.9999997500000625,0.9702
AutoZone Inc,2017-05-23 00:00:00,Zain Akbari,-0.9999990000010001,-0.25,0.0,0.9476,-0.24999996875000394,0.8911,-0.19999998666666757,0.9726
AutoZone Inc,2017-05-30 00:00:00,Zain Akbari,0.0,0.6738,0.9999997500000625,0.93,0.0,0.8271,0.4999999375000079,0.9799
AutoZone Inc,2017-07-05 00:00:00,Zain Akbari,0.33333322222225925,-0.3818,-0.599999880000024,-0.2263,0.33333327777778704,0.9441,0.0,0.9117
AutoZone Inc,2017-07-07 00:00:00,Zain Akbari,0.33333322222225925,0.6808,0.9999997500000625,0.93,0.0,0.8271,0.7142856122449125,0.9801
AutoZone Inc,2017-09-19 00:00:00,Zain Akbari,0.9999990000010001,0.6249,-0.199999960000008,0.9686,0.33333327777778704,0.9618,0.09090908264462885,0.9917
AutoZone Inc,2017-11-02 00:00:00,Zain Akbari,0.9999996666667778,0.6705,0.99999980000004,0.93,0.0,0.8271,0.9999998750000157,0.9799
AutoZone Inc,2017-12-05 00:00:00,Zain Akbari,0.0,0.4215,0.33333327777778704,0.9552,0.0,0.9153,0.16666665277777895,0.9881
AutoZone Inc,2017-11-02 00:00:00,Zain Akbari,0.9999996666667778,0.7351,0.99999980000004,0.93,0.0,0.8271,0.9999998750000157,0.9812
AutoZone Inc,2017-12-05 00:00:00,Zain Akbari,0.0,0.4215,0.33333327777778704,0.9552,0.0,0.9153,0.16666665277777895,0.9881
AutoZone Inc,2017-12-13 00:00:00,Zain Akbari,0.9999996666667778,0.7351,0.99999980000004,0.93,0.0,0.8271,0.9999998750000157,0.9812
AutoZone Inc,2018-02-27 00:00:00,Zain Akbari,-0.9999990000010001,0.0803,-0.599999880000024,0.6478,-0.19999998000000202,0.9644,-0.37499997656250145,0.9658
AutoZone Inc,2018-04-06 00:00:00,Zain Akbari,-0.9999990000010001,-0.091,0.99999980000004,0.93,0.0,0.8271,0.6666665555555741,0.9359
AutoZone Inc,2018-05-22 00:00:00,Zain Akbari,0.0,0.4215,-0.33333322222225925,0.5719,-0.19999998000000202,0.8338,-0.23076921301775286,0.9643
AutoZone Inc,2018-09-18 00:00:00,Zain Akbari,0.0,0.0,0.99999950000025,0.9505,0.99999950000025,0.9568,0.9999997500000625,0.9866
Best Buy,2016-11-17 00:00:00,R.J. Hottovy,0.0,0.2023,0.9999996666667778,0.9836,-0.9999990000010001,0.9442,0.49999987500003124,0.9969
Best Buy,2016-11-17 00:00:00,R.J. Hottovy,0.0,0.6124,-0.199999960000008,0.9623,-0.1428571224489825,0.9859,-0.12499999218750048,0.9977
Best Buy,2017-03-01 00:00:00,R.J. Hottovy,-0.9999990000010001,0.5719,-0.4285713673469475,0.8519,0.0,0.9595,-0.2857142653061239,0.9723
Best Buy,2017-03-13 00:00:00,R.J. Hottovy,0.0,0.6597,-0.199999960000008,0.9623,-0.1428571224489825,0.9859,-0.12499999218750048,0.9978
Best Buy,2017-05-25 00:00:00,R.J. Hottovy,0.0,0.5927,0.33333322222225925,0.9623,0.49999987500003124,0.9884,0.4285713673469475,0.9975
Best Buy,2017-05-30 00:00:00,R.J. Hottovy,0.0,0.6597,0.0,-0.8758,-0.1428571224489825,0.9847,-0.05882352595155729,0.9977
Best Buy,2017-08-29 00:00:00,R.J. Hottovy,0.9999990000010001,0.6369,0.599999880000024,0.9688,0.0,0.9524,0.4999999375000079,0.9944
Best Buy,2017-08-30 00:00:00,R.J. Hottovy,0.0,0.6652,-0.199999960000008,-0.7433,-0.1428571224489825,0.9847,-0.12499999218750048,0.9975
Best Buy,2017-09-20 00:00:00,R.J. Hottovy,-0.9999990000010001,0.3818,-0.9999996666667778,0.9584,0.0,0.9907,-0.39999996000000404,0.998
Best Buy,2017-09-26 00:00:00,R.J. Hottovy,-0.99999950000025,0.5346,0.599999940000006,0.9723,-0.1428571224489825,0.9847,0.15789472853185638,0.9987
Best Buy,2017-11-16 00:00:00,R.J. Hottovy,0.0,0.5499,-0.9999990000010001,0.3597,0.9999990000010001,0.9694,0.0,0.9904
Best Buy,2017-12-01 00:00:00,R.J. Hottovy,-0.99999950000025,0.5346,0.599999940000006,0.9652,-0.1428571224489825,0.9847,0.15789472853185638,0.9987
Best Buy,2018-03-01 00:00:00,R.J. Hottovy,0.0,0.5106,0.49999987500003124,0.98,0.49999987500003124,0.9727,0.4999999375000079,0.9971
Best Buy,2018-03-15 00:00:00,R.J. Hottovy,-0.99999950000025,0.3818,0.599999940000006,0.9652,-0.1428571224489825,0.9847,0.15789472853185638,0.9987
Best Buy,2018-05-24 00:00:00,R.J. Hottovy,0.0,0.0761,0.7142856122449125,0.9874,0.4285713673469475,0.9825,0.5999999600000027,0.9985
Best Buy,2018-06-04 00:00:00,R.J. Hottovy,-0.99999950000025,0.3818,0.599999940000006,0.9746,-0.1428571224489825,0.9847,0.15789472853185638,0.9988
Best Buy,2018-08-28 00:00:00,R.J. Hottovy,0.9999996666667778,0.7579,0.599999880000024,0.9954,0.33333322222225925,0.9524,0.636363578512402,0.998
Best Buy,2018-08-31 00:00:00,R.J. Hottovy,-0.99999950000025,0.3818,0.599999940000006,0.9746,-0.1428571224489825,0.9847,0.15789472853185638,0.9988
Qualcomm,2018-11-07 00:00:00,Abhinav Davuluri,-0.99999950000025,-0.7579,-0.24999996875000394,-0.6808,0.599999880000024,0.9747,-0.06666666222222252,0.9701
Qualcomm,2018-07-26 00:00:00,Abhinav Davuluri,-0.9999990000010001,0.1531,-0.199999960000008,0.0507,-0.599999880000024,0.9497,-0.4545454132231443,0.9812
Qualcomm,2018-04-26 00:00:00,Abhinav Davuluri,0.0,0.4404,0.0,0.9794,-0.199999960000008,0.7351,-0.05882352595155729,0.9881
Qualcomm,2018-03-12 00:00:00,Brian Colello,0.0,-0.0258,0.199999960000008,0.9455,0.0,-0.4576,0.199999960000008,0.9044
Qualcomm,2018-03-05 00:00:00,Abhinav Davuluri,0.0,0.0,-0.99999990000001,-0.5423,-0.4285713673469475,0.8176,-0.7647058373702448,0.6124
Qualcomm,2018-02-20 00:00:00,Abhinav Davuluri,0.0,0.4939,0.199999960000008,0.9826,0.0,0.921,0.1428571224489825,0.981
Qualcomm,2018-02-05 00:00:00,Brian Colello,0.0,0.891,0.0,0.9759,0.99999950000025,0.91,0.49999987500003124,0.9934
Qualcomm,2018-02-01 00:00:00,Abhinav Davuluri,-0.9999990000010001,0.8481,-0.33333329629630043,0.8316,0.0,0.9493,-0.24999998437500096,0.9869
Qualcomm,2018-01-24 00:00:00,Abhinav Davuluri,0.9999990000010001,-0.381,0.0,0.6124,0.99999950000025,0.9623,0.599999880000024,0.9687
Qualcomm,2018-01-16 00:00:00,Abhinav Davuluri,-0.9999990000010001,0.6369,0.0,0.9246,0.99999950000025,0.9274,0.09090908264462885,0.9851
Qualcomm,2017-11-21 00:00:00,Abhinav Davuluri,0.0,0.0,0.199999960000008,0.9716,0.9999990000010001,0.8744,0.33333327777778704,0.986
Qualcomm,2017-11-13 00:00:00,Abhinav Davuluri,-0.99999950000025,-0.6597,-0.599999880000024,-0.079,0.0,0.8316,-0.6666665555555741,0.4754
Qualcomm,2017-11-06 00:00:00,Brian Colello,0.0,0.0,0.9999990000010001,0.9762,0.0,0.8316,0.33333322222225925,0.9905
Qualcomm,2017-11-03 00:00:00,Abhinav Davuluri,0.33333322222225925,0.7619,-0.33333327777778704,-0.25,0.4285713673469475,0.8176,0.12499999218750048,0.7768
Qualcomm,2017-11-03 00:00:00,Brian Colello,-0.9999990000010001,-0.4019,-0.9999998333333611,-0.5346,0.49999987500003124,0.9382,-0.4545454132231443,0.9769
Qualcomm,2017-11-02 00:00:00,Abhinav Davuluri,0.33333322222225925,0.7619,-0.23076921301775286,0.8658,0.9999996666667778,0.9432,0.0,0.9861
Qualcomm,2017-10-31 00:00:00,Abhinav Davuluri,0.9999990000010001,0.6249,-0.9999996666667778,0.7334,-0.33333322222225925,0.9169,-0.4285713673469475,0.9725
Qualcomm,2017-10-11 00:00:00,Abhinav Davuluri,0.0,0.5423,-0.599999880000024,-0.3757,0.33333322222225925,0.9153,-0.24999996875000394,0.9291
Qualcomm,2017-07-19 00:00:00,Abhinav Davuluri,-0.9999990000010001,0.296,-0.16666665277777895,0.9468,-0.24999996875000394,0.4939,-0.23809522675737013,0.9674
Qualcomm,2017-06-09 00:00:00,Abhinav Davuluri,-0.33333322222225925,-0.4449,-0.33333327777778704,0.7035,-0.33333322222225925,-0.7003,-0.3333333055555579,-0.6897
Qualcomm,2017-04-28 00:00:00,Abhinav Davuluri,-0.9999990000010001,-0.3182,-0.6666665555555741,-0.1779,-0.99999950000025,-0.2263,-0.7777776913580343,-0.5859
Qualcomm,2017-01-26 00:00:00,Investment Thesis,0.0,0.5994,-0.33333327777778704,0.2263,0.4285713673469475,0.8176,0.07692307100591762,0.8316
Qualcomm,2017-04-19 00:00:00,Abhinav Davuluri,0.0,0.5994,-0.33333327777778704,0.8979,0.9999996666667778,0.9022,0.11111109876543349,0.9796
Qualcomm,2017-04-12 00:00:00,Abhinav Davuluri,-0.9999990000010001,0.6369,-0.7499999062500118,0.1779,0.0,0.8591,-0.7777776913580343,0.952
Qualcomm,2017-01-26 00:00:00,Abhinav Davuluri,-0.9999990000010001,-0.3182,-0.9999998750000157,-0.1406,-0.99999950000025,0.9109,-0.9999999090909174,0.8847
Qualcomm,2017-01-26 00:00:00,Abhinav Davuluri,-0.9999990000010001,-0.3182,-0.33333327777778704,0.2263,0.4285713673469475,0.8176,0.0,0.8074
Qualcomm,2017-01-22 00:00:00,Abhinav Davuluri,0.0,-0.3818,-0.6666665555555741,0.8442,-0.33333322222225925,0.743,-0.5555554938271674,0.9153
Qualcomm,2017-01-17 00:00:00,Abhinav Davuluri,-0.9999990000010001,-0.296,-0.8461537810650938,-0.6419,0.33333322222225925,0.9607,-0.6470587854671302,0.9179
Qualcomm,2017-01-08 00:00:00,Abhinav Davuluri,0.9999990000010001,0.6124,0.49999987500003124,0.3182,0.6666665555555741,0.9468,0.599999940000006,0.9796
Qualcomm,2016-12-28 00:00:00,Abhinav Davuluri,-0.9999990000010001,0.0,-0.99999980000004,0.4767,-0.7499999062500118,0.7906,-0.8571427959183717,0.8779
Qualcomm,2016-11-03 00:00:00,Abhinav Davuluri,0.0,0.0,-0.1428571224489825,0.7964,0.33333327777778704,0.6756,0.07692307100591762,0.8442
Qualcomm,2016-11-02 00:00:00,Abhinav Davuluri,0.0,0.0,0.7142856122449125,0.9678,0.9999996666667778,0.9036,0.7999999200000081,0.9862
Qualcomm,2016-10-27 00:00:00,Abhinav Davuluri,0.9999990000010001,0.3612,-0.33333322222225925,0.847,0.0,0.9153,0.0,0.9561
Broadcom,2018-06-07 00:00:00,Abhinav Davuluri,0.99999950000025,0.2905,0.33333327777778704,0.9595,-0.9999990000010001,0.2247,0.33333329629630043,0.9693
Broadcom,2018-06-04 00:00:00,Abhinav Davuluri,0.9999990000010001,0.6249,0.9999990000010001,0.9648,0.24999996875000394,0.9545,0.39999996000000404,0.9916
Broadcom,2018-04-30 00:00:00,Brian Colello,0.9999990000010001,0.0,0.0,0.9081,-0.33333327777778704,0.8783,-0.11111109876543349,0.9754
Broadcom,2018-03-15 00:00:00,Abhinav Davuluri,-0.9999990000010001,0.128,0.49999987500003124,0.9712,0.0,0.0,0.199999960000008,0.9721
Broadcom,2018-02-27 00:00:00,Investment Thesis,-0.99999950000025,-0.2263,0.199999960000008,0.8271,0.33333327777778704,0.8856,0.07692307100591762,0.9485
Broadcom,2018-03-12 00:00:00,Abhinav Davuluri,0.0,-0.0258,0.199999960000008,0.9455,0.0,-0.4576,0.199999960000008,0.9044
Broadcom,2018-02-27 00:00:00,Investment Thesis,-0.99999950000025,-0.2263,0.199999960000008,0.8271,0.33333327777778704,0.8856,0.07692307100591762,0.9485
Broadcom,2018-02-20 00:00:00,Abhinav Davuluri,0.0,0.4939,0.199999960000008,0.9826,0.0,0.921,0.1428571224489825,0.981
Broadcom,2018-02-05 00:00:00,Brian Colello,0.0,0.891,0.0,0.9759,0.99999950000025,0.91,0.49999987500003124,0.9934
Broadcom,2018-01-31 00:00:00,Brian Colello,0.0,0.1027,0.1428571224489825,0.9729,0.0,0.5859,0.09090908264462885,0.9808
Broadcom,2017-11-21 00:00:00,Brian Colello,-0.99999950000025,-0.2263,0.199999960000008,0.8271,0.33333327777778704,0.8856,0.07692307100591762,0.9485
Broadcom,2017-12-06 00:00:00,Brian Colello,0.0,-0.4824,-0.24999996875000394,0.9829,-0.9999990000010001,0.5574,-0.33333329629630043,0.9902
Broadcom,2017-11-21 00:00:00,Brian Colello,0.0,0.296,0.99999950000025,0.9719,0.6666665555555741,0.9231,0.7499999062500118,0.9895
Broadcom,2017-11-21 00:00:00,Investment Thesis,-0.99999950000025,-0.2263,0.199999960000008,0.8271,0.33333327777778704,0.8856,0.07692307100591762,0.9485
Broadcom,2017-11-13 00:00:00,Abhinav Davuluri,-0.99999950000025,-0.6597,-0.49999987500003124,-0.1531,0.0,0.8316,-0.599999880000024,0.4215
Broadcom,2017-11-06 00:00:00,Brian Colello,0.0,0.0,0.9999990000010001,0.9762,0.0,0.8316,0.33333322222225925,0.9905
Broadcom,2017-11-03 00:00:00,Brian Colello,-0.9999990000010001,-0.4019,-0.9999998333333611,-0.5346,0.49999987500003124,0.9382,-0.4545454132231443,0.9769
Broadcom,2017-08-24 00:00:00,Brian Colello,0.0,0.743,-0.636363578512402,0.959,-0.33333322222225925,0.6059,-0.4999999687500019,0.9489
Broadcom,2017-03-01 00:00:00,Abhinav Davuluri,-0.99999950000025,0.0,-0.199999960000008,0.9812,-0.49999987500003124,0.8515,-0.4545454132231443,0.9724
Broadcom,2017-03-01 00:00:00,Investment Thesis,0.49999987500003124,0.4767,0.199999960000008,0.8807,0.0,0.6705,0.23076921301775286,0.9571
Broadcom,2016-12-08 00:00:00,Brian Colello,0.0,0.296,-0.9999996666667778,0.9595,-0.9999996666667778,0.0951,-0.9999998333333611,0.9673
Broadcom,2016-11-02 00:00:00,Investment Thesis,0.49999987500003124,0.4767,0.199999960000008,0.8807,0.0,0.6705,0.23076921301775286,0.9571
Broadcom,2016-11-02 00:00:00,Brian Colello,0.0,0.296,0.0,0.9593,0.33333322222225925,-0.5868,0.199999960000008,0.9176
Broadcom,2016-11-01 00:00:00,Brian Colello,0.0,0.0,0.9999990000010001,0.9274,-0.33333322222225925,0.2023,0.0,0.9371
Advance Auto Parts,2018-11-13 00:00:00,Zain Akbari,0.9999990000010001,0.8047,0.9999997500000625,0.8779,0.2857142653061239,0.9261,0.47368418559556913,0.9919
Advance Auto Parts,2018-09-06 00:00:00,Zain Akbari,0.9999990000010001,0.5574,-0.11111109876543349,0.3519,0.199999960000008,0.9186,0.06666666222222252,0.9587
Advance Auto Parts,2018-08-14 00:00:00,Zain Akbari,0.9999996666667778,0.6124,0.9999998571428775,0.9274,0.636363578512402,0.5023,0.799999960000002,0.891
Advance Auto Parts,2018-05-22 00:00:00,Zain Akbari,0.599999880000024,0.7845,0.49999987500003124,0.9022,0.9999998571428775,0.9153,0.7333332844444478,0.9816
Advance Auto Parts,2018-03-12 00:00:00,Investment Thesis,0.99999950000025,0.4588,0.0,0.7269,0.99999980000004,0.8225,0.36842103324099823,0.9287
Advance Auto Parts,2018-02-21 00:00:00,Zain Akbari,0.99999950000025,0.8201,-0.33333322222225925,0.5994,0.24999996875000394,0.9239,0.23076921301775286,0.9872
Advance Auto Parts,2017-12-11 00:00:00,Investment Thesis,0.9999996666667778,0.6124,0.0,0.7269,0.99999980000004,0.8225,0.399999980000001,0.9565
Advance Auto Parts,2017-11-14 00:00:00,Zain Akbari,0.9999996666667778,0.6249,0.99999950000025,0.8834,0.599999940000006,0.8072,0.7142856632653098,0.9117
Advance Auto Parts,2017-08-15 00:00:00,Zain Akbari,0.99999950000025,0.0258,0.0,0.9493,0.4545454132231443,0.8453,0.3043478128544429,0.9775
Advance Auto Parts,2017-07-07 00:00:00,Zain Akbari,-0.33333322222225925,0.0772,0.5714285306122479,0.9561,0.9999998333333611,0.8225,0.5652173667296797,0.9748
Advance Auto Parts,2017-07-05 00:00:00,Zain Akbari,0.33333322222225925,-0.3818,-0.599999880000024,-0.2263,0.33333327777778704,0.9441,0.0,0.9117
Advance Auto Parts,2017-05-30 00:00:00,Zain Akbari,0.99999950000025,0.4767,0.5714285306122479,0.9561,0.9999998333333611,0.8225,0.7272726942148775,0.9793
Advance Auto Parts,2017-05-24 00:00:00,Zain Akbari,0.9999990000010001,0.4215,0.599999880000024,0.7096,0.9999999090909174,0.9218,0.8749999453125034,0.9841
Advance Auto Parts,2017-04-03 00:00:00,Zain Akbari,0.9999997500000625,0.8625,0.4545454132231443,0.9678,0.199999960000008,0.024,0.47368418559556913,0.9812
Advance Auto Parts,2017-03-22 00:00:00,Zain Akbari,0.99999950000025,0.7964,0.5714285306122479,0.9561,0.9999998333333611,0.8225,0.7272726942148775,0.9845
Advance Auto Parts,2017-02-21 00:00:00,Zain Akbari,0.99999950000025,0.5994,0.16666665277777895,0.9656,0.7999999200000081,0.965,0.4782608487712674,0.9943
Advance Auto Parts,2016-11-16 00:00:00,Zain Akbari,0.33333322222225925,0.0,0.5714285306122479,0.9561,0.9999998333333611,0.8225,0.6521738846880919,0.974
Advance Auto Parts,2016-11-14 00:00:00,Zain Akbari,0.9999990000010001,0.4215,0.4545454132231443,0.9861,0.9999998571428775,0.9337,0.684210490304711,0.9939
Advance Auto Parts,2016-11-01 00:00:00,Zain Akbari,0.9999997500000625,0.7003,0.4545454132231443,0.9349,0.8333332638888947,0.9796,0.7037036776406045,0.993
Kroger,2018-10-18 00:00:00,Zain Akbari,0.99999950000025,0.4548,0.9999998333333611,0.9231,-0.9999990000010001,0.7543,0.7499999062500118,0.9336
Kroger,2018-06-24 00:00:00,Zain Akbari,0.99999950000025,0.34,0.9999998333333611,0.9231,-0.9999990000010001,0.7543,0.7777776913580343,0.93
Kroger,2018-06-21 00:00:00,Zain Akbari,0.0,0.7311,0.49999987500003124,0.9761,0.1428571224489825,0.9606,0.2727272479338866,0.9954
Kroger,2018-06-01 00:00:00,Erin Lash,-0.9999990000010001,0.0258,0.0,0.5719,0.0,0.0,-0.9999990000010001,0.5859
Kroger,2018-04-06 00:00:00,John Brick,0.9999990000010001,0.34,0.9999998333333611,0.9245,-0.9999990000010001,0.7543,0.7499999062500118,0.9306
Kroger,2018-03-08 00:00:00,John Brick,0.9999990000010001,0.1531,-0.33333322222225925,0.802,0.9999996666667778,0.765,0.33333327777778704,0.9118
Kroger,2018-02-06 00:00:00,John Brick,0.0,0.6249,0.9999996666667778,0.8576,0.0,-0.0644,0.599999880000024,0.5494
Kroger,2017-10-12 00:00:00,Investment Thesis,0.9999990000010001,0.34,0.9999998333333611,0.9286,-0.9999990000010001,0.7543,0.7499999062500118,0.9325
Kroger,2017-11-30 00:00:00,John Brick,0.0,0.7184,0.99999950000025,0.9493,0.9999997500000625,0.9493,0.9999998333333611,0.9914
Kroger,2017-10-12 00:00:00,John Brick,0.99999950000025,0.8225,0.49999987500003124,0.9776,0.0,0.8126,0.599999880000024,0.9728
Kroger,2017-10-03 00:00:00,John Brick,0.0,0.3612,0.2727272479338866,0.9643,0.9999997500000625,-0.2144,0.46666663555555765,0.8808
Kroger,2017-09-12 00:00:00,Investment Thesis,0.99999950000025,0.1779,0.9999998333333611,0.9286,-0.9999990000010001,0.7543,0.7777776913580343,0.9231
Kroger,2017-09-08 00:00:00,John Brick,0.0,0.1027,0.49999987500003124,0.9496,0.0,0.8922,0.24999996875000394,0.9673
Kroger,2017-06-16 00:00:00,John Brick,-0.99999950000025,0.0258,-0.4999999583333368,-0.4131,-0.199999960000008,0.8534,-0.4444444197530878,0.933
Kroger,2017-06-16 00:00:00,Investment Thesis,0.9999990000010001,0.2732,0.9999998333333611,0.9286,-0.9999990000010001,0.7543,0.7499999062500118,0.9306
Kroger,2017-06-15 00:00:00,John Brick,0.9999990000010001,0.7469,-0.49999987500003124,0.5413,0.33333329629630043,0.984,0.07692307100591762,0.9949
Kroger,2017-05-19 00:00:00,John Brick,0.0,0.296,0.9999996666667778,0.9723,0.3333333055555579,0.9524,0.46666663555555765,0.9903
Kroger,2017-05-19 00:00:00,Investment Thesis,0.9999990000010001,0.2732,0.9999998333333611,0.9286,-0.9999990000010001,0.7543,0.7499999062500118,0.9306
Kroger,2017-04-25 00:00:00,Investment Thesis,0.0,0.3612,0.0,0.3415,-0.9999996666667778,0.9423,-0.4285713673469475,0.9628
Kroger,2017-03-02 00:00:00,Zain Akbari,0.0,-0.6166,0.0,0.9432,0.7999999200000081,0.984,0.7999999200000081,0.9909
Kroger,2016-09-20 00:00:00,Investment Thesis,0.9999990000010001,0.5267,0.0,0.3415,-0.9999996666667778,0.9423,-0.24999996875000394,0.967
Kroger,2016-12-01 00:00:00,Zain Akbari,-0.9999990000010001,0.296,-0.49999987500003124,0.7814,0.5555554938271674,0.9852,0.14285713265306196,0.9956
Kroger,2016-09-20 00:00:00,Investment Thesis,-0.9999990000010001,-0.2023,0.0,0.3415,-0.9999996666667778,0.9423,-0.4999999375000079,0.9501
Nvidia,2018-11-15 00:00:00,Abhinav Davuluri,0.99999950000025,0.0,-0.4999999375000079,0.9002,-0.9999990000010001,0.296,-0.2727272479338866,0.9218
Nvidia,2018-11-15 00:00:00,Abhinav Davuluri,-0.9999990000010001,-0.5994,-0.4999999375000079,0.9002,0.33333322222225925,0.9524,-0.3333333055555579,0.9756
Nvidia,2018-08-16 00:00:00,Abhinav Davuluri,-0.9999990000010001,-0.1779,0.0,0.7184,-0.599999880000024,0.8658,-0.6666665555555741,0.9325
Nvidia,2018-04-17 00:00:00,Investment Thesis,0.0,0.3182,0.599999880000024,0.8591,-0.9999990000010001,0.296,0.33333327777778704,0.9186
Nvidia,2018-04-17 00:00:00,Abhinav Davuluri,0.0,0.3182,0.5555554938271674,0.9828,0.33333322222225925,0.9196,0.4999999583333368,0.9923
Nvidia,2018-02-08 00:00:00,Abhinav Davuluri,0.0,0.2732,0.0,0.9719,0.9999990000010001,0.7845,0.1428571224489825,0.9849
Nvidia,2017-08-10 00:00:00,Investment Thesis,0.0,0.2732,0.599999880000024,0.8625,-0.9999990000010001,0.296,0.33333327777778704,0.9169
Nvidia,2018-01-15 00:00:00,Abhinav Davuluri,0.9999990000010001,0.3818,-0.33333322222225925,0.9337,-0.99999950000025,0.6705,-0.33333327777778704,0.969
Nvidia,2017-11-09 00:00:00,Abhinav Davuluri,0.9999990000010001,0.2732,0.199999960000008,0.9531,-0.33333322222225925,0.8176,0.11111109876543349,0.9794
Nvidia,2017-08-10 00:00:00,Abhinav Davuluri,0.0,0.0,0.4285713673469475,0.9067,0.33333322222225925,0.9001,0.39999996000000404,0.9595
Nvidia,2017-08-10 00:00:00,Investment Thesis,0.0,0.5719,0.599999880000024,0.8625,-0.9999990000010001,0.296,0.33333327777778704,0.9382
Nvidia,2017-05-10 00:00:00,Investment Thesis,-0.9999990000010001,0.3818,0.49999987500003124,0.7351,-0.9999990000010001,0.0,0.0,0.9224
Nvidia,2017-05-09 00:00:00,Abhinav Davuluri,-0.9999990000010001,0.5574,-0.199999960000008,0.8807,-0.33333322222225925,0.9468,-0.33333329629630043,0.985
Nvidia,2017-02-09 00:00:00,Abhinav Davuluri,-0.9999990000010001,0.1531,0.1428571224489825,0.8337,0.99999950000025,0.8746,0.19999998000000202,0.9752
Nvidia,2016-08-12 00:00:00,Investment Thesis,-0.9999990000010001,0.1531,0.49999987500003124,0.7351,-0.9999990000010001,0.0,0.0,0.7783
Nvidia,2017-01-08 00:00:00,Abhinav Davuluri,0.9999990000010001,0.6124,0.7499999062500118,0.8658,0.0,0.8957,0.599999940000006,0.9735
Nvidia,2016-08-12 00:00:00,Investment Thesis,-0.99999950000025,0.5574,0.49999987500003124,0.7351,-0.49999987500003124,0.9118,-0.19999998000000202,0.9846
Nvidia,2016-11-10 00:00:00,Abhinav Davuluri,-0.99999950000025,0.6146,0.99999950000025,0.9686,0.99999950000025,-0.0263,0.599999880000024,0.9911
Texas Instruments,2018-10-23 00:00:00,Brian Colello,0.99999950000025,0.5719,-0.49999987500003124,0.6486,0.4285713673469475,0.9661,0.16666665277777895,0.9887
Texas Instruments,2018-04-24 00:00:00,Brian Colello,-0.9999990000010001,0.0,-0.33333322222225925,0.9032,0.0,0.0,-0.49999987500003124,0.9032
Texas Instruments,2018-02-06 00:00:00,Brian Colello,0.9999990000010001,0.3182,0.33333322222225925,0.9316,-0.33333322222225925,0.959,0.1428571224489825,0.9876
Texas Instruments,2018-01-23 00:00:00,Brian Colello,-0.9999990000010001,-0.3852,0.0,0.8988,0.0,0.7003,0.0,0.9736
Texas Instruments,2018-01-23 00:00:00,Investment Thesis,0.9999990000010001,0.4927,0.9999990000010001,0.3182,0.33333327777778704,0.9477,0.4999999375000079,0.9682
Texas Instruments,2017-10-24 00:00:00,Brian Colello,0.0,0.5106,0.0,0.9788,-0.9999990000010001,0.7227,-0.33333322222225925,0.9659
Texas Instruments,2017-09-07 00:00:00,Investment Thesis,0.9999990000010001,0.4927,0.9999990000010001,0.3182,0.2727272479338866,0.967,0.3846153550295881,0.9781
Texas Instruments,2017-09-07 00:00:00,Investment Thesis,0.9999990000010001,0.4927,0.9999990000010001,0.3182,0.2727272479338866,0.967,0.3846153550295881,0.9781
Texas Instruments,2017-07-25 00:00:00,Brian Colello,0.0,-0.128,0.0,0.5267,0.0,0.5423,0.0,0.8462
Texas Instruments,2016-10-31 00:00:00,Investment Thesis,0.9999990000010001,0.6478,0.9999990000010001,0.3167,0.2727272479338866,0.967,0.3846153550295881,0.981
Texas Instruments,2017-04-26 00:00:00,Brian Colello,0.0,0.2732,0.0,0.9477,0.9999990000010001,0.7351,0.33333322222225925,0.9744
Texas Instruments,2016-10-31 00:00:00,Investment Thesis,0.9999990000010001,0.6478,0.9999990000010001,0.3167,0.2727272479338866,0.967,0.3846153550295881,0.981
Texas Instruments,2017-01-24 00:00:00,Brian Colello,-0.9999990000010001,0.1901,0.0,0.8779,-0.33333327777778704,0.7587,-0.33333327777778704,0.9837
Texas Instruments,2017-01-08 00:00:00,Brian Colello,0.9999990000010001,0.8442,0.7142856122449125,0.9774,0.7142856122449125,0.9828,0.7333332844444478,0.996
Texas Instruments,2016-10-31 00:00:00,Investment Thesis,0.9999990000010001,0.6478,0.9999990000010001,0.3167,0.2727272479338866,0.967,0.3846153550295881,0.981
Texas Instruments,2016-10-26 00:00:00,Brian Colello,-0.9999990000010001,0.4404,0.0,0.6486,0.0,0.8466,0.0,0.9514
Texas Instruments,2016-07-26 00:00:00,Brian Colello,0.0,0.5719,-0.33333322222225925,0.9864,0.0,0.7269,-0.199999960000008,0.9915
Texas Instruments,2018-10-23 00:00:00,Brian Colello,0.9999990000010001,0.6166,-0.49999987500003124,0.6486,-0.9999997500000625,-0.5106,-0.7499999062500118,0.0473
Texas Instruments,2018-01-23 00:00:00,Investment Thesis,0.9999990000010001,0.4927,0.9999990000010001,0.3182,0.33333327777778704,0.9477,0.4999999375000079,0.9682
O'Reilly Automotive Inc,10/25/2018 ,Zain Akbari,0.0,0.7436,0.99999950000025,0.902,0.1428571224489825,0.9042,0.33333329629630043,0.9783
O'Reilly Automotive Inc,07/26/2018 ,Zain Akbari,0.0,0.8126,0.9999990000010001,0.9324,0.0,0.8401,0.1428571224489825,0.9808
O'Reilly Automotive Inc,03/18/2018 ,Zain Akbari,0.9999996666667778,0.7096,0.9999997500000625,0.926,0.0,0.9062,0.9999998571428775,0.9844
O'Reilly Automotive Inc,04/26/2018 ,Zain Akbari,0.0,0.1531,0.199999960000008,0.9412,-0.9999990000010001,0.497,0.0,0.9618
O'Reilly Automotive Inc,03/18/2018 ,Zain Akbari,0.33333322222225925,0.7351,0.9999997500000625,0.926,0.0,0.9062,0.7142856122449125,0.9814
O'Reilly Automotive Inc,02/08/2018 ,Zain Akbari,0.0,0.34,0.49999987500003124,0.8479,0.9999996666667778,0.8689,0.7142856122449125,0.9657
O'Reilly Automotive Inc,07/07/2017 ,Zain Akbari,0.0,0.6369,0.9999997500000625,0.926,0.0,0.9062,0.6666665555555741,0.9818
O'Reilly Automotive Inc,10/25/2017 ,Zain Akbari,0.9999990000010001,0.7269,0.9999997500000625,0.8991,-0.4999999375000079,0.9437,0.0,0.9689
O'Reilly Automotive Inc,08/10/2017 ,Zain Akbari,0.9999990000010001,0.8313,0.24999996875000394,0.9778,0.9999990000010001,0.6705,0.39999996000000404,0.9901
O'Reilly Automotive Inc,07/07/2017 ,Zain Akbari,0.33333322222225925,0.3565,0.9999997500000625,0.926,0.0,0.9062,0.7142856122449125,0.9804
O'Reilly Automotive Inc,07/26/2017 ,Zain Akbari,0.0,0.296,-0.9999990000010001,0.8689,0.19999998000000202,0.7395,0.09090908264462885,0.9053
O'Reilly Automotive Inc,07/07/2017 ,Zain Akbari,0.99999950000025,0.4588,0.9999997500000625,0.926,0.0,0.9062,0.9999998333333611,0.9779
O'Reilly Automotive Inc,07/05/2017 ,Zain Akbari,0.33333322222225925,-0.3818,-0.599999880000024,-0.2263,0.33333327777778704,0.9441,0.0,0.9117
O'Reilly Automotive Inc,05/11/2017 ,Zain Akbari,0.9999990000010001,0.0,0.9999997500000625,0.926,0.0,0.9062,0.99999980000004,0.9771
O'Reilly Automotive Inc,2017-04-26 00:00:00,Zain Akbari,0.9999990000010001,0.4238,-0.33333322222225925,0.9134,-0.4999999583333368,0.9589,-0.37499997656250145,0.9833
O'Reilly Automotive Inc,2017-03-22 00:00:00,Zain Akbari,0.9999990000010001,0.4588,0.9999997500000625,0.926,0.0,0.9062,0.99999980000004,0.9814
O'Reilly Automotive Inc,2017-02-07 00:00:00,Zain Akbari,0.0,0.7275,0.33333322222225925,0.9414,-0.33333327777778704,0.8349,-0.11111109876543349,0.9758
O'Reilly Automotive Inc,11/01/2016 ,Zain Akbari,0.99999950000025,0.7184,0.9999997500000625,0.926,0.0,0.9062,0.9999998333333611,0.9846
O'Reilly Automotive Inc,2016-10-26 00:00:00,Zain Akbari,0.99999950000025,0.8807,0.0,0.9584,0.33333327777778704,0.6648,0.4999999375000079,0.9535
O'Reilly Automotive Inc,08/02/2016 ,Zain Akbari,0.9999990000010001,0.5267,0.9999997500000625,0.926,0.0,0.9062,0.99999980000004,0.9821
VMware Inc,11/29/2018 ,Mark Cash,0.0,0.7096,0.0,0.9423,0.9999990000010001,0.6808,0.33333322222225925,0.9786
VMware Inc,2018-08-24 00:00:00,Mark Cash,0.0,0.6124,0.0,0.9833,0.9999997500000625,0.9825,0.6666665555555741,0.9959
VMware Inc,08/03/2018 ,Mark Cash,-0.9999990000010001,0.25,0.0,0.8591,0.0,0.8225,-0.9999990000010001,0.959
VMware Inc,08/03/2018 ,Mark Cash,0.0,0.25,0.0,0.891,0.33333322222225925,0.9423,0.199999960000008,0.9808
VMware Inc,07/02/2018 ,Brian Colello,-0.9999990000010001,0.4019,0.9999990000010001,0.9903,0.0,0.6705,0.0,0.9934
VMware Inc,06/01/2018 ,Neil Macker,0.0,0.7845,0.49999987500003124,0.9741,0.0,0.8885,0.49999987500003124,0.9913
VMware Inc,2018-03-01 00:00:00,Neil Macker,0.0,0.1531,0.49999987500003124,0.9774,0.99999950000025,0.872,0.6666665555555741,0.9886
VMware Inc,03/01/2018 ,Neil Macker,0.9999990000010001,0.3818,-0.9999990000010001,0.2023,0.0,0.4767,0.0,0.7579
VMware Inc,02/12/2018 ,Neil Macker,0.0,0.0,0.0,0.5719,0.0,0.0,0.0,0.5719
VMware Inc,01/29/2018 ,Ilya Kundozerov,-0.9999990000010001,0.0,0.0,0.8338,-0.9999990000010001,0.8462,-0.33333322222225925,0.9595
VMware Inc,2018-01-29 00:00:00,Ilya Kundozerov,0.0,-0.3724,0.0,-0.3612,-0.9999990000010001,0.6106,-0.9999990000010001,-0.0176
VMware Inc,2018-01-26 00:00:00,Ilya Kundozerov,-0.9999990000010001,0.4588,0.0,0.2023,-0.49999987500003124,0.7698,-0.49999987500003124,0.8878
VMware Inc,01/04/2018 ,Ilya Kundozerov,0.9999990000010001,0.3818,-0.9999990000010001,0.2023,0.0,0.4767,0.0,0.7579
VMware Inc,2017-12-13 00:00:00,Ilya Kundozerov,0.9999990000010001,0.3818,-0.9999990000010001,0.2023,0.0,0.4767,0.0,0.7579
VMware Inc,2017-11-30 00:00:00,Ilya Kundozerov,0.9999990000010001,0.5106,0.9999990000010001,0.9868,0.0,0.5325,0.49999987500003124,0.9895
VMware Inc,01/10/2018 ,Ilya Kundozerov,0.9999990000010001,0.3818,-0.9999990000010001,0.34,0.0,0.4767,0.0,0.7964
VMware Inc,11/02/2017 ,Ilya Kundozerov,0.0,0.0,-0.199999960000008,0.7964,0.9999996666667778,0.8225,0.24999996875000394,0.9403
VMware Inc,08/24/2017 ,Ilya Kundozerov,0.9999990000010001,0.4939,0.0,0.91,0.99999950000025,0.9707,0.599999880000024,0.9931
VMware Inc,08/15/2017 ,Ilya Kundozerov,0.0,0.4215,-0.9999990000010001,0.91,0.199999960000008,0.974,0.1428571224489825,0.9821
VMware Inc,2017-08-14 00:00:00,Ilya Kundozerov,0.9999990000010001,0.0,0.0,0.7783,-0.9999990000010001,0.9657,0.0,0.9803
VMware Inc,2017-06-23 00:00:00,Ilya Kundozerov,0.0,-0.2263,0.0,0.765,-0.33333322222225925,0.8316,-0.33333322222225925,0.967
VMware Inc,2017-06-14 00:00:00,Brian Colello,0.0,0.0,0.0,0.5719,0.0,0.0,0.0,0.5719
VMware Inc,2017-06-01 00:00:00,Timothy Feeney,0.0,0.1531,0.4285713673469475,0.9911,0.33333322222225925,0.8481,0.39999996000000404,0.9942
VMware Inc,07/19/2016 ,Timothy Feeney,0.9999990000010001,0.3818,-0.9999990000010001,0.34,0.9999990000010001,0.8176,0.33333322222225925,0.91
VMware Inc,01/27/2017 ,Timothy Feeney,0.9999990000010001,-0.1613,0.636363578512402,0.9923,0.33333322222225925,0.7003,0.5999999600000027,0.9936
VMware Inc,10/26/2016 ,Timothy Feeney,0.0,0.1531,0.0,0.9657,0.33333322222225925,0.891,0.199999960000008,0.9856
VMware Inc,10/13/2016 ,Timothy Feeney,0.0,0.6597,0.9999998333333611,0.8399,0.9999997500000625,0.9186,0.99999990000001,0.9785
