Unnamed: 0,date,open,high,low,close,volume
0,20140604,2.19,2.19,2.17,2.18,23781156.0
1,20140605,2.18,2.19,2.17,2.19,19940352.0
2,20140606,2.19,2.19,2.17,2.17,21899724.0
3,20140609,2.17,2.18,2.16,2.17,19773368.0
4,20140610,2.17,2.18,2.16,2.17,31132304.0
5,20140611,2.17,2.18,2.16,2.17,25544012.0
6,20140612,2.17,2.18,2.16,2.16,31743644.0
7,20140613,2.17,2.18,2.16,2.16,55137320.0
8,20140616,2.17,2.19,2.17,2.19,44283568.0
9,20140617,2.18,2.19,2.16,2.18,38577168.0
10,20140618,2.17,2.18,2.16,2.17,33602412.0
11,20140619,2.16,2.17,2.12,2.14,41367040.0
12,20140620,2.17,2.19,2.15,2.16,56402976.0
13,20140623,2.15,2.19,2.14,2.17,56402464.0
14,20140624,2.16,2.17,2.15,2.16,34647592.0
15,20140625,2.16,2.16,2.15,2.16,21151680.0
16,20140626,2.16,2.17,2.15,2.17,31578858.0
17,20140627,2.16,2.17,2.15,2.16,39265760.0
18,20140630,2.16,2.18,2.15,2.18,40127544.0
19,20140701,2.18,2.24,2.17,2.21,93031368.0
20,20140702,2.2,2.21,2.18,2.19,41742800.0
21,20140703,2.2,2.22,2.2,2.21,56320208.0
22,20140704,2.21,2.22,2.19,2.21,45532140.0
23,20140707,2.14,2.14,2.12,2.13,41103060.0
24,20140708,2.13,2.13,2.11,2.13,31766316.0
25,20140709,2.12,2.13,2.11,2.12,28031486.0
26,20140710,2.12,2.12,2.11,2.11,27158862.0
27,20140711,2.12,2.14,2.12,2.13,34002816.0
28,20140714,2.13,2.14,2.11,2.14,39027136.0
29,20140715,2.12,2.14,2.12,2.14,38449060.0
30,20140716,2.13,2.17,2.12,2.16,92251136.0
31,20140717,2.15,2.16,2.13,2.15,37310920.0
32,20140718,2.15,2.17,2.15,2.16,54002432.0
33,20140721,2.15,2.15,2.13,2.13,33766512.0
34,20140722,2.13,2.17,2.13,2.16,68018016.0
35,20140723,2.16,2.18,2.15,2.16,65304792.0
36,20140724,2.16,2.21,2.15,2.19,116230000.0
37,20140725,2.17,2.25,2.17,2.23,175469312.0
38,20140728,2.23,2.29,2.23,2.27,201155600.0
39,20140729,2.27,2.27,2.24,2.25,116184272.0
40,20140730,2.24,2.27,2.23,2.25,82635504.0
41,20140731,2.24,2.48,2.23,2.41,331630944.0
42,20140801,2.35,2.38,2.32,2.33,191338032.0
43,20140804,2.33,2.36,2.3,2.36,104462096.0
44,20140805,2.36,2.36,2.33,2.36,80087008.0
45,20140806,2.35,2.42,2.33,2.4,174580704.0
46,20140807,2.44,2.46,2.35,2.37,156356416.0
47,20140808,2.36,2.46,2.36,2.43,202803968.0
48,20140811,2.41,2.43,2.4,2.43,97392312.0
49,20140812,2.42,2.42,2.37,2.4,109389600.0
50,20140813,2.38,2.39,2.35,2.38,93425744.0
51,20140814,2.37,2.38,2.33,2.34,75410872.0
52,20140815,2.33,2.36,2.33,2.35,73043392.0
53,20140818,2.35,2.38,2.34,2.36,73795112.0
54,20140819,2.36,2.39,2.35,2.38,89185368.0
55,20140820,2.37,2.38,2.35,2.37,65238824.0
56,20140821,2.36,2.37,2.33,2.35,62226032.0
57,20140822,2.34,2.35,2.33,2.34,50957088.0
58,20140825,2.35,2.35,2.31,2.32,56004764.0
59,20140826,2.32,2.34,2.28,2.3,57655216.0
60,20140827,2.29,2.3,2.27,2.28,59303936.0
61,20140828,2.28,2.28,2.25,2.26,46942084.0
62,20140829,2.26,2.29,2.26,2.28,40939660.0
63,20140901,2.29,2.31,2.28,2.31,44288788.0
64,20140902,2.31,2.33,2.26,2.33,83620448.0
65,20140903,2.31,2.35,2.3,2.34,107408928.0
66,20140904,2.34,2.36,2.31,2.36,111956424.0
67,20140905,2.35,2.37,2.34,2.37,117108120.0
68,20140909,2.37,2.39,2.36,2.38,137585616.0
69,20140910,2.37,2.38,2.35,2.36,70925792.0
70,20140911,2.36,2.4,2.35,2.37,120454168.0
71,20140912,2.36,2.4,2.35,2.4,124683392.0
72,20140915,2.39,2.41,2.38,2.41,108996872.0
73,20140916,2.41,2.61,2.4,2.46,460425536.0
74,20140917,2.45,2.57,2.43,2.51,371983776.0
75,20140918,2.48,2.5,2.45,2.46,215021472.0
76,20140919,2.46,2.46,2.41,2.44,137991152.0
77,20140922,2.42,2.43,2.37,2.38,126862992.0
78,20140923,2.38,2.41,2.37,2.41,82012408.0
79,20140924,2.4,2.48,2.39,2.47,189256736.0
80,20140925,2.46,2.49,2.43,2.44,141528272.0
81,20140926,2.44,2.47,2.43,2.46,89736184.0
82,20140929,2.46,2.47,2.44,2.45,112808776.0
83,20140930,2.46,2.49,2.45,2.48,131806552.0
84,20141008,2.48,2.48,2.43,2.47,116073840.0
85,20141009,2.47,2.59,2.45,2.54,303852288.0
86,20141010,2.52,2.55,2.5,2.51,182508880.0
87,20141013,2.51,2.58,2.5,2.56,218435792.0
88,20141014,2.55,2.56,2.52,2.54,136062256.0
89,20141015,2.54,2.59,2.5,2.56,173718992.0
90,20141016,2.56,2.68,2.54,2.6,413233760.0
91,20141017,2.58,2.6,2.48,2.56,218387072.0
92,20141020,2.55,2.6,2.51,2.58,139287936.0
93,20141021,2.57,2.6,2.53,2.57,143394752.0
94,20141022,2.55,2.56,2.5,2.51,90807856.0
95,20141023,2.49,2.5,2.42,2.43,138344720.0
96,20141024,2.42,2.49,2.41,2.45,101637760.0
97,20141027,2.43,2.44,2.42,2.43,68132104.0
98,20141028,2.44,2.49,2.44,2.49,113604912.0
99,20141029,2.48,2.57,2.47,2.55,303110528.0
100,20141030,2.53,2.75,2.52,2.64,590640192.0
101,20141031,2.6,2.64,2.58,2.63,309244352.0
102,20141103,2.61,2.71,2.6,2.66,420874784.0
103,20141104,2.7,2.74,2.66,2.72,461618720.0
104,20141105,2.69,2.7,2.61,2.62,329363520.0
105,20141106,2.6,2.65,2.59,2.64,181606864.0
106,20141107,2.61,2.64,2.57,2.58,201576400.0
107,20141110,2.61,2.69,2.58,2.67,295023520.0
108,20141111,2.66,2.71,2.6,2.62,344037600.0
109,20141112,2.6,2.66,2.58,2.66,158538144.0
110,20141113,2.65,2.74,2.6,2.7,359199392.0
111,20141114,2.68,2.7,2.63,2.65,204121456.0
112,20141117,2.69,2.72,2.63,2.63,165174496.0
113,20141118,2.63,2.64,2.59,2.61,131553024.0
114,20141119,2.62,2.63,2.59,2.61,75260784.0
115,20141120,2.6,2.6,2.58,2.59,81323968.0
116,20141121,2.59,2.62,2.57,2.62,99216416.0
117,20141124,2.64,2.69,2.62,2.67,258592768.0
118,20141125,2.67,2.85,2.65,2.82,695383360.0
119,20141126,2.8,2.81,2.74,2.78,404967616.0
120,20141127,2.78,2.8,2.73,2.79,269000576.0
121,20141128,2.8,2.83,2.74,2.8,319098720.0
122,20141201,2.77,2.85,2.75,2.8,377081664.0
123,20141202,2.85,2.89,2.83,2.86,429633216.0
124,20141203,2.86,3.15,2.84,3.06,820547456.0
125,20141204,3.06,3.13,3.03,3.13,645356160.0
126,20141205,3.13,3.19,2.92,3.05,596742400.0
127,20141208,3.0,3.19,2.93,3.16,572304704.0
128,20141209,3.16,3.34,3.06,3.1,841567936.0
129,20141210,3.2,3.25,3.1,3.23,453272224.0
130,20141211,3.22,3.22,3.13,3.22,407926816.0
131,20141212,3.22,3.33,3.21,3.27,377334080.0
132,20141215,3.3,3.3,3.18,3.28,310733632.0
133,20141216,3.26,3.29,3.2,3.27,309894688.0
134,20141217,3.25,3.26,3.18,3.22,319639616.0
135,20141218,3.22,3.27,3.18,3.22,357951936.0
136,20141219,3.2,3.36,3.19,3.33,717712192.0
137,20141222,3.35,3.66,3.35,3.6,1105783168.0
138,20141223,3.48,3.52,3.35,3.37,578733504.0
139,20141224,3.36,3.37,3.2,3.24,405593504.0
140,20141225,3.24,3.32,3.21,3.32,301420128.0
141,20141226,3.32,3.43,3.28,3.4,398414048.0
142,20141229,3.44,3.48,3.32,3.37,399399296.0
143,20141230,3.34,3.37,3.26,3.29,269356384.0
144,20141231,3.31,3.42,3.31,3.38,321906336.0
145,20150105,3.39,3.68,3.39,3.65,891583168.0
146,20150106,3.65,3.84,3.55,3.75,833516224.0
147,20150107,3.8,4.1,3.75,3.98,857230016.0
148,20150108,3.9,3.94,3.78,3.8,538367104.0
149,20150109,3.78,3.86,3.72,3.74,384060416.0
150,20150112,3.73,3.82,3.7,3.76,323777856.0
151,20150113,3.8,3.87,3.66,3.72,302321792.0
152,20150114,3.72,3.72,3.53,3.59,322081216.0
153,20150115,3.56,3.64,3.45,3.63,266723664.0
154,20150116,3.9,3.98,3.71,3.77,454817760.0
155,20150119,3.69,3.91,3.45,3.6,584717568.0
156,20150120,3.57,3.68,3.51,3.64,336777152.0
157,20150121,3.69,3.79,3.68,3.77,398977184.0
158,20150122,3.72,4.05,3.7,3.92,797800768.0
159,20150123,3.99,4.05,3.81,3.84,533135424.0
160,20150126,3.84,3.89,3.8,3.87,269623744.0
161,20150127,3.81,3.84,3.7,3.79,373437984.0
162,20150128,3.79,3.81,3.72,3.74,182745792.0
163,20150129,3.69,3.7,3.61,3.65,228083696.0
164,20150130,3.6,3.65,3.58,3.59,225513088.0
165,20150202,3.59,3.63,3.51,3.58,160405568.0
166,20150203,3.59,3.63,3.54,3.63,151232128.0
167,20150204,3.6,3.62,3.53,3.54,182335968.0
168,20150205,3.61,3.62,3.48,3.49,177340416.0
169,20150206,3.46,3.46,3.3,3.34,241806656.0
170,20150209,3.3,3.35,3.23,3.31,168774608.0
171,20150210,3.3,3.37,3.28,3.37,104103984.0
172,20150211,3.37,3.41,3.35,3.38,104109032.0
173,20150212,3.36,3.39,3.31,3.37,106621048.0
174,20150213,3.38,3.47,3.38,3.44,159839856.0
175,20150216,3.46,3.47,3.42,3.46,94884896.0
176,20150217,3.47,3.49,3.47,3.49,93534992.0
177,20150225,3.46,3.46,3.4,3.42,143189488.0
178,20150226,3.42,3.52,3.38,3.52,178096400.0
179,20150227,3.52,3.56,3.48,3.55,169401856.0
180,20150302,3.58,3.67,3.56,3.64,245758304.0
181,20150303,3.61,3.61,3.53,3.55,212337568.0
182,20150304,3.54,3.57,3.51,3.54,132991256.0
183,20150305,3.54,3.54,3.43,3.46,156009872.0
184,20150306,3.44,3.55,3.41,3.5,179095952.0
185,20150309,3.44,3.5,3.4,3.49,151802848.0
186,20150310,3.47,3.49,3.45,3.47,108641168.0
187,20150311,3.46,3.5,3.44,3.45,107621904.0
188,20150312,3.44,3.48,3.39,3.48,163747360.0
189,20150313,3.48,3.52,3.45,3.5,163468080.0
190,20150316,3.5,3.57,3.49,3.57,225966672.0
191,20150317,3.58,3.69,3.55,3.67,470348928.0
192,20150318,3.69,3.93,3.68,3.86,638974208.0
193,20150319,3.9,4.05,3.83,3.91,756980672.0
194,20150320,3.94,3.96,3.85,3.88,427618304.0
195,20150323,3.95,4.04,3.94,4.0,605057088.0
196,20150324,4.03,4.4,3.98,4.4,1403644160.0
197,20150325,4.49,4.66,4.45,4.52,1436268672.0
198,20150326,4.51,4.51,4.31,4.41,711915328.0
199,20150327,4.46,4.53,4.41,4.43,469180672.0
200,20150330,4.41,4.49,4.3,4.45,597394304.0
201,20150331,4.44,4.44,4.31,4.32,489626016.0
202,20150401,4.32,4.38,4.31,4.36,302148352.0
203,20150402,4.41,4.46,4.36,4.44,464026048.0
204,20150403,4.42,4.54,4.38,4.46,482667104.0
205,20150407,4.52,4.58,4.5,4.56,618877952.0
206,20150408,4.56,4.57,4.4,4.47,516419904.0
207,20150409,4.47,4.49,4.3,4.33,487326400.0
208,20150410,4.31,4.39,4.26,4.38,326217792.0
209,20150413,4.4,4.49,4.37,4.47,474582464.0
210,20150414,4.47,4.65,4.4,4.62,812016768.0
211,20150415,4.61,4.72,4.51,4.6,748187584.0
212,20150416,4.58,4.95,4.52,4.86,851053888.0
213,20150417,4.86,5.06,4.8,5.0,911478144.0
214,20150420,5.01,5.46,4.86,5.2,1116098432.0
215,20150421,5.12,5.28,5.08,5.24,642433088.0
216,20150527,5.76,5.76,5.76,5.76,12555648.0
217,20150528,6.34,6.34,6.34,6.34,22088068.0
218,20150529,6.97,6.97,6.7,6.97,1004750208.0
219,20150601,7.49,7.49,6.71,7.18,2230625280.0
220,20150602,7.07,7.08,6.86,6.97,1033601216.0
221,20150603,6.96,6.96,6.5,6.72,874227776.0
222,20150604,6.64,6.64,6.1,6.52,738324928.0
223,20150605,6.56,7.0,6.56,6.78,891516544.0
224,20150608,6.79,6.81,6.53,6.64,806015680.0
225,20150609,6.63,6.64,6.5,6.57,516154592.0
226,20150610,6.5,6.64,6.4,6.55,493908736.0
227,20150611,6.52,6.52,6.4,6.46,457194272.0
228,20150612,6.46,6.49,6.4,6.44,460186816.0
229,20150615,6.44,6.59,6.28,6.52,751497728.0
230,20150616,6.4,6.49,6.27,6.3,451756704.0
231,20150617,6.29,6.34,6.0,6.29,492771200.0
232,20150618,6.26,6.4,6.16,6.18,460462496.0
233,20150619,6.11,6.26,5.56,5.6,500172064.0
234,20150623,5.58,5.67,5.11,5.58,523896192.0
235,20150624,5.62,5.94,5.56,5.88,594155200.0
236,20150625,5.94,5.97,5.5,5.58,444122848.0
237,20150626,5.43,5.44,5.02,5.04,519033440.0
238,20150629,5.21,5.28,4.54,4.75,603030400.0
239,20150630,4.6,5.13,4.39,5.12,617124224.0
240,20150701,5.09,5.17,4.75,4.83,465107648.0
241,20150702,4.95,4.95,4.43,4.49,412634752.0
242,20150703,4.47,4.55,4.04,4.08,511173248.0
243,20150706,4.47,4.49,4.0,4.28,614351936.0
244,20150707,4.15,4.26,3.85,4.1,714081024.0
245,20150708,3.79,3.95,3.69,3.69,474635776.0
246,20150709,3.69,3.97,3.38,3.97,652695680.0
247,20150710,4.1,4.37,4.0,4.37,573978496.0
248,20150713,4.51,4.81,4.42,4.81,835873024.0
249,20150714,4.81,4.92,4.51,4.57,752993344.0
250,20150715,4.45,4.48,4.11,4.11,506826528.0
251,20150716,4.11,4.34,3.94,4.24,374981152.0
252,20150717,4.25,4.51,4.24,4.45,408807584.0
253,20150720,4.45,4.54,4.35,4.42,390828352.0
254,20150721,4.32,4.54,4.26,4.45,385268768.0
255,20150722,4.38,4.44,4.27,4.36,321975840.0
256,20150723,4.34,4.54,4.28,4.5,498165280.0
257,20150724,4.46,4.57,4.34,4.39,561858432.0
258,20150727,4.3,4.34,3.95,3.95,428726208.0
259,20150728,3.85,3.99,3.64,3.88,431287712.0
260,20150729,3.92,4.14,3.89,4.13,267022896.0
261,20150730,4.11,4.17,3.93,3.99,243191776.0
262,20150731,3.92,4.05,3.91,4.01,179810768.0
263,20150803,3.98,4.03,3.83,4.0,211761568.0
264,20150804,3.99,4.14,3.99,4.11,234423984.0
265,20150805,4.08,4.1,3.98,4.0,189060576.0
266,20150806,3.9,3.99,3.9,3.95,122470512.0
267,20150807,4.05,4.08,4.01,4.04,172432352.0
268,20150810,4.05,4.25,4.04,4.22,374356512.0
269,20150811,4.25,4.64,4.22,4.64,945460736.0
270,20150812,4.61,4.94,4.47,4.71,1085489408.0
271,20150813,4.6,4.75,4.5,4.65,588221952.0
272,20150814,4.6,4.62,4.51,4.52,442381184.0
273,20150817,4.52,4.63,4.48,4.57,333349152.0
274,20150818,4.57,4.6,4.11,4.11,504204192.0
275,20150819,3.98,4.26,3.91,4.25,383445248.0
276,20150820,4.31,4.5,4.21,4.26,439041088.0
277,20150821,4.37,4.44,4.05,4.17,393665568.0
278,20150824,3.97,4.29,3.75,3.75,591401216.0
279,20150825,3.46,3.67,3.38,3.38,404135168.0
280,20150826,3.46,3.54,3.16,3.37,381325792.0
281,20150827,3.39,3.49,3.3,3.49,274190816.0
282,20150828,3.55,3.73,3.48,3.72,327418272.0
283,20150831,3.67,3.67,3.51,3.56,233063072.0
284,20150901,3.56,3.76,3.42,3.65,408213792.0
285,20150902,3.5,3.69,3.45,3.56,244084224.0
286,20150907,3.56,3.7,3.53,3.59,179135024.0
287,20150908,3.57,3.68,3.48,3.64,160306400.0
288,20150909,3.66,3.79,3.62,3.75,289907520.0
289,20150910,3.69,3.7,3.61,3.64,164183536.0
290,20150911,3.64,3.67,3.56,3.6,117087872.0
291,20150914,3.6,3.65,3.31,3.63,258006592.0
292,20150915,3.54,3.54,3.31,3.35,125712944.0
293,20150916,3.36,3.65,3.36,3.59,159235920.0
294,20150917,3.59,3.64,3.5,3.5,176930624.0
295,20150918,3.57,3.59,3.47,3.51,91210032.0
296,20150921,3.48,3.56,3.45,3.55,94221736.0
297,20150922,3.54,3.6,3.52,3.57,129201696.0
298,20150923,3.5,3.51,3.4,3.44,117795480.0
299,20150924,3.44,3.49,3.43,3.47,67723752.0
300,20150925,3.52,3.6,3.42,3.51,219541712.0
301,20150928,3.48,3.49,3.41,3.47,86560784.0
302,20150929,3.41,3.43,3.36,3.37,79785192.0
303,20150930,3.38,3.41,3.37,3.38,48290620.0
304,20151008,3.49,3.53,3.46,3.48,97307280.0
305,20151009,3.48,3.58,3.45,3.55,161211072.0
306,20151012,3.57,3.83,3.54,3.74,300109632.0
307,20151013,3.67,3.7,3.64,3.7,182631248.0
308,20151014,3.72,3.79,3.66,3.67,224167440.0
309,20151015,3.71,3.75,3.67,3.74,216669472.0
310,20151016,3.74,3.76,3.69,3.74,221357040.0
311,20151019,3.73,3.73,3.68,3.7,166261840.0
312,20151020,3.68,3.74,3.65,3.73,173974048.0
313,20151021,3.84,3.99,3.69,3.73,573766144.0
314,20151022,3.65,3.78,3.61,3.77,282112864.0
315,20151023,3.77,3.79,3.7,3.78,228381376.0
316,20151026,3.81,3.84,3.74,3.77,205996736.0
317,20151027,3.74,3.75,3.62,3.73,150263008.0
318,20151028,3.71,3.77,3.67,3.71,165754944.0
319,20151029,3.69,3.72,3.66,3.69,117518232.0
320,20151030,3.65,3.68,3.61,3.65,103037416.0
321,20151102,3.61,3.63,3.55,3.56,116486424.0
322,20151103,3.55,3.59,3.52,3.56,80967720.0
323,20151104,3.53,3.68,3.53,3.68,166961392.0
324,20151105,3.67,3.83,3.64,3.73,367719456.0
325,20151106,3.71,3.79,3.69,3.78,263951648.0
326,20151109,3.73,3.82,3.71,3.79,290743744.0
327,20151110,3.77,3.97,3.75,3.88,487440160.0
328,20151111,3.84,3.86,3.77,3.81,289907296.0
329,20151112,3.8,3.85,3.76,3.77,215737024.0
330,20151113,3.73,3.74,3.66,3.67,199186512.0
331,20151116,3.69,3.79,3.69,3.79,244552800.0
332,20151117,3.77,3.79,3.72,3.74,195248608.0
333,20151118,3.71,3.73,3.68,3.69,113022600.0
334,20151119,3.7,3.72,3.69,3.72,84219328.0
335,20151120,3.73,3.74,3.7,3.73,121761352.0
336,20151123,3.71,3.72,3.66,3.68,123697256.0
337,20151124,3.67,3.68,3.62,3.66,92395552.0
338,20151125,3.7,3.74,3.69,3.72,144152032.0
339,20151126,3.7,3.76,3.67,3.69,158609168.0
340,20151127,3.68,3.69,3.46,3.49,177298848.0
341,20151130,3.49,3.53,3.35,3.46,142718880.0
342,20151201,3.47,3.5,3.43,3.48,78210720.0
343,20151202,3.48,3.55,3.43,3.55,122495968.0
344,20151203,3.5,3.56,3.49,3.56,93727884.0
345,20151204,3.56,3.58,3.5,3.51,93824376.0
346,20151207,3.55,3.58,3.53,3.55,94588142.0
347,20151208,3.52,3.52,3.45,3.46,79628768.0
348,20151209,3.46,3.52,3.45,3.48,67104488.0
349,20151210,3.45,3.48,3.42,3.44,68761392.0
350,20151211,3.41,3.49,3.38,3.45,96496936.0
351,20151214,3.42,3.74,3.41,3.66,333227104.0
352,20151215,3.58,3.61,3.55,3.57,158222224.0
353,20151216,3.58,3.67,3.56,3.6,131990048.0
354,20151217,3.62,3.64,3.59,3.62,145465280.0
355,20151218,3.59,3.61,3.54,3.58,123793208.0
356,20151221,3.58,3.65,3.58,3.64,155465936.0
357,20151222,3.64,3.68,3.63,3.65,133338379.0
358,20151223,3.65,3.65,3.58,3.59,108082296.0
359,20151224,3.59,3.6,3.55,3.57,66954188.0
360,20151225,3.58,3.59,3.56,3.58,49785641.0
361,20151228,3.59,3.59,3.51,3.51,89571453.0
362,20151229,3.5,3.57,3.48,3.56,70058186.0
363,20151230,3.55,3.57,3.54,3.56,60339124.0
364,20151231,3.55,3.56,3.51,3.52,64946996.0
365,20160104,3.52,3.52,3.3,3.31,78948461.0
366,20160105,3.25,3.46,3.25,3.4,150737963.0
367,20160106,3.4,3.6,3.38,3.57,196385320.0
368,20160107,3.55,3.57,3.26,3.29,57720415.0
369,20160108,3.46,3.54,3.31,3.52,224142486.0
370,20160111,3.45,3.58,3.36,3.39,194671392.0
371,20160112,3.34,3.4,3.21,3.29,169386049.0
372,20160113,3.29,3.35,3.24,3.25,81994942.0
373,20160114,3.2,3.29,3.18,3.28,97559615.0
374,20160115,3.25,3.25,3.11,3.13,117921284.0
375,20160118,3.09,3.14,3.05,3.12,69446862.0
376,20160119,3.11,3.19,3.08,3.19,87382445.0
377,20160120,3.17,3.28,3.12,3.2,117898165.0
378,20160121,3.18,3.24,3.1,3.1,92670954.0
379,20160122,3.1,3.14,3.06,3.12,69176654.0
380,20160125,3.13,3.15,3.09,3.13,60622572.0
381,20160126,3.13,3.14,2.92,2.96,107475537.0
382,20160127,2.96,2.99,2.78,2.87,114824677.0
383,20160128,2.86,2.88,2.7,2.71,75180778.0
384,20160129,2.7,2.82,2.7,2.79,72782376.0
385,20160201,2.8,2.84,2.73,2.78,68809404.0
386,20160202,2.79,2.85,2.79,2.83,58388625.0
387,20160203,2.82,2.87,2.8,2.85,65577014.0
388,20160204,2.88,2.99,2.88,2.94,116190211.0
389,20160205,2.98,3.1,2.95,3.02,142354248.0
390,20160215,3.3,3.32,3.2,3.32,342817905.0
391,20160216,3.28,3.43,3.21,3.37,345751094.0
392,20160217,3.28,3.34,3.26,3.33,200629434.0
393,20160218,3.31,3.32,3.25,3.26,141206344.0
394,20160219,3.3,3.32,3.16,3.18,184514829.0
395,20160222,3.19,3.25,3.18,3.22,114512112.0
396,20160223,3.2,3.28,3.17,3.27,181716644.0
397,20160224,3.25,3.45,3.21,3.33,322372772.0
398,20160225,3.33,3.38,3.07,3.11,261159609.0
399,20160226,3.13,3.19,3.08,3.17,131817083.0
400,20160229,3.12,3.17,3.01,3.13,131519399.0
401,20160301,3.15,3.35,3.13,3.3,298599664.0
402,20160302,3.22,3.39,3.21,3.37,312441593.0
403,20160303,3.37,3.47,3.28,3.46,443810598.0
404,20160304,3.53,3.58,3.42,3.48,550527726.0
405,20160307,3.51,3.61,3.45,3.58,402628199.0
406,20160308,3.58,3.58,3.41,3.5,308727838.0
407,20160309,3.34,3.39,3.29,3.36,223947744.0
408,20160310,3.32,3.39,3.28,3.3,144474514.0
409,20160311,3.4,3.4,3.32,3.34,147939554.0
410,20160314,3.27,3.43,3.26,3.42,224419160.0
411,20160315,3.36,3.42,3.3,3.36,145925270.0
412,20160316,3.33,3.4,3.31,3.38,156329526.0
413,20160317,3.42,3.42,3.36,3.39,152083640.0
414,20160318,3.42,3.44,3.39,3.41,203864820.0
415,20160321,3.4,3.42,3.38,3.42,240538002.0
416,20160322,3.39,3.42,3.34,3.4,171438015.0
417,20160323,3.37,3.39,3.33,3.35,122497758.0
418,20160324,3.3,3.3,3.26,3.26,125745909.0
419,20160325,3.25,3.28,3.24,3.27,57429111.0
420,20160328,3.27,3.3,3.26,3.27,60696932.0
421,20160329,3.26,3.28,3.23,3.25,60610958.0
422,20160330,3.29,3.3,3.26,3.3,77731443.0
423,20160331,3.28,3.29,3.26,3.27,58961971.0
424,20160401,3.27,3.29,3.25,3.29,65147912.0
425,20160405,3.27,3.31,3.25,3.3,88872141.0
426,20160406,3.3,3.32,3.27,3.28,69287409.0
427,20160407,3.28,3.29,3.25,3.25,63465649.0
428,20160408,3.26,3.33,3.25,3.31,132947337.0
429,20160411,3.32,3.39,3.29,3.35,175198454.0
430,20160412,3.35,3.41,3.33,3.36,159217996.0
431,20160413,3.37,3.44,3.35,3.4,237503489.0
432,20160414,3.37,3.38,3.33,3.35,139237157.0
433,20160415,3.33,3.36,3.31,3.33,85382812.0
434,20160418,3.33,3.33,3.28,3.29,64992959.0
435,20160419,3.29,3.33,3.27,3.32,69016981.0
436,20160420,3.35,3.37,3.18,3.25,170372194.0
437,20160421,3.23,3.33,3.21,3.32,151760878.0
438,20160422,3.25,3.27,3.21,3.24,107062221.0
439,20160425,3.21,3.22,3.16,3.19,54887648.0
440,20160426,3.2,3.22,3.16,3.19,52032042.0
441,20160427,3.21,3.24,3.18,3.23,91606594.0
442,20160428,3.19,3.2,3.15,3.18,85550272.0
443,20160429,3.2,3.26,3.2,3.21,126928902.0
444,20160503,3.26,3.32,3.24,3.29,139894752.0
445,20160504,3.25,3.27,3.23,3.25,80650901.0
446,20160505,3.24,3.28,3.23,3.25,59367632.0
447,20160506,3.24,3.26,3.16,3.17,100214222.0
448,20160509,3.17,3.18,3.08,3.09,83461928.0
449,20160510,3.06,3.08,3.04,3.08,47562635.0
450,20160511,3.08,3.12,3.04,3.1,48154656.0
451,20160512,3.08,3.1,3.05,3.09,43851541.0
452,20160513,3.06,3.13,3.06,3.1,59868522.0
453,20160516,3.09,3.22,3.05,3.17,88397670.0
454,20160517,3.15,3.18,3.12,3.12,57684408.0
455,20160518,3.13,3.16,3.06,3.09,63968252.0
456,20160519,3.05,3.09,3.05,3.07,51153811.0
457,20160520,3.05,3.07,3.03,3.06,37634879.0
458,20160523,3.06,3.07,3.05,3.06,34903142.0
459,20160524,3.06,3.06,3.02,3.06,37334871.0
460,20160525,3.04,3.05,3.02,3.02,34868632.0
461,20160526,3.02,3.04,2.99,3.03,35084260.0
462,20160527,3.01,3.03,3.0,3.02,25805038.0
463,20160530,3.01,3.01,2.98,2.99,28217281.0
464,20160531,2.99,3.06,2.99,3.06,57917119.0
465,20160601,3.05,3.08,3.04,3.06,48332303.0
466,20160602,3.05,3.07,3.04,3.06,37720771.0
467,20160603,3.05,3.06,3.03,3.05,40570206.0
468,20160606,3.13,3.17,3.1,3.11,107371617.0
469,20160607,3.12,3.14,3.07,3.08,44457043.0
470,20160608,3.09,3.1,3.07,3.09,40324493.0
471,20160613,3.14,3.22,3.11,3.15,210869679.0
472,20160614,3.13,3.15,3.06,3.09,98802749.0
473,20160615,3.06,3.18,3.05,3.16,128242793.0
474,20160616,3.17,3.48,3.15,3.48,562083577.0
475,20160617,3.35,3.49,3.35,3.42,449439795.0
476,20160620,3.42,3.43,3.34,3.38,150420366.0
477,20160621,3.38,3.38,3.23,3.27,257176477.0
478,20160622,3.23,3.29,3.2,3.27,98108715.0
479,20160623,3.26,3.29,3.23,3.27,102096693.0
480,20160624,3.32,3.59,3.25,3.51,640612493.0
481,20160627,3.48,3.52,3.41,3.44,312238561.0
482,20160628,3.43,3.44,3.37,3.4,178128298.0
483,20160629,3.37,3.4,3.35,3.39,147393602.0
484,20160630,3.37,3.43,3.36,3.37,115735058.0
485,20160701,3.39,3.5,3.37,3.41,276661384.0
486,20160704,3.46,3.62,3.42,3.51,467692328.0
487,20160705,3.51,3.51,3.44,3.48,192994782.0
488,20160706,3.52,3.81,3.51,3.68,932497664.0
489,20160711,3.78,4.05,3.73,4.05,1045503062.0
490,20160712,3.97,4.0,3.85,3.93,612313542.0
491,20160713,3.8,3.94,3.78,3.93,427065430.0
492,20160714,3.94,3.97,3.81,3.84,274462547.0
493,20160715,3.81,3.9,3.78,3.85,211468928.0
494,20160718,3.8,3.92,3.75,3.83,228394358.0
495,20160719,3.76,3.85,3.75,3.79,199912947.0
496,20160720,3.8,3.85,3.72,3.73,182761563.0
497,20160721,3.68,3.7,3.65,3.68,177268247.0
498,20160722,3.68,3.68,3.54,3.56,175365810.0
499,20160725,3.51,3.53,3.46,3.48,172871148.0
500,20160726,3.49,3.58,3.49,3.57,179827357.0
501,20160727,3.56,3.56,3.37,3.5,211580648.0
502,20160728,3.54,3.56,3.5,3.54,177970324.0
503,20160729,3.52,3.55,3.42,3.47,147770754.0
504,20160801,3.52,3.65,3.51,3.56,240097718.0
505,20160802,3.56,3.58,3.51,3.58,103446535.0
506,20160803,3.64,3.67,3.61,3.62,172364609.0
507,20160804,3.58,3.58,3.51,3.56,121183213.0
508,20160805,3.56,3.57,3.53,3.56,73755778.0
509,20160808,3.45,3.48,3.42,3.48,145205929.0
510,20160809,3.47,3.48,3.45,3.48,75598956.0
511,20160810,3.5,3.57,3.5,3.55,200535816.0
512,20160811,3.5,3.52,3.48,3.5,90658751.0
513,20160812,3.48,3.52,3.46,3.52,62746131.0
514,20160815,3.51,3.56,3.49,3.54,181238091.0
515,20160816,3.54,3.57,3.46,3.55,277923240.0
516,20160817,3.52,3.52,3.48,3.49,155382164.0
517,20160818,3.51,3.52,3.48,3.49,100188935.0
518,20160819,3.48,3.49,3.45,3.47,80914985.0
519,20160822,3.44,3.45,3.42,3.43,104213932.0
520,20160823,3.42,3.44,3.41,3.44,79267891.0
521,20160824,3.44,3.44,3.4,3.41,70957191.0
522,20160825,3.38,3.38,3.32,3.36,120739639.0
523,20160826,3.35,3.38,3.35,3.37,55424504.0
524,20160829,3.35,3.35,3.32,3.34,85714002.0
525,20160830,3.34,3.36,3.33,3.34,80682429.0
526,20160831,3.32,3.34,3.31,3.34,63987384.0
527,20160901,3.33,3.37,3.32,3.33,87232488.0
528,20160902,3.33,3.37,3.33,3.34,76484956.0
529,20160905,3.36,3.37,3.34,3.36,60374303.0
530,20160906,3.35,3.36,3.32,3.36,69808167.0
531,20160907,3.39,3.42,3.38,3.39,140925243.0
532,20160908,3.37,3.38,3.34,3.37,65789020.0
533,20160909,3.34,3.35,3.33,3.34,58047556.0
534,20160912,3.3,3.3,3.19,3.22,159933998.0
535,20160913,3.23,3.24,3.2,3.22,55898334.0
536,20160914,3.19,3.24,3.15,3.24,103682449.0
537,20160919,3.2,3.23,3.2,3.22,44964817.0
538,20160920,3.22,3.24,3.21,3.22,45631359.0
539,20160921,3.22,3.25,3.21,3.25,53908996.0
540,20160922,3.28,3.31,3.25,3.26,94790911.0
541,20160923,3.27,3.28,3.22,3.23,45503295.0
542,20160926,3.22,3.23,3.16,3.17,61056612.0
543,20160927,3.18,3.21,3.17,3.21,56337165.0
544,20160928,3.19,3.19,3.17,3.18,38678891.0
545,20160929,3.18,3.19,3.17,3.18,36188342.0
546,20160930,3.18,3.21,3.17,3.21,43361477.0
547,20161010,3.12,3.18,3.1,3.18,105657856.0
548,20161011,3.17,3.19,3.15,3.19,74291433.0
549,20161012,3.17,3.18,3.16,3.18,42980449.0
550,20161013,3.17,3.19,3.16,3.18,67334564.0
551,20161014,3.17,3.18,3.15,3.17,58885773.0
552,20161017,3.17,3.27,3.16,3.24,150963549.0
553,20161018,3.21,3.25,3.2,3.25,99447985.0
554,20161019,3.25,3.29,3.23,3.25,106341843.0
555,20161020,3.25,3.26,3.23,3.24,60592583.0
556,20161021,3.23,3.24,3.21,3.24,66354809.0
557,20161024,3.23,3.27,3.22,3.27,94130954.0
558,20161025,3.26,3.32,3.25,3.3,117685802.0
559,20161026,3.32,3.32,3.27,3.28,97827563.0
560,20161027,3.27,3.27,3.24,3.25,54930309.0
561,20161028,3.26,3.27,3.23,3.24,65178097.0
562,20161031,3.25,3.29,3.25,3.28,105435970.0
563,20161101,3.28,3.3,3.25,3.29,85874041.0
564,20161102,3.32,3.46,3.31,3.43,427629920.0
565,20161103,3.44,3.44,3.36,3.39,221493301.0
566,20161104,3.37,3.39,3.33,3.34,151398590.0
567,20161107,3.3,3.36,3.29,3.35,137382215.0
568,20161108,3.31,3.37,3.31,3.37,153773604.0
569,20161109,3.35,3.65,3.33,3.59,772258694.0
570,20161110,3.4,3.53,3.4,3.48,439591529.0
571,20161111,3.44,3.64,3.4,3.58,576321061.0
572,20161114,3.48,3.78,3.46,3.62,815498786.0
573,20161115,3.64,3.73,3.6,3.63,422443899.0
574,20161116,3.6,3.64,3.52,3.59,269822435.0
575,20161117,3.56,3.59,3.53,3.58,129613405.0
576,20161118,3.57,3.63,3.49,3.5,234488254.0
577,20161121,3.5,3.52,3.44,3.5,222565321.0
578,20161122,3.51,3.55,3.47,3.54,176891129.0
579,20161123,3.52,3.54,3.49,3.51,141084054.0
580,20161124,3.48,3.59,3.47,3.52,247751339.0
581,20161125,3.51,3.55,3.45,3.51,211991665.0
582,20161128,3.56,3.8,3.56,3.7,570817774.0
583,20161129,3.68,3.69,3.62,3.66,246067068.0
584,20161130,3.63,3.67,3.53,3.56,241377750.0
585,20161201,3.53,3.66,3.52,3.65,188884714.0
586,20161202,3.64,3.66,3.55,3.57,202560619.0
587,20161205,3.53,3.54,3.48,3.5,163266262.0
588,20161206,3.51,3.54,3.45,3.47,125910993.0
589,20161207,3.47,3.48,3.41,3.48,181125727.0
590,20161208,3.49,3.57,3.48,3.52,218171716.0
591,20161209,3.5,3.54,3.47,3.52,124494395.0
592,20161212,3.49,3.53,3.4,3.41,152726171.0
593,20161213,3.4,3.44,3.37,3.44,97684662.0
594,20161214,3.42,3.6,3.41,3.55,277689481.0
595,20161215,3.42,3.52,3.42,3.48,194086096.0
596,20161216,3.46,3.48,3.41,3.46,120906156.0
597,20161219,3.47,3.48,3.42,3.46,69879631.0
598,20161220,3.44,3.45,3.37,3.39,126043869.0
599,20161221,3.38,3.43,3.36,3.42,94281877.0
600,20161222,3.41,3.41,3.37,3.39,76783248.0
601,20161223,3.39,3.39,3.33,3.34,77726640.0
602,20161226,3.33,3.34,3.24,3.3,102474643.0
603,20161227,3.29,3.33,3.26,3.3,96052298.0
604,20161228,3.31,3.32,3.28,3.3,75457656.0
605,20161229,3.32,3.36,3.31,3.34,101348457.0
606,20161230,3.37,3.39,3.32,3.34,72380384.0
607,20170103,3.33,3.38,3.32,3.36,68200156.0
608,20170104,3.36,3.38,3.34,3.37,71716774.0
609,20170105,3.38,3.42,3.37,3.41,106678038.0
610,20170106,3.41,3.42,3.36,3.38,83070256.0
611,20170109,3.37,3.39,3.34,3.37,74292309.0
612,20170110,3.38,3.42,3.36,3.4,89850694.0
613,20170111,3.4,3.45,3.39,3.41,127231420.0
614,20170112,3.41,3.44,3.38,3.4,65327833.0
615,20170113,3.4,3.44,3.38,3.41,93620581.0
616,20170116,3.41,3.48,3.36,3.45,208386617.0
617,20170117,3.43,3.5,3.41,3.49,115334243.0
618,20170118,3.49,3.54,3.47,3.49,124184194.0
619,20170119,3.46,3.47,3.42,3.42,72496805.0
620,20170120,3.42,3.45,3.39,3.44,61454964.0
621,20170123,3.46,3.53,3.45,3.51,108756480.0
622,20170124,3.52,3.52,3.48,3.49,82270141.0
623,20170125,3.48,3.53,3.48,3.51,85767064.0
624,20170126,3.5,3.59,3.48,3.58,192555703.0
625,20170203,3.62,3.64,3.55,3.57,118628545.0
626,20170206,3.57,3.59,3.52,3.54,112262992.0
627,20170207,3.58,3.6,3.54,3.58,150379406.0
628,20170208,3.55,3.58,3.53,3.55,126882001.0
629,20170209,3.57,3.58,3.55,3.58,126753361.0
630,20170210,3.54,3.57,3.53,3.55,146372377.0
631,20170213,3.61,3.69,3.6,3.6,232152006.0
632,20170214,3.6,3.63,3.57,3.63,111211725.0
633,20170215,3.6,3.62,3.55,3.55,108767911.0
634,20170216,3.56,3.66,3.55,3.62,168226530.0
635,20170217,3.62,3.64,3.55,3.57,98759019.0
636,20170220,3.55,3.63,3.54,3.62,135871591.0
637,20170221,3.62,3.65,3.62,3.64,96313423.0
638,20170222,3.64,3.65,3.62,3.63,76407950.0
639,20170223,3.64,3.68,3.61,3.64,125046688.0
640,20170224,3.66,3.66,3.56,3.61,145993559.0
641,20170227,3.61,3.65,3.57,3.57,130474890.0
642,20170228,3.56,3.58,3.54,3.57,75580748.0
643,20170301,3.55,3.59,3.53,3.57,89169381.0
644,20170302,3.56,3.57,3.53,3.53,76853145.0
645,20170303,3.5,3.5,3.43,3.45,144520454.0
646,20170306,3.46,3.47,3.44,3.47,71277967.0
647,20170307,3.46,3.46,3.44,3.46,69486916.0
648,20170308,3.44,3.44,3.42,3.44,63176685.0
649,20170309,3.41,3.41,3.38,3.39,98834860.0
650,20170310,3.38,3.41,3.37,3.4,51034883.0
651,20170313,3.4,3.46,3.39,3.46,100126928.0
652,20170314,3.45,3.46,3.43,3.44,55696381.0
653,20170315,3.43,3.47,3.42,3.46,55938487.0
654,20170316,3.5,3.51,3.46,3.48,86167602.0
655,20170317,3.48,3.5,3.44,3.45,61361000.0
656,20170320,3.45,3.52,3.45,3.5,99115773.0
657,20170321,3.49,3.5,3.45,3.47,64973674.0
658,20170322,3.49,3.5,3.44,3.46,92110439.0
659,20170323,3.46,3.48,3.42,3.46,90045247.0
660,20170324,3.44,3.45,3.4,3.42,125655432.0
661,20170327,3.43,3.48,3.42,3.47,125514511.0
662,20170328,3.45,3.46,3.43,3.44,64817253.0
663,20170329,3.44,3.47,3.44,3.46,75753919.0
664,20170330,3.46,3.46,3.36,3.4,126224790.0
665,20170331,3.38,3.4,3.36,3.38,99857543.0
666,20170405,3.39,3.42,3.39,3.42,123210632.0
667,20170406,3.41,3.47,3.4,3.46,138195288.0
668,20170407,3.46,3.62,3.45,3.56,387706781.0
669,20170410,3.5,3.52,3.48,3.51,143286724.0
670,20170411,3.49,3.6,3.48,3.57,242283433.0
671,20170412,3.62,3.64,3.55,3.57,213761460.0
672,20170413,3.6,3.61,3.56,3.58,98934558.0
673,20170414,3.59,3.65,3.57,3.62,247270337.0
674,20170417,3.58,3.59,3.49,3.53,157567308.0
675,20170418,3.51,3.52,3.47,3.47,80474039.0
676,20170419,3.5,3.55,3.44,3.49,170506485.0
677,20170420,3.46,3.47,3.4,3.43,107461822.0
678,20170421,3.44,3.45,3.42,3.44,57359468.0
679,20170424,3.42,3.43,3.36,3.36,97540764.0
680,20170425,3.37,3.38,3.33,3.36,87296703.0
681,20170426,3.35,3.36,3.34,3.35,63032035.0
682,20170427,3.35,3.36,3.28,3.35,84042353.0
683,20170428,3.34,3.39,3.33,3.38,61427904.0
684,20170502,3.36,3.38,3.33,3.37,74337638.0
685,20170503,3.35,3.37,3.33,3.36,55269404.0
686,20170504,3.33,3.35,3.31,3.33,61721550.0
687,20170505,3.3,3.32,3.25,3.3,115237000.0
688,20170508,3.28,3.3,3.25,3.29,72756470.0
689,20170509,3.27,3.28,3.24,3.27,52688495.0
690,20170510,3.26,3.28,3.22,3.23,57427780.0
691,20170511,3.22,3.22,3.14,3.2,83853376.0
692,20170512,3.19,3.21,3.17,3.2,58277711.0
693,20170515,3.19,3.24,3.18,3.21,52100420.0
694,20170516,3.21,3.25,3.18,3.25,58007906.0
695,20170517,3.25,3.27,3.24,3.24,52994998.0
696,20170518,3.29,3.32,3.26,3.27,83288592.0
697,20170519,3.23,3.25,3.22,3.24,48323582.0
698,20170522,3.25,3.26,3.2,3.23,38530197.0
699,20170523,3.23,3.27,3.16,3.27,76899850.0
700,20170524,3.23,3.26,3.19,3.25,40707022.0
701,20170525,3.25,3.29,3.23,3.27,55886547.0
702,20170526,3.27,3.29,3.25,3.28,41373596.0
703,20170531,3.28,3.3,3.27,3.28,47092484.0
704,20170601,3.27,3.28,3.22,3.27,68817023.0
705,20170602,3.25,3.26,3.23,3.26,37102332.0
706,20170605,3.28,3.3,3.27,3.28,68072332.0
707,20170606,3.27,3.31,3.26,3.3,62333828.0
708,20170607,3.3,3.33,3.3,3.32,62959715.0
709,20170608,3.31,3.32,3.28,3.29,42844816.0
710,20170609,3.28,3.31,3.27,3.3,48223517.0
711,20170612,3.28,3.29,3.24,3.25,71804062.0
712,20170613,3.24,3.33,3.23,3.31,110969964.0
713,20170614,3.31,3.33,3.3,3.31,73225240.0
714,20170615,3.31,3.35,3.3,3.35,82003807.0
715,20170616,3.34,3.36,3.32,3.35,62151172.0
716,20170619,3.34,3.36,3.33,3.35,48645772.0
717,20170620,3.34,3.35,3.31,3.33,49698158.0
718,20170621,3.34,3.34,3.32,3.34,39578100.0
719,20170622,3.34,3.36,3.33,3.35,71678807.0
720,20170623,3.34,3.36,3.28,3.36,77749439.0
721,20170626,3.35,3.37,3.34,3.37,44362351.0
722,20170627,3.35,3.37,3.32,3.36,53293381.0
723,20170628,3.35,3.38,3.34,3.37,53236135.0
724,20170629,3.37,3.4,3.36,3.39,67122050.0
725,20170630,3.37,3.44,3.37,3.43,78596350.0
726,20170703,3.43,3.45,3.39,3.44,76418222.0
727,20170704,3.41,3.46,3.41,3.45,84382858.0
728,20170705,3.44,3.48,3.43,3.47,64575573.0
729,20170706,3.47,3.5,3.45,3.49,80725767.0
730,20170707,3.48,3.52,3.45,3.51,120817513.0
731,20170710,3.49,3.55,3.49,3.54,106350999.0
732,20170711,3.54,3.54,3.46,3.47,101452764.0
733,20170712,3.47,3.5,3.45,3.47,62290249.0
734,20170713,3.47,3.64,3.46,3.55,169804393.0
735,20170714,3.54,3.57,3.51,3.55,80888332.0
736,20170717,3.57,3.61,3.46,3.58,170097887.0
737,20170718,3.55,3.61,3.54,3.6,105948989.0
738,20170719,3.61,3.7,3.6,3.64,412481184.0
739,20170720,3.63,3.65,3.59,3.59,176336861.0
740,20170721,3.6,3.6,3.51,3.54,190360360.0
741,20170724,3.54,3.57,3.53,3.56,111936875.0
742,20170725,3.56,3.56,3.51,3.56,83429038.0
743,20170726,3.61,3.7,3.61,3.67,334504981.0
744,20170727,3.67,3.71,3.62,3.66,185763332.0
745,20170728,3.65,3.66,3.62,3.65,73353019.0
746,20170731,3.66,3.75,3.65,3.73,254215302.0
747,20170801,3.73,3.8,3.71,3.76,190882553.0
748,20170802,3.74,3.8,3.7,3.74,174631668.0
749,20170803,3.72,3.78,3.71,3.76,130941092.0
750,20170804,3.72,3.85,3.7,3.79,285711757.0
751,20170807,3.75,3.78,3.7,3.75,189560153.0
752,20170808,3.75,3.98,3.75,3.9,346885514.0
753,20170809,3.96,4.06,3.9,4.06,388759688.0
754,20170810,4.1,4.13,3.94,4.04,334823622.0
755,20170811,4.03,4.13,3.85,3.88,396294869.0
756,20170814,3.86,3.9,3.76,3.79,306003244.0
757,20170815,3.76,3.76,3.68,3.73,208219832.0
758,20170816,3.71,3.72,3.64,3.66,176159598.0
759,20170817,3.77,3.83,3.74,3.82,298267315.0
760,20170818,3.77,3.78,3.69,3.76,133647237.0
761,20170821,3.77,3.78,3.71,3.78,122319456.0
762,20170822,3.77,3.79,3.73,3.75,102040385.0
763,20170823,3.73,3.73,3.66,3.67,127874012.0
764,20170824,3.67,3.7,3.63,3.64,70797731.0
765,20170825,3.65,3.72,3.64,3.7,114121793.0
766,20170828,3.71,3.76,3.67,3.74,206350110.0
767,20170829,3.78,3.82,3.76,3.79,223368910.0
768,20170830,3.77,3.82,3.74,3.77,198967999.0
769,20170831,3.76,3.77,3.71,3.75,117638656.0
770,20170901,3.77,4.09,3.77,4.04,521784167.0
771,20170904,4.2,4.32,4.08,4.3,578001845.0
772,20170905,4.24,4.32,4.16,4.27,348337767.0
773,20170906,4.28,4.46,4.22,4.38,463099282.0
774,20170907,4.29,4.34,4.15,4.17,258237080.0
775,20170908,4.22,4.37,4.18,4.29,336567248.0
776,20170911,4.18,4.2,4.06,4.16,435950330.0
777,20170912,4.11,4.19,4.08,4.14,306246616.0
778,20170913,4.11,4.13,4.03,4.05,233460021.0
779,20170914,4.01,4.05,3.98,4.01,212775283.0
780,20170915,4.04,4.07,3.99,4.01,183356615.0
781,20170918,3.97,3.98,3.9,3.95,192424188.0
782,20170919,3.96,4.0,3.93,3.99,173006890.0
783,20170920,3.99,4.07,3.95,4.05,218979416.0
784,20170921,4.0,4.02,3.89,3.9,242811970.0
785,20170922,3.86,3.93,3.81,3.92,236761309.0
786,20170925,3.9,3.92,3.85,3.91,142163375.0
787,20170926,3.93,3.95,3.9,3.93,90603975.0
788,20170927,3.88,3.92,3.87,3.91,85686490.0
789,20170928,3.88,3.9,3.83,3.87,139863352.0
790,20170929,3.87,3.9,3.83,3.87,148353094.0
791,20171009,3.89,3.95,3.87,3.9,177652527.0
792,20171010,3.91,3.92,3.86,3.9,106008102.0
793,20171011,3.9,3.91,3.85,3.87,96735024.0
794,20171012,3.87,3.88,3.83,3.87,107810208.0
795,20171013,3.86,3.91,3.86,3.9,99248592.0
796,20171016,3.91,4.03,3.88,4.01,310989033.0
797,20171017,3.98,3.99,3.9,3.91,182118475.0
798,20171018,3.9,3.94,3.87,3.93,155694383.0
799,20171019,3.89,3.95,3.83,3.94,159974866.0
800,20171020,3.91,3.98,3.89,3.94,102684245.0
801,20171023,3.91,3.94,3.89,3.9,72708561.0
802,20171024,3.89,3.96,3.89,3.96,139159203.0
803,20171025,3.93,4.0,3.92,3.97,137557586.0
804,20171026,3.98,3.99,3.84,3.87,355855335.0
805,20171027,3.85,3.86,3.7,3.72,347776960.0
806,20171030,3.73,3.74,3.59,3.7,215911768.0
807,20171031,3.67,3.7,3.66,3.69,76374077.0
808,20171101,3.69,3.72,3.66,3.68,102050484.0
809,20171102,3.69,3.72,3.67,3.7,91943573.0
810,20171103,3.69,3.71,3.59,3.7,173395116.0
811,20171106,3.66,3.68,3.64,3.68,77774958.0
812,20171107,3.69,3.78,3.68,3.73,166134055.0
813,20171108,3.71,3.74,3.7,3.72,100270130.0
814,20171109,3.72,3.74,3.71,3.73,75738618.0
815,20171110,3.73,3.75,3.69,3.7,75185943.0
816,20171113,3.68,3.7,3.65,3.67,101846018.0
817,20171114,3.66,3.69,3.64,3.65,76848462.0
818,20171115,3.63,3.67,3.61,3.66,106398894.0
819,20171116,3.64,3.64,3.6,3.6,87145894.0
820,20171117,3.59,3.7,3.58,3.69,186846771.0
821,20171120,3.69,3.73,3.66,3.71,109315395.0
822,20171121,3.68,3.69,3.66,3.68,69630462.0
823,20171122,3.68,3.74,3.67,3.73,103081951.0
824,20171123,3.75,3.88,3.75,3.79,292812238.0
825,20171124,3.76,3.83,3.7,3.83,177639932.0
826,20171127,3.82,3.89,3.78,3.84,196440575.0
827,20171128,3.83,3.86,3.75,3.84,147555385.0
828,20171129,3.8,3.98,3.79,3.95,354085454.0
829,20171130,3.93,3.99,3.89,3.95,197653479.0
830,20171201,3.92,3.95,3.85,3.94,141984107.0
831,20171204,3.9,3.98,3.9,3.94,143716151.0
832,20171205,3.94,4.03,3.91,4.01,387557220.0
833,20171206,3.95,3.95,3.85,3.9,221685893.0
834,20171207,3.88,3.94,3.86,3.9,122767333.0
835,20171208,3.85,3.88,3.82,3.86,123442958.0
836,20171211,3.85,3.87,3.82,3.87,78779478.0
837,20171212,3.86,3.9,3.84,3.85,80284273.0
838,20171213,3.84,3.88,3.78,3.88,123419572.0
839,20171214,3.89,3.99,3.88,3.93,172302731.0
840,20171215,3.93,3.98,3.92,3.98,160180859.0
841,20171218,3.98,3.99,3.94,3.99,130037227.0
842,20171219,3.99,4.02,3.96,3.99,110923162.0
843,20171220,3.98,4.01,3.91,3.99,138165696.0
844,20171221,4.0,4.07,3.97,4.05,189735197.0
845,20171222,4.04,4.24,4.03,4.16,302081104.0
846,20171225,4.2,4.23,4.11,4.18,185549902.0
847,20171226,4.16,4.22,4.13,4.18,181912753.0
848,20171227,4.22,4.38,4.22,4.26,341053510.0
849,20171228,4.25,4.69,4.24,4.69,932802631.0
850,20171229,4.69,4.72,4.53,4.59,493022181.0
851,20180102,4.66,4.78,4.48,4.61,904969245.0
852,20180103,4.61,4.78,4.55,4.63,800586908.0
853,20180104,4.56,4.75,4.5,4.69,745690604.0
854,20180105,4.7,4.85,4.61,4.63,709989436.0
855,20180108,4.58,4.9,4.55,4.85,750815236.0
856,20180109,4.83,4.96,4.75,4.81,555580469.0
857,20180110,4.78,4.92,4.76,4.82,409991182.0
858,20180111,4.82,4.89,4.68,4.72,366501671.0
859,20180112,4.7,4.71,4.6,4.64,365856913.0
860,20180115,4.69,4.78,4.6,4.71,421465788.0
861,20180116,4.71,4.73,4.62,4.7,311944436.0
862,20180117,4.63,4.63,4.45,4.46,444916721.0
863,20180118,4.42,4.52,4.4,4.48,248575487.0
864,20180119,4.48,4.52,4.4,4.51,317515503.0
865,20180122,4.48,4.57,4.45,4.56,280803436.0
866,20180123,4.57,4.63,4.49,4.61,302481152.0
867,20180124,4.55,4.55,4.42,4.52,398778773.0
868,20180125,4.75,4.96,4.69,4.9,876609248.0
869,20180126,4.81,4.9,4.78,4.88,417327700.0
870,20180129,4.88,5.12,4.87,5.04,662433560.0
871,20180130,4.98,5.12,4.9,4.94,450541958.0
872,20180131,4.87,5.15,4.82,5.13,511292654.0
873,20180201,5.13,5.23,5.01,5.08,577300310.0
874,20180202,5.02,5.5,4.83,5.38,595392538.0
875,20180205,5.21,5.53,5.18,5.41,586541196.0
876,20180206,5.3,5.55,5.1,5.3,722180189.0
877,20180207,5.39,5.43,4.98,5.12,611264224.0
878,20180208,4.89,4.95,4.61,4.69,577049289.0
879,20180209,4.46,4.55,4.22,4.37,649434382.0
880,20180212,4.34,4.45,4.16,4.39,336628211.0
881,20180213,4.45,4.51,4.35,4.42,328270198.0
882,20180214,4.53,4.62,4.44,4.59,325366478.0
883,20180222,4.65,4.82,4.58,4.77,319993786.0
884,20180223,4.83,4.88,4.68,4.82,260541903.0
885,20180226,4.85,4.95,4.72,4.89,338513150.0
886,20180227,4.88,4.88,4.66,4.7,368811456.0
887,20180228,4.57,4.71,4.51,4.6,279989612.0
888,20180301,4.55,4.69,4.52,4.68,251600854.0
889,20180302,4.6,4.68,4.55,4.61,170169220.0
890,20180305,4.62,4.65,4.56,4.61,178464875.0
891,20180306,4.62,4.65,4.44,4.59,399975539.0
892,20180307,4.62,4.65,4.49,4.54,228842371.0
893,20180308,4.62,4.94,4.62,4.82,635166620.0
894,20180309,4.78,4.8,4.7,4.77,341002790.0
895,20180312,4.83,4.89,4.74,4.81,413033855.0
896,20180313,4.76,4.83,4.73,4.77,226292637.0
897,20180314,4.75,4.91,4.74,4.88,372302252.0
898,20180315,4.86,4.94,4.79,4.84,282543317.0
899,20180316,4.8,4.82,4.72,4.72,225419309.0
900,20180319,4.66,4.66,4.54,4.58,261132788.0
901,20180320,4.54,4.58,4.51,4.57,170123686.0
902,20180321,4.55,4.65,4.52,4.62,213658188.0
903,20180322,4.65,4.68,4.51,4.57,209454663.0
904,20180323,4.41,4.59,4.31,4.54,519486467.0
905,20180326,4.56,4.68,4.47,4.52,316902896.0
906,20180327,4.55,4.64,4.48,4.61,295866994.0
907,20180328,4.52,4.58,4.45,4.49,217563114.0
908,20180329,4.46,4.48,4.32,4.4,298277948.0
909,20180330,4.42,4.43,4.32,4.35,270815565.0
910,20180402,4.33,4.43,4.33,4.42,291633136.0
911,20180403,4.4,4.46,4.33,4.34,244083959.0
912,20180404,4.32,4.4,4.31,4.35,204173242.0
913,20180409,4.34,4.36,4.28,4.28,201918931.0
914,20180410,4.29,4.4,4.28,4.39,242576599.0
915,20180411,4.45,4.54,4.4,4.52,351698872.0
916,20180412,4.5,4.55,4.45,4.47,252202090.0
917,20180413,4.4,4.43,4.36,4.37,187450385.0
918,20180416,4.41,4.42,4.3,4.33,178887348.0
919,20180417,4.36,4.36,4.17,4.21,218257133.0
920,20180418,4.24,4.25,4.06,4.14,212365928.0
921,20180419,4.2,4.3,4.2,4.27,199515833.0
922,20180420,4.21,4.24,4.1,4.21,178399448.0
923,20180423,4.16,4.18,4.1,4.12,111312115.0
924,20180424,4.09,4.18,4.08,4.15,123523286.0
925,20180425,4.12,4.17,4.09,4.14,114519246.0
926,20180426,4.12,4.16,4.06,4.12,128055471.0
927,20180427,4.12,4.14,4.05,4.12,117512377.0
928,20180502,4.08,4.1,3.98,3.99,136097114.0
929,20180503,3.99,4.01,3.88,3.96,144132119.0
930,20180504,3.95,3.99,3.93,3.96,86444077.0
931,20180507,3.95,4.0,3.93,3.99,105286276.0
932,20180508,3.98,4.1,3.97,4.08,160479333.0
933,20180509,4.07,4.11,4.05,4.07,94121958.0
934,20180510,4.09,4.12,4.08,4.1,91203595.0
935,20180511,4.12,4.16,4.09,4.12,116731693.0
936,20180514,4.12,4.13,4.07,4.1,86524457.0
937,20180515,4.1,4.11,3.99,4.06,132618822.0
938,20180516,4.0,4.0,3.95,3.96,127135495.0
939,20180517,3.96,3.97,3.9,3.92,105165087.0
940,20180518,3.91,3.97,3.9,3.97,92607473.0
941,20180521,3.98,4.02,3.97,4.0,88436197.0
942,20180522,4.01,4.02,3.93,3.95,82182634.0
943,20180523,3.96,3.99,3.92,3.93,93606992.0
944,20180524,3.9,3.93,3.88,3.89,85591156.0
945,20180525,3.92,3.93,3.81,3.88,121488320.0
946,20180528,3.85,3.86,3.77,3.81,99800165.0
947,20180529,3.79,3.83,3.76,3.82,98206205.0
948,20180530,3.79,3.88,3.76,3.84,147489263.0
949,20180531,3.78,3.81,3.71,3.75,170948486.0
950,20180601,3.74,3.74,3.66,3.68,126384236.0
951,20180604,3.68,3.7,3.63,3.66,106601581.0
952,20180605,3.65,3.73,3.65,3.72,102980832.0
953,20180606,3.77,3.99,3.77,3.96,348214742.0
954,20180607,4.03,4.09,3.93,3.96,267608747.0
955,20180608,3.96,4.04,3.88,3.9,193883622.0
956,20180611,3.92,4.04,3.92,4.02,197254925.0
957,20180612,3.99,4.06,3.96,4.05,165167658.0
958,20180613,4.0,4.01,3.96,4.0,106974656.0
959,20180614,3.98,4.02,3.93,3.95,105299261.0
960,20180615,3.93,3.98,3.75,3.96,199486650.0
961,20180619,3.82,4.0,3.79,3.97,363722952.0
962,20180620,3.91,3.92,3.78,3.85,183578570.0
963,20180621,3.82,3.92,3.77,3.78,119725731.0
964,20180622,3.76,3.82,3.71,3.8,73246225.0
965,20180625,3.85,3.85,3.72,3.74,81521208.0
966,20180626,3.67,3.68,3.6,3.66,122799870.0
967,20180627,3.64,3.67,3.61,3.66,88045681.0
968,20180628,3.63,3.66,3.61,3.64,70000601.0
969,20180629,3.56,3.63,3.52,3.61,95240469.0
970,20180702,3.6,3.6,3.45,3.48,108042332.0
971,20180703,3.45,3.47,3.4,3.47,98470146.0
972,20180704,3.47,3.59,3.46,3.56,152350864.0
973,20180705,3.51,3.6,3.42,3.57,233961495.0
974,20180706,3.52,3.56,3.48,3.53,104495672.0
975,20180709,3.53,3.59,3.52,3.58,93213680.0
976,20180710,3.56,3.62,3.55,3.57,99712288.0
977,20180711,3.48,3.49,3.36,3.4,172747618.0
978,20180712,3.37,3.46,3.36,3.45,112418876.0
979,20180713,3.44,3.45,3.4,3.41,83051585.0
980,20180716,3.41,3.42,3.37,3.39,55170415.0
981,20180717,3.37,3.38,3.34,3.37,74982768.0
982,20180718,3.35,3.36,3.3,3.31,110973017.0
983,20180719,3.32,3.33,3.26,3.27,80229812.0
984,20180720,3.25,3.29,3.21,3.28,113083940.0
985,20180723,3.34,3.42,3.33,3.41,197011234.0
986,20180724,3.39,3.6,3.38,3.57,296322594.0
987,20180725,3.62,3.62,3.54,3.59,169175839.0
988,20180726,3.59,3.62,3.52,3.56,126354595.0
989,20180727,3.53,3.58,3.51,3.55,73858620.0
990,20180730,3.57,3.6,3.52,3.52,83509977.0
991,20180731,3.54,3.56,3.53,3.54,58153102.0
992,20180801,3.54,3.57,3.46,3.47,69700287.0
993,20180802,3.44,3.44,3.3,3.36,128103124.0
994,20180803,3.33,3.35,3.29,3.3,77910253.0
995,20180806,3.3,3.35,3.25,3.28,88518903.0
996,20180807,3.28,3.41,3.22,3.39,160752217.0
997,20180808,3.36,3.44,3.33,3.39,141103558.0
998,20180809,3.36,3.48,3.35,3.46,122494361.0
999,20180810,3.44,3.46,3.39,3.43,83895519.0
1000,20180813,3.38,3.41,3.35,3.41,65728554.0
1001,20180814,3.37,3.4,3.35,3.39,50637856.0
1002,20180815,3.37,3.38,3.31,3.31,66431764.0
1003,20180816,3.25,3.31,3.21,3.24,88496235.0
1004,20180817,3.26,3.3,3.21,3.23,66970601.0
1005,20180820,3.23,3.28,3.23,3.28,55659941.0
1006,20180821,3.28,3.33,3.28,3.32,59473421.0
1007,20180822,3.32,3.32,3.29,3.3,34221031.0
1008,20180823,3.29,3.32,3.28,3.3,41309905.0
1009,20180824,3.29,3.32,3.27,3.31,39982015.0
1010,20180827,3.37,3.44,3.36,3.43,129243921.0
1011,20180828,3.45,3.46,3.41,3.43,89970171.0
1012,20180829,3.42,3.47,3.41,3.43,90383591.0
1013,20180830,3.43,3.47,3.38,3.39,71431588.0
1014,20180831,3.4,3.43,3.36,3.4,68925152.0
1015,20180903,3.4,3.4,3.34,3.37,57869087.0
1016,20180904,3.37,3.43,3.37,3.4,61418167.0
1017,20180905,3.38,3.42,3.36,3.37,58111361.0
1018,20180906,3.41,3.46,3.38,3.39,114259985.0
1019,20180907,3.38,3.46,3.38,3.44,101482056.0
1020,20180910,3.44,3.45,3.35,3.35,80334977.0
1021,20180911,3.35,3.36,3.29,3.33,71288918.0
1022,20180912,3.32,3.35,3.29,3.32,48056571.0
1023,20180913,3.37,3.41,3.35,3.4,75581208.0
1024,20180914,3.39,3.47,3.38,3.45,105338132.0
1025,20180917,3.42,3.44,3.38,3.4,56436193.0
1026,20180918,3.4,3.47,3.36,3.45,95041737.0
1027,20180919,3.45,3.58,3.44,3.55,178428653.0
1028,20180920,3.54,3.58,3.52,3.53,106961357.0
1029,20180921,3.56,3.63,3.54,3.61,145793098.0
1030,20180925,3.61,3.67,3.57,3.6,112969413.0
1031,20180926,3.6,3.65,3.57,3.59,115448165.0
1032,20180927,3.61,3.62,3.55,3.55,94159472.0
1033,20180928,3.52,3.58,3.51,3.57,87367883.0
1034,20181008,3.51,3.57,3.45,3.47,105933154.0
1035,20181009,3.49,3.63,3.46,3.59,152155785.0
1036,20181010,3.63,3.73,3.6,3.69,218598038.0
1037,20181011,3.61,3.74,3.51,3.6,233582752.0
1038,20181012,3.69,3.73,3.6,3.65,210741355.0
1039,20181015,3.64,3.64,3.54,3.58,146955681.0
1040,20181016,3.57,3.59,3.28,3.34,208346562.0
1041,20181017,3.33,3.41,3.31,3.37,107280833.0
1042,20181018,3.34,3.35,3.25,3.29,101001739.0
1043,20181019,3.26,3.43,3.24,3.4,129329428.0
1044,20181022,3.42,3.55,3.41,3.5,186047967.0
1045,20181023,3.48,3.51,3.39,3.48,143088697.0
1046,20181024,3.45,3.55,3.44,3.51,134741366.0
1047,20181025,3.46,3.57,3.45,3.56,171463192.0
1048,20181026,3.52,3.59,3.51,3.55,113865773.0
1049,20181029,3.51,3.55,3.41,3.42,134893375.0
1050,20181030,3.39,3.44,3.35,3.41,95908276.0
1051,20181031,3.41,3.44,3.36,3.42,98727312.0
1052,20181101,3.42,3.52,3.39,3.5,155805569.0
1053,20181102,3.54,3.58,3.49,3.54,187295266.0
1054,20181105,3.53,3.58,3.52,3.55,114472927.0
1055,20181106,3.53,3.55,3.5,3.55,81464032.0
1056,20181107,3.54,3.63,3.53,3.56,134390284.0
1057,20181108,3.54,3.55,3.47,3.48,97301177.0
1058,20181109,3.45,3.49,3.4,3.42,78866534.0
1059,20181112,3.39,3.44,3.37,3.44,108277904.0
1060,20181113,3.4,3.48,3.39,3.46,99813597.0
1061,20181114,3.44,3.49,3.43,3.44,97716861.0
1062,20181115,3.46,3.48,3.43,3.48,88172759.0
1063,20181116,3.47,3.48,3.44,3.46,104465398.0
1064,20181119,3.47,3.48,3.45,3.47,100314835.0
1065,20181120,3.46,3.55,3.45,3.54,212665738.0
1066,20181121,3.52,3.54,3.48,3.53,126890818.0
1067,20181122,3.53,3.54,3.5,3.51,61350805.0
1068,20181123,3.5,3.52,3.38,3.39,127364673.0
1069,20181126,3.37,3.4,3.32,3.34,88107285.0
1070,20181127,3.34,3.37,3.32,3.34,56393802.0
1071,20181128,3.33,3.34,3.29,3.34,99836942.0
1072,20181129,3.38,3.45,3.37,3.38,163190285.0
1073,20181130,3.36,3.39,3.32,3.39,83990033.0
1074,20181203,3.42,3.44,3.39,3.44,112694896.0
1075,20181204,3.43,3.44,3.4,3.44,119089025.0
1076,20181205,3.4,3.45,3.39,3.41,143883036.0
1077,20181206,3.42,3.45,3.39,3.4,97294809.0
1078,20181207,3.39,3.42,3.38,3.4,50006667.0
1079,20181210,3.44,3.49,3.43,3.46,155008925.0
1080,20181211,3.43,3.49,3.43,3.48,96102612.0
1081,20181212,3.47,3.48,3.41,3.43,80943899.0
1082,20181213,3.43,3.45,3.4,3.43,91535730.0
1083,20181214,3.42,3.43,3.37,3.38,86016139.0
1084,20181217,3.36,3.43,3.35,3.41,62025925.0
1085,20181218,3.41,3.46,3.4,3.42,99574674.0
1086,20181219,3.42,3.44,3.39,3.42,61950662.0
1087,20181220,3.39,3.41,3.35,3.37,94984629.0
1088,20181221,3.4,3.44,3.35,3.38,108557282.0
1089,20181224,3.38,3.41,3.36,3.39,59325844.0
1090,20181225,3.4,3.42,3.36,3.39,95503961.0
1091,20181226,3.37,3.39,3.34,3.37,92924792.0
1092,20181227,3.38,3.39,3.31,3.32,92075056.0
1093,20181228,3.32,3.34,3.31,3.34,54649258.0
1094,20190102,3.29,3.29,3.01,3.01,344893938.0
1095,20190103,2.96,3.06,2.94,3.05,223657048.0
1096,20190104,3.04,3.09,3.02,3.08,136524076.0
1097,20190107,3.08,3.1,3.05,3.08,140964202.0
1098,20190108,3.08,3.08,3.03,3.04,111505464.0
1099,20190109,3.04,3.09,3.03,3.06,102030136.0
1100,20190110,3.07,3.09,3.05,3.07,82158912.0
1101,20190111,3.06,3.07,3.04,3.05,65781950.0
1102,20190114,3.06,3.07,3.03,3.05,76629224.0
1103,20190115,3.04,3.05,3.01,3.05,97828330.0
1104,20190116,3.04,3.05,2.97,2.99,140584685.0
1105,20190117,3.0,3.02,2.97,3.0,113644594.0
1106,20190118,3.0,3.03,2.98,3.03,127583959.0
1107,20190121,3.03,3.03,3.0,3.01,95026517.0
1108,20190122,3.01,3.01,2.97,2.98,75337852.0
1109,20190123,2.99,2.99,2.97,2.98,54932032.0
1110,20190124,2.97,2.98,2.96,2.97,56591581.0
1111,20190125,2.97,2.98,2.96,2.98,45509255.0
1112,20190128,3.01,3.02,2.99,2.99,93396791.0
1113,20190129,2.99,2.99,2.93,2.95,105175315.0
1114,20190130,2.96,2.97,2.95,2.97,49189999.0
1115,20190131,2.98,3.02,2.96,2.98,112379860.0
1116,20190201,2.99,3.01,2.97,3.01,86699838.0
1117,20190211,3.01,3.06,3.01,3.05,152350959.0
1118,20190212,3.04,3.08,3.03,3.08,150506609.0
1119,20190213,3.09,3.22,3.06,3.2,277932621.0
1120,20190214,3.19,3.19,3.14,3.17,132319449.0
1121,20190215,3.16,3.3,3.16,3.25,248612565.0
1122,20190218,3.27,3.42,3.27,3.4,267694257.0
1123,20190219,3.41,3.47,3.37,3.39,198043064.0
1124,20190220,3.48,3.58,3.44,3.51,304060196.0
1125,20190221,3.53,3.56,3.45,3.49,227817222.0
1126,20190222,3.42,3.48,3.4,3.48,196605150.0
1127,20190225,3.51,3.77,3.5,3.74,421263092.0
1128,20190226,3.68,3.79,3.66,3.69,338028793.0
1129,20190227,3.66,3.71,3.59,3.63,274601696.0
1130,20190228,3.62,3.65,3.56,3.58,139667105.0
1131,20190301,3.59,3.63,3.55,3.63,131776899.0
1132,20190304,3.62,3.71,3.58,3.63,297107382.0
1133,20190305,3.58,3.62,3.56,3.61,212953785.0
1134,20190306,3.62,3.73,3.61,3.7,342072781.0
1135,20190307,3.68,3.86,3.65,3.77,468007540.0
1136,20190308,3.68,3.69,3.53,3.55,310032379.0
1137,20190311,3.55,3.61,3.53,3.61,184553876.0
1138,20190312,3.63,3.64,3.57,3.6,221104114.0
1139,20190313,3.62,3.63,3.55,3.56,169520946.0
1140,20190314,3.56,3.61,3.43,3.45,182958636.0
1141,20190315,3.45,3.51,3.43,3.48,149209484.0
1142,20190318,3.48,3.57,3.48,3.56,157844342.0
1143,20190319,3.57,3.58,3.51,3.55,148766752.0
1144,20190320,3.54,3.58,3.49,3.54,147702573.0
1145,20190321,3.58,3.67,3.57,3.64,313392126.0
1146,20190322,3.62,3.63,3.56,3.59,159107065.0
1147,20190325,3.57,3.58,3.51,3.52,185615645.0
1148,20190326,3.55,3.59,3.48,3.5,158470262.0
1149,20190327,3.5,3.51,3.41,3.47,151900538.0
1150,20190328,3.43,3.47,3.41,3.45,103903538.0
1151,20190329,3.43,3.51,3.41,3.51,167790834.0
1152,20190401,3.55,3.72,3.54,3.65,346648722.0
1153,20190402,3.67,3.69,3.61,3.66,235620825.0
1154,20190403,3.63,3.72,3.61,3.7,230835767.0
1155,20190404,3.72,3.84,3.7,3.73,288487946.0
1156,20190408,3.76,3.81,3.68,3.75,333352428.0
1157,20190409,3.76,3.8,3.63,3.69,257117880.0
1158,20190410,3.68,3.7,3.63,3.68,197666788.0
1159,20190411,3.67,3.69,3.6,3.61,156941363.0
1160,20190412,3.57,3.59,3.51,3.55,170424612.0
1161,20190415,3.59,3.63,3.49,3.52,160273922.0
1162,20190416,3.5,3.64,3.48,3.63,263379873.0
1163,20190417,3.6,3.62,3.56,3.59,226071018.0
1164,20190418,3.58,3.63,3.54,3.56,175409777.0
1165,20190419,3.54,3.57,3.51,3.57,158245475.0
1166,20190422,3.58,3.59,3.51,3.54,148102227.0
1167,20190423,3.52,3.53,3.45,3.47,146636430.0
1168,20190424,3.46,3.49,3.43,3.49,109202266.0
1169,20190425,3.47,3.47,3.38,3.39,172772380.0
1170,20190426,3.37,3.4,3.33,3.33,123799987.0
1171,20190429,3.35,3.36,3.3,3.31,127627281.0
1172,20190430,3.3,3.33,3.28,3.32,117784272.0
1173,20190506,3.22,3.28,3.15,3.18,230442131.0
1174,20190507,3.18,3.21,3.15,3.21,146427468.0
1175,20190508,3.17,3.3,3.16,3.28,162070654.0
1176,20190509,3.23,3.25,3.19,3.2,103281446.0
1177,20190510,3.22,3.25,3.2,3.25,114172700.0
1178,20190513,3.22,3.23,3.2,3.2,61057401.0
1179,20190514,3.23,3.29,3.23,3.25,145078681.0
1180,20190515,3.23,3.27,3.22,3.26,99146627.0
1181,20190516,3.24,3.35,3.24,3.31,150643893.0
1182,20190517,3.28,3.29,3.2,3.21,120071846.0
1183,20190520,3.19,3.2,3.15,3.19,69048190.0
1184,20190521,3.18,3.27,3.17,3.24,87065610.0
1185,20190522,3.24,3.26,3.21,3.23,57109946.0
1186,20190523,3.22,3.23,3.18,3.19,48545816.0
1187,20190524,3.22,3.23,3.19,3.2,44999395.0
1188,20190527,3.19,3.23,3.18,3.22,76507453.0
1189,20190528,3.22,3.24,3.19,3.23,96931021.0
1190,20190529,3.2,3.23,3.2,3.23,63991993.0
1191,20190530,3.21,3.22,3.17,3.21,76343565.0
1192,20190531,3.23,3.25,3.22,3.25,113893012.0
1193,20190603,3.3,3.36,3.27,3.34,266795971.0
1194,20190604,3.39,3.4,3.29,3.31,171255469.0
1195,20190605,3.31,3.37,3.29,3.36,157710476.0
1196,20190606,3.33,3.37,3.3,3.3,121516118.0
1197,20190610,3.3,3.3,3.22,3.25,158761527.0
1198,20190611,3.24,3.33,3.22,3.32,154686714.0
1199,20190612,3.3,3.48,3.29,3.42,375130405.0
1200,20190613,3.39,3.43,3.36,3.4,184375944.0
1201,20190614,3.42,3.49,3.37,3.48,286710412.0
1202,20190617,3.42,3.48,3.41,3.43,178284782.0
1203,20190618,3.41,3.48,3.41,3.47,145246787.0
1204,20190619,3.45,3.5,3.42,3.47,179674094.0
1205,20190620,3.57,3.68,3.52,3.63,541793885.0
1206,20190621,3.72,3.9,3.64,3.73,677274913.0
1207,20190624,3.79,3.83,3.71,3.75,382163722.0
1208,20190625,3.83,3.98,3.82,3.92,834572845.0
1209,20190626,3.8,3.82,3.65,3.67,542518726.0
1210,20190627,3.66,3.76,3.65,3.73,309696852.0
1211,20190628,3.79,3.88,3.75,3.77,319098708.0
1212,20190701,3.65,3.77,3.62,3.74,303932527.0
1213,20190702,3.71,3.79,3.68,3.78,235653589.0
1214,20190703,3.96,3.99,3.82,3.83,339464306.0
1215,20190704,3.82,3.85,3.69,3.72,272680635.0
1216,20190705,3.72,3.77,3.72,3.76,133314881.0
1217,20190708,3.7,3.72,3.63,3.7,199171360.0
1218,20190709,3.65,3.66,3.61,3.65,100211367.0
1219,20190710,3.62,3.65,3.57,3.58,101798956.0
1220,20190711,3.6,3.64,3.55,3.58,211054511.0
1221,20190712,3.54,3.56,3.49,3.52,121573973.0
1222,20190715,3.53,3.56,3.48,3.55,99242100.0
1223,20190716,3.53,3.58,3.52,3.57,86871280.0
1224,20190717,3.53,3.55,3.5,3.52,93719750.0
1225,20190718,3.6,3.61,3.52,3.53,132252728.0
1226,20190719,3.62,3.69,3.58,3.67,268517560.0
1227,20190722,3.6,3.63,3.54,3.61,144723990.0
1228,20190723,3.56,3.61,3.56,3.61,92937260.0
1229,20190724,3.6,3.64,3.59,3.64,124948452.0
1230,20190725,3.61,3.63,3.58,3.61,128370877.0
1231,20190726,3.57,3.58,3.53,3.58,110488584.0
1232,20190729,3.59,3.6,3.55,3.57,81150731.0
1233,20190730,3.58,3.63,3.56,3.63,167623940.0
1234,20190731,3.62,3.67,3.6,3.66,162458817.0
1235,20190801,3.56,3.6,3.52,3.58,167697088.0
1236,20190802,3.64,3.66,3.56,3.58,136928969.0
1237,20190805,3.57,3.83,3.57,3.79,458177644.0
1238,20190806,3.8,3.85,3.65,3.69,387461557.0
1239,20190807,3.75,3.82,3.73,3.78,323050309.0
1240,20190808,3.85,3.88,3.76,3.8,285591175.0
1241,20190809,3.79,3.82,3.72,3.73,195146372.0
1242,20190812,3.72,3.72,3.67,3.71,136638962.0
1243,20190813,3.76,3.87,3.73,3.83,309429103.0
1244,20190814,3.7,3.76,3.68,3.72,223181302.0
1245,20190815,3.77,3.78,3.69,3.71,218554432.0
1246,20190816,3.72,3.74,3.69,3.71,149629883.0
1247,20190819,3.66,3.68,3.62,3.68,198651411.0
1248,20190820,3.64,3.71,3.62,3.7,181590340.0
1249,20190821,3.69,3.69,3.66,3.66,96672290.0
1250,20190822,3.66,3.66,3.61,3.62,99838837.0
1251,20190823,3.6,3.65,3.58,3.63,100201136.0
1252,20190826,3.73,3.77,3.67,3.69,215623393.0
1253,20190827,3.66,3.72,3.64,3.69,182000141.0
1254,20190828,3.69,3.7,3.62,3.64,162154048.0
1255,20190829,3.62,3.7,3.61,3.7,157937605.0
1256,20190830,3.64,3.7,3.63,3.66,127445684.0
1257,20190902,3.65,3.66,3.59,3.62,181443744.0
1258,20190903,3.61,3.62,3.55,3.57,172952508.0
1259,20190904,3.6,3.61,3.57,3.59,184818636.0
1260,20190905,3.6,3.65,3.59,3.63,199660011.0
1261,20190906,3.58,3.58,3.53,3.54,222410678.0
1262,20190909,3.54,3.55,3.51,3.55,155197013.0
1263,20190910,3.52,3.55,3.51,3.54,124017965.0
1264,20190911,3.53,3.58,3.52,3.56,155344511.0
1265,20190912,3.54,3.55,3.53,3.55,93111669.0
1266,20190916,3.56,3.58,3.54,3.58,119140628.0
1267,20190917,3.56,3.56,3.48,3.49,119951230.0
1268,20190918,3.49,3.51,3.48,3.48,74665247.0
1269,20190919,3.47,3.47,3.43,3.47,87685864.0
1270,20190920,3.46,3.5,3.46,3.5,85767787.0
1271,20190923,3.5,3.51,3.45,3.45,70250594.0
1272,20190924,3.46,3.47,3.43,3.44,90421323.0
1273,20190925,3.46,3.46,3.4,3.41,80683010.0
1274,20190926,3.38,3.39,3.28,3.31,152296672.0
1275,20190927,3.3,3.31,3.28,3.29,78820942.0
1276,20190930,3.29,3.3,3.26,3.27,57650269.0
1277,20191008,3.27,3.3,3.25,3.26,56785613.0
1278,20191009,3.27,3.34,3.27,3.32,74633694.0
1279,20191010,3.32,3.34,3.3,3.33,59814655.0
1280,20191011,3.32,3.34,3.3,3.34,48805114.0
1281,20191014,3.32,3.35,3.31,3.33,108556823.0
1282,20191015,3.33,3.34,3.3,3.3,53369662.0
1283,20191016,3.31,3.31,3.28,3.28,43326972.0
1284,20191017,3.29,3.29,3.26,3.27,62259627.0
1285,20191018,3.27,3.28,3.21,3.21,74581850.0
1286,20191021,3.21,3.23,3.16,3.22,68742172.0
1287,20191022,3.2,3.21,3.19,3.21,48405094.0
1288,20191023,3.2,3.25,3.2,3.24,69112601.0
1289,20191024,3.24,3.24,3.19,3.21,49556042.0
1290,20191025,3.22,3.24,3.2,3.24,51727067.0
1291,20191028,3.23,3.36,3.22,3.36,179880301.0
1292,20191029,3.33,3.35,3.31,3.31,70227470.0
1293,20191030,3.31,3.36,3.3,3.35,124647773.0
1294,20191031,3.36,3.39,3.33,3.38,108485100.0
1295,20191101,3.4,3.43,3.35,3.37,140977812.0
1296,20191104,3.37,3.49,3.36,3.47,201467036.0
1297,20191105,3.47,3.5,3.44,3.47,105677308.0
1298,20191106,3.44,3.63,3.44,3.59,304066851.0
1299,20191107,3.58,3.61,3.53,3.59,126546850.0
1300,20191108,3.57,3.61,3.54,3.59,132126617.0
1301,20191111,3.56,3.57,3.48,3.5,160408254.0
1302,20191112,3.49,3.5,3.41,3.44,113034113.0
1303,20191113,3.51,3.62,3.47,3.49,218683387.0
1304,20191114,3.49,3.5,3.42,3.44,159394784.0
1305,20191121,3.46,3.55,3.46,3.53,208016211.0
1306,20191122,3.52,3.64,3.5,3.62,202963641.0
1307,20191125,3.67,3.8,3.63,3.77,298447499.0
1308,20191126,3.74,3.77,3.69,3.77,149457075.0
1309,20191127,3.75,3.75,3.63,3.68,127916678.0
1310,20191128,3.66,3.71,3.63,3.64,80012924.0
1311,20191129,3.54,3.6,3.49,3.56,255794315.0
1312,20191202,3.6,3.78,3.58,3.7,281817655.0
1313,20191203,3.77,3.8,3.71,3.73,166242030.0
1314,20191204,3.77,3.8,3.73,3.77,207460504.0
1315,20191205,3.76,3.77,3.67,3.7,157013478.0
1316,20191206,3.69,3.72,3.65,3.68,109172021.0
1317,20191209,3.66,3.85,3.66,3.85,304464617.0
1318,20191210,3.85,4.0,3.83,3.96,362710977.0
1319,20191211,3.96,4.02,3.93,3.95,159072047.0
1320,20191212,4.02,4.05,3.93,3.93,138460815.0
1321,20191213,3.95,3.99,3.91,3.96,125701226.0
1322,20191216,3.96,3.97,3.87,3.95,165928676.0
1323,20191217,3.96,4.03,3.93,3.99,209732926.0
1324,20191218,3.98,3.99,3.95,3.97,130068260.0
1325,20191219,3.96,4.13,3.94,4.1,310569067.0
1326,20191220,4.1,4.11,3.99,4.02,206432567.0
1327,20191223,3.99,4.04,3.96,3.97,116477193.0
1328,20191224,3.98,4.14,3.93,4.12,210025202.0
1329,20191225,4.15,4.2,4.09,4.14,169416725.0
1330,20191226,4.12,4.24,4.1,4.19,188737081.0
1331,20191227,4.19,4.61,4.19,4.46,476812687.0
1332,20191230,4.48,4.6,4.37,4.49,293426675.0
1333,20191231,4.53,4.64,4.45,4.59,292216495.0
1334,20200102,4.62,4.85,4.6,4.75,350856766.0
1335,20200103,4.78,4.9,4.71,4.8,274099877.0
1336,20200106,4.94,5.02,4.65,4.86,577602337.0
1337,20200107,4.73,4.73,4.62,4.67,402402486.0
1338,20200108,4.79,4.83,4.61,4.7,440337771.0
1339,20200109,4.53,4.62,4.48,4.51,387550882.0
1340,20200110,4.5,4.55,4.46,4.54,235712336.0
1341,20200113,4.55,4.64,4.52,4.63,203908618.0
1342,20200114,4.63,4.88,4.62,4.74,321751155.0
1343,20200115,4.73,4.74,4.57,4.6,189435385.0
1344,20200116,4.6,4.62,4.49,4.52,168868136.0
1345,20200117,4.52,4.66,4.49,4.62,179916087.0
1346,20200120,4.6,4.61,4.48,4.54,185356720.0
1347,20200121,4.52,4.52,4.36,4.36,255850302.0
1348,20200122,4.33,4.47,4.21,4.43,192937829.0
1349,20200123,4.31,4.53,4.22,4.29,295411006.0
1350,20200203,3.86,4.05,3.86,3.86,449831802.0
1351,20200204,3.86,4.03,3.86,3.98,278159584.0
1352,20200205,3.96,4.12,3.93,4.03,302199277.0
1353,20200206,4.07,4.18,4.0,4.13,302518837.0
1354,20200207,4.09,4.18,4.03,4.1,234159108.0
1355,20200210,4.06,4.23,4.01,4.2,292442849.0
1356,20200211,4.18,4.38,4.16,4.24,262161138.0
1357,20200212,4.23,4.32,4.22,4.3,169084056.0
1358,20200213,4.3,4.35,4.26,4.32,178212554.0
1359,20200214,4.33,4.59,4.28,4.54,336806363.0
1360,20200217,4.55,4.63,4.48,4.61,247418859.0
1361,20200218,4.64,4.64,4.55,4.57,199042510.0
1362,20200219,4.64,4.67,4.53,4.59,255613779.0
1363,20200220,4.57,4.6,4.5,4.59,216979060.0
1364,20200221,4.63,4.77,4.58,4.7,368369246.0
1365,20200224,4.83,4.86,4.66,4.72,364972682.0
1366,20200225,4.57,4.69,4.53,4.57,346098269.0
1367,20200226,4.5,4.5,4.35,4.36,351814213.0
1368,20200227,4.36,4.44,4.31,4.41,169457473.0
1369,20200228,4.28,4.35,4.16,4.16,260306946.0
1370,20200302,4.15,4.34,4.15,4.3,190485086.0
1371,20200303,4.35,4.41,4.28,4.3,170989183.0
1372,20200304,4.4,4.43,4.27,4.33,246941406.0
1373,20200305,4.3,4.37,4.3,4.35,190491581.0
1374,20200306,4.4,4.42,4.35,4.38,245260315.0
1375,20200309,4.38,4.38,4.06,4.08,415442811.0
1376,20200310,3.96,4.07,3.92,4.04,361726473.0
1377,20200311,4.05,4.11,4.02,4.02,223741044.0
1378,20200312,3.91,3.95,3.86,3.92,221317398.0
1379,20200313,3.64,3.89,3.55,3.84,318814188.0
1380,20200316,3.84,3.84,3.6,3.64,253454001.0
1381,20200317,3.62,3.69,3.36,3.48,340711251.0
1382,20200318,3.53,3.58,3.4,3.41,242283744.0
1383,20200319,3.3,3.38,3.27,3.36,306868416.0
1384,20200320,3.4,3.49,3.33,3.46,225092925.0
1385,20200323,3.37,3.54,3.33,3.46,315355988.0
1386,20200324,3.72,3.8,3.61,3.74,542024272.0
1387,20200325,3.9,3.91,3.78,3.8,367117012.0
1388,20200326,3.73,3.85,3.69,3.77,246570302.0
1389,20200327,3.79,3.83,3.77,3.79,201100657.0
1390,20200330,3.71,3.78,3.67,3.69,176598747.0
1391,20200331,3.69,3.73,3.66,3.69,135420854.0
1392,20200401,3.64,3.73,3.6,3.73,175852865.0
1393,20200402,3.66,3.7,3.63,3.7,168837319.0
1394,20200403,3.7,3.8,3.69,3.7,210445660.0
1395,20200407,3.82,4.02,3.79,3.97,426568703.0
1396,20200408,3.9,3.99,3.88,3.95,185435271.0
1397,20200409,3.95,3.98,3.91,3.95,152568999.0
1398,20200410,4.09,4.1,3.95,3.97,288564084.0
1399,20200413,3.96,4.05,3.94,4.0,146092977.0
1400,20200414,4.1,4.36,4.06,4.28,503774392.0
1401,20200415,4.26,4.35,4.22,4.26,271626614.0
1402,20200416,4.2,4.25,4.14,4.25,273389790.0
1403,20200417,4.17,4.2,4.08,4.13,272941414.0
1404,20200420,4.08,4.17,4.04,4.14,171816787.0
1405,20200421,4.12,4.16,4.03,4.09,159913476.0
1406,20200422,4.05,4.09,4.02,4.06,156436189.0
1407,20200423,4.16,4.21,4.1,4.15,264954481.0
1408,20200424,4.13,4.25,4.11,4.23,296695090.0
1409,20200427,3.95,4.0,3.81,3.84,588580643.0
1410,20200428,3.84,3.98,3.76,3.97,392069148.0
1411,20200429,3.97,4.0,3.89,3.92,139861213.0
1412,20200430,3.93,3.95,3.86,3.91,182031895.0
1413,20200506,3.92,3.98,3.9,3.96,149217826.0
1414,20200507,3.93,4.03,3.91,3.95,152442431.0
1415,20200508,4.03,4.05,3.97,4.01,148640409.0
1416,20200511,3.99,4.02,3.94,3.95,129290571.0
1417,20200512,3.93,3.94,3.86,3.88,161932416.0
1418,20200513,3.88,3.9,3.85,3.88,108110906.0
1419,20200514,3.89,3.9,3.8,3.83,132539659.0
1420,20200515,3.87,3.96,3.85,3.94,211454554.0
1421,20200518,4.03,4.19,3.99,4.14,370651359.0
1422,20200519,4.08,4.11,4.0,4.02,208508107.0
1423,20200520,4.09,4.16,4.05,4.12,187880102.0
1424,20200521,4.11,4.15,4.01,4.03,145381960.0
1425,20200522,4.02,4.02,3.88,3.92,155083436.0
1426,20200525,3.89,3.89,3.81,3.84,141222959.0
1427,20200526,3.87,3.92,3.85,3.88,114431254.0
1428,20200527,3.83,3.84,3.78,3.8,155699736.0
1429,20200528,3.82,3.86,3.79,3.83,142375582.0
1430,20200529,3.8,3.82,3.75,3.78,148432424.0
1431,20200601,3.81,3.91,3.8,3.89,204161218.0
1432,20200602,3.89,3.92,3.84,3.88,140908222.0
1433,20200603,3.88,3.98,3.86,3.93,181300723.0
1434,20200604,3.88,3.9,3.84,3.85,153906963.0
1435,20200605,3.87,3.87,3.81,3.82,122956377.0
1436,20200608,3.87,4.03,3.87,4.01,358920554.0
1437,20200609,4.03,4.06,3.99,4.04,176534926.0
1438,20200610,4.1,4.12,3.98,4.01,134188940.0
1439,20200611,4.08,4.14,4.03,4.05,204945094.0
1440,20200612,3.93,4.0,3.91,3.97,156647213.0
1441,20200615,3.97,4.0,3.91,3.91,138581732.0
1442,20200616,3.93,4.02,3.92,4.0,153538189.0
1443,20200617,3.98,4.03,3.94,4.03,164785221.0
1444,20200618,4.05,4.18,3.99,4.15,315164328.0
1445,20200619,4.15,4.2,4.11,4.16,203306269.0
1446,20200622,4.21,4.34,4.2,4.25,283332700.0
1447,20200623,4.28,4.31,4.21,4.24,145361538.0
1448,20200624,4.33,4.41,4.32,4.38,240447058.0
1449,20200629,4.37,4.44,4.3,4.37,191705099.0
1450,20200630,4.37,4.42,4.31,4.4,159963505.0
1451,20200701,4.47,4.7,4.47,4.59,336231585.0
1452,20200702,4.51,4.65,4.51,4.62,272079411.0
1453,20200703,4.6,4.79,4.58,4.75,330125513.0
1454,20200706,4.77,5.13,4.77,5.11,525666214.0
1455,20200707,5.2,5.45,5.12,5.13,463256282.0
1456,20200708,5.16,5.6,5.14,5.58,565314765.0
1457,20200709,5.65,6.14,5.65,6.14,690230769.0
1458,20200710,6.0,6.0,5.64,5.66,623383160.0
1459,20200713,5.83,6.07,5.81,6.0,576155693.0
1460,20200714,5.78,5.95,5.7,5.82,426061465.0
1461,20200715,5.85,5.94,5.6,5.65,368158621.0
1462,20200716,5.58,5.78,5.4,5.44,308009085.0
1463,20200717,5.3,5.44,5.21,5.35,243140716.0
1464,20200720,5.46,5.62,5.42,5.61,380512078.0
1465,20200721,5.71,5.78,5.6,5.68,298565081.0
1466,20200722,6.01,6.08,5.82,5.85,383973288.0
1467,20200723,5.93,5.95,5.62,5.82,305906632.0
1468,20200724,5.78,5.87,5.54,5.63,359066869.0
1469,20200727,5.77,6.04,5.69,6.02,581687445.0
1470,20200728,6.23,6.3,5.7,5.76,641076131.0
1471,20200729,5.76,5.79,5.58,5.74,419692243.0
1472,20200730,5.77,5.86,5.63,5.65,294110303.0
1473,20200731,5.7,5.85,5.63,5.85,349910752.0
1474,20200803,5.8,5.88,5.71,5.84,300128601.0
1475,20200804,5.83,5.95,5.76,5.79,285044601.0
1476,20200805,5.97,6.05,5.82,6.04,471020397.0
1477,20200806,6.09,6.6,6.08,6.57,718268728.0
1478,20200807,6.57,6.98,6.51,6.64,728252315.0
1479,20200810,6.37,6.43,6.2,6.33,408542646.0
1480,20200811,6.2,6.35,6.0,6.03,398065552.0
1481,20200812,5.59,5.76,5.44,5.7,596546485.0
1482,20200813,5.71,5.77,5.6,5.72,197710106.0
1483,20200814,5.74,5.92,5.7,5.78,181252163.0
1484,20200817,5.75,6.16,5.69,6.11,317021993.0
1485,20200818,6.27,6.41,6.18,6.36,305112729.0
1486,20200819,6.36,6.52,6.28,6.5,452817743.0
1487,20200820,6.19,6.55,6.1,6.32,355196078.0
1488,20200821,6.33,6.4,6.16,6.2,208846031.0
1489,20200824,6.3,6.8,6.26,6.7,492134402.0
1490,20200825,6.76,6.76,6.34,6.6,368169777.0
1491,20200826,6.53,6.72,6.43,6.53,264105493.0
1492,20200827,6.66,6.71,6.42,6.48,186834777.0
1493,20200828,6.45,6.69,6.29,6.65,259636921.0
1494,20200831,6.77,7.32,6.76,7.19,746287393.0
1495,20200901,7.2,7.49,7.15,7.34,444801357.0
1496,20200902,7.25,7.31,7.02,7.13,346897511.0
1497,20200903,7.01,7.25,6.95,7.06,270134571.0
1498,20200904,6.92,7.19,6.91,7.0,223535260.0
1499,20200907,7.1,7.43,6.97,7.09,350756184.0
1500,20200908,6.99,7.12,6.71,7.04,305837177.0
1501,20200909,6.84,6.99,6.71,6.73,233008778.0
1502,20200910,6.9,7.17,6.83,6.98,343475741.0
1503,20200911,6.9,6.96,6.73,6.91,214292288.0
1504,20200914,7.0,7.24,6.85,7.14,286499184.0
1505,20200915,7.2,7.28,7.11,7.17,237318149.0
1506,20200916,7.05,7.14,6.92,7.04,168620765.0
1507,20200917,6.98,6.99,6.74,6.8,233631054.0
1508,20200918,6.86,7.05,6.82,7.03,220922464.0
1509,20200921,7.02,7.11,6.83,6.87,198003684.0
1510,20200922,6.6,6.77,6.51,6.56,281916503.0
1511,20200923,6.58,6.63,6.38,6.45,256802497.0
1512,20200924,6.28,6.3,6.0,6.02,394361753.0
1513,20200925,6.13,6.24,6.1,6.2,220718804.0
1514,20200928,6.22,6.28,6.09,6.19,155839487.0
1515,20200929,6.32,6.42,6.16,6.19,208115087.0
1516,20200930,6.25,6.29,6.07,6.15,160117715.0
1517,20201009,6.25,6.28,6.15,6.22,255638892.0
1518,20201012,6.24,6.59,6.24,6.58,283980140.0
1519,20201013,6.54,6.6,6.42,6.58,143854706.0
1520,20201014,6.41,6.54,6.37,6.49,126964096.0
1521,20201015,6.51,6.67,6.49,6.56,132363029.0
1522,20201016,6.7,6.82,6.56,6.59,164105665.0
1523,20201019,6.6,6.71,6.48,6.68,146237282.0
1524,20201020,6.71,6.82,6.57,6.75,181648607.0
1525,20201021,6.88,7.04,6.88,6.97,250975220.0
1526,20201022,6.99,7.0,6.86,6.96,132248568.0
1527,20201023,6.87,7.03,6.86,6.91,123050431.0
1528,20201026,6.91,7.07,6.77,7.04,187101086.0
1529,20201027,7.0,7.1,6.98,7.07,125888167.0
1530,20201028,7.05,7.23,7.0,7.16,165674101.0
1531,20201029,6.95,7.08,6.88,7.01,150836485.0
1532,20201030,7.04,7.28,6.95,6.99,196605879.0
1533,20201102,7.07,7.22,7.0,7.19,202034380.0
1534,20201103,7.26,7.89,7.22,7.65,416717738.0
1535,20201104,7.65,7.73,7.51,7.67,198735271.0
1536,20201105,7.74,7.8,7.51,7.66,220684641.0
1537,20201106,7.85,8.03,7.76,7.9,318343976.0
1538,20201109,8.02,8.17,7.95,8.13,293704261.0
1539,20201110,7.75,7.86,7.61,7.7,389531053.0
1540,20201111,7.68,7.75,7.5,7.53,223126301.0
1541,20201112,7.47,7.72,7.34,7.67,248024070.0
1542,20201113,7.7,7.77,7.52,7.64,155571312.0
1543,20201116,7.78,8.3,7.78,8.19,402642361.0
1544,20201117,8.19,8.41,8.11,8.21,289942155.0
1545,20201118,8.16,8.86,8.15,8.42,467088237.0
1546,20201119,8.35,8.43,8.11,8.38,233169686.0
1547,20201120,8.34,8.98,8.3,8.98,341594872.0
1548,20201123,9.16,9.43,8.82,9.16,490866558.0
1549,20201124,8.89,9.16,8.81,9.15,368028905.0
1550,20201125,9.12,9.4,8.6,8.62,527469520.0
1551,20201126,8.62,8.86,8.58,8.86,296723124.0
1552,20201127,9.0,9.1,8.68,8.95,258483274.0
1553,20201130,8.91,9.47,8.82,9.29,430307415.0
1554,20201201,9.13,9.39,9.05,9.39,260739041.0
1555,20201202,9.55,9.7,9.2,9.35,330162869.0
1556,20201203,9.22,9.29,8.77,8.86,377381819.0
1557,20201204,8.88,9.15,8.75,9.13,267796859.0
1558,20201207,9.07,9.18,8.71,8.81,264861178.0
1559,20201208,8.91,9.13,8.8,8.91,285706859.0
1560,20201209,8.92,9.05,8.68,8.71,234836436.0
1561,20201210,8.51,8.6,8.2,8.55,297764691.0
1562,20201211,8.81,8.84,8.29,8.43,285486338.0
1563,20201214,8.3,8.57,8.2,8.51,191295595.0
1564,20201215,8.42,8.45,8.11,8.33,285011727.0
1565,20201216,8.43,8.5,8.19,8.38,195560638.0
1566,20201217,8.41,8.83,8.38,8.83,359553628.0
1567,20201218,8.95,9.33,8.92,9.19,374924512.0
1568,20201221,9.33,9.48,9.16,9.39,280066575.0
1569,20201222,9.18,9.23,8.71,8.75,391525607.0
1570,20201223,8.67,8.85,8.52,8.77,249846668.0
1571,20201224,8.82,9.07,8.82,8.91,200987038.0
1572,20201225,8.93,9.3,8.71,9.27,273356914.0
1573,20201228,9.37,9.65,9.35,9.44,321029010.0
1574,20201229,9.51,9.55,9.1,9.1,244064436.0
1575,20201230,9.09,9.36,8.99,9.27,245102232.0
1576,20201231,9.32,9.43,9.16,9.29,243889964.0
1577,20210104,9.42,10.17,9.38,10.04,445168334.0
1578,20210105,10.09,10.25,9.85,10.21,362738182.0
1579,20210106,10.45,10.79,10.31,10.5,382786005.0
1580,20210107,10.43,11.32,10.38,11.18,447954121.0
1581,20210108,11.4,11.52,10.9,11.35,389430578.0
1582,20210111,10.9,11.12,10.5,10.67,471688810.0
1583,20210112,10.3,10.9,10.23,10.9,330386249.0
1584,20210113,10.92,11.56,10.51,10.68,446550141.0
1585,20210114,10.62,10.72,10.31,10.43,248924015.0
1586,20210115,10.59,10.88,10.24,10.56,265911595.0
1587,20210118,10.3,10.71,9.93,10.69,297687279.0
1588,20210119,10.55,10.74,10.14,10.28,241515575.0
1589,20210120,10.28,10.66,10.28,10.56,207543682.0
1590,20210121,10.7,11.15,10.62,10.97,327400497.0
1591,20210122,10.87,10.99,10.66,10.83,209061346.0
1592,20210125,10.84,11.34,10.72,11.05,302129487.0
1593,20210126,11.0,11.0,10.51,10.74,268877460.0
1594,20210127,10.79,10.92,10.15,10.42,264593333.0
1595,20210128,10.0,10.21,9.6,9.68,351893779.0
1596,20210129,9.9,10.0,9.31,9.6,277139966.0
1597,20210201,9.94,10.48,9.82,10.44,355225241.0
1598,20210202,10.48,10.89,10.33,10.8,280799953.0
1599,20210203,10.59,10.76,10.25,10.49,281468916.0
1600,20210204,10.5,10.56,10.03,10.15,186606141.0
1601,20210205,9.99,10.34,9.73,9.8,263340422.0
1602,20210208,10.1,10.65,10.06,10.59,302447965.0
1603,20210209,10.98,11.35,10.78,11.34,347099978.0
1604,20210210,11.47,12.28,11.43,12.08,426762333.0
1605,20210218,13.29,13.29,13.29,13.29,81753772.0
1606,20210219,13.67,14.11,12.89,13.64,1008802428.0
1607,20210222,14.46,15.0,14.32,14.63,1031889097.0
1608,20210223,14.1,14.54,13.77,13.85,717283182.0
1609,20210224,13.95,14.27,12.55,13.1,763929157.0
1610,20210225,13.65,13.74,12.88,12.98,546806680.0
1611,20210226,12.19,12.56,11.98,12.19,636144899.0
1612,20210301,12.22,12.4,11.76,12.32,531899042.0
1613,20210302,12.1,12.1,11.55,11.75,495700045.0
1614,20210303,11.96,12.35,11.8,12.32,522198987.0
1615,20210304,11.93,12.03,11.2,11.45,603698524.0
1616,20210305,10.78,11.13,10.6,11.0,532956769.0
1617,20210308,11.33,11.4,10.59,10.67,418196496.0
1618,20210309,10.7,11.07,10.01,10.71,505206086.0
1619,20210310,10.79,10.8,10.35,10.49,296477778.0
1620,20210311,10.65,11.54,10.54,11.54,572997920.0
1621,20210312,11.71,11.77,11.06,11.35,460870190.0
1622,20210315,11.3,11.64,10.97,11.25,418274407.0
1623,20210316,11.28,11.3,10.75,11.11,305393454.0
1624,20210317,10.8,11.11,10.66,11.09,244471019.0
1625,20210318,11.4,11.57,11.15,11.18,302583470.0
1626,20210319,10.82,11.03,10.69,10.83,360642231.0
1627,20210322,10.75,10.84,10.41,10.66,311295886.0
1628,20210323,10.78,10.84,10.0,10.13,437961717.0
1629,20210324,9.9,10.03,9.3,9.36,573323238.0
1630,20210325,9.45,9.79,9.41,9.56,397265845.0
1631,20210326,9.6,10.02,9.52,9.91,408898174.0
1632,20210329,9.92,10.0,9.65,9.93,295006009.0
1633,20210330,9.81,10.16,9.68,9.93,296079312.0
1634,20210331,9.81,9.83,9.45,9.62,341747840.0
1635,20210401,9.72,9.82,9.61,9.74,230815665.0
1636,20210402,9.85,10.14,9.82,10.13,395349729.0
1637,20210406,10.35,10.44,10.13,10.15,306084879.0
1638,20210407,10.25,10.29,9.9,10.24,253068408.0
1639,20210408,10.2,10.68,10.07,10.53,409922288.0
1640,20210409,10.59,10.62,10.25,10.29,227726836.0
1641,20210412,10.17,10.17,9.6,9.68,382576974.0
1642,20210413,9.59,9.83,9.51,9.7,215462208.0
1643,20210414,9.72,9.97,9.72,9.93,222354597.0
1644,20210415,10.1,10.24,9.8,10.21,283596684.0
1645,20210416,10.57,10.69,10.2,10.23,411957771.0
1646,20210419,10.24,10.65,9.98,10.65,399896657.0
1647,20210420,10.5,10.86,10.46,10.74,375163753.0
1648,20210421,10.5,10.66,10.35,10.55,240994349.0
1649,20210422,10.66,10.83,10.52,10.6,258894772.0
1650,20210423,10.56,10.82,10.41,10.78,285518030.0
1651,20210426,11.03,11.4,10.93,11.15,486226806.0
1652,20210427,11.32,11.54,11.01,11.29,490881815.0
1653,20210428,11.02,11.23,10.85,11.09,299160540.0
1654,20210429,11.31,11.48,11.16,11.36,352853729.0
1655,20210430,11.2,11.41,10.85,11.03,369975095.0
1656,20210506,11.56,11.97,11.41,11.54,498383283.0
1657,20210507,11.97,12.09,11.84,11.92,501563280.0
1658,20210510,12.35,12.5,12.13,12.35,577791600.0
1659,20210511,11.9,11.9,11.31,11.58,533978719.0
1660,20210512,11.5,11.78,11.41,11.75,267046039.0
1661,20210513,11.26,11.41,11.0,11.08,401687366.0
1662,20210514,11.01,11.12,10.7,11.06,359966291.0
1663,20210517,11.12,11.5,11.0,11.45,382905376.0
1664,20210518,11.74,11.88,11.59,11.73,293717678.0
1665,20210519,11.57,11.57,11.32,11.42,260692258.0
1666,20210520,10.9,11.1,10.6,10.93,440449026.0
1667,20210521,10.8,11.03,10.67,10.82,273640503.0
1668,20210524,10.56,10.76,10.49,10.62,261063789.0
1669,20210525,10.69,11.01,10.55,10.93,309188927.0
1670,20210526,10.93,11.19,10.88,11.06,264624958.0
1671,20210527,11.19,11.24,10.96,11.14,235782674.0
1672,20210528,11.44,11.51,11.19,11.19,284479219.0
1673,20210531,11.29,11.38,11.09,11.23,274209233.0
1674,20210601,11.15,11.44,11.07,11.44,299210052.0
1675,20210602,11.3,11.4,11.15,11.18,241051336.0
1676,20210603,11.14,11.27,11.0,11.0,264730027.0
1677,20210604,10.51,10.97,10.39,10.84,402898084.0
1678,20210607,10.87,11.32,10.85,11.17,332356303.0
1679,20210608,11.29,11.35,10.99,11.06,261484316.0
1680,20210609,11.2,11.2,10.91,11.08,207377190.0
1681,20210610,11.1,11.24,11.05,11.07,216082902.0
1682,20210611,11.12,11.27,10.81,11.0,418514473.0
1683,20210615,10.88,10.9,10.4,10.47,460805360.0
1684,20210616,10.27,10.39,9.9,9.94,416736937.0
1685,20210617,9.78,10.07,9.73,9.87,251847790.0
1686,20210618,9.53,9.84,9.38,9.77,398962485.0
1687,20210621,9.64,9.85,9.57,9.76,243546360.0
1688,20210622,9.86,9.89,9.71,9.78,227173133.0
1689,20210623,9.83,9.84,9.69,9.78,235780723.0
1690,20210624,9.83,9.87,9.62,9.73,207415719.0
1691,20210625,9.75,10.17,9.75,10.15,371821159.0
1692,20210628,10.15,10.15,9.92,9.97,239332470.0
1693,20210629,9.93,9.93,9.57,9.65,287644324.0
1694,20210630,9.64,9.75,9.52,9.69,141339080.0
1695,20210701,9.74,9.79,9.61,9.79,159486111.0
1696,20210702,9.88,10.09,9.79,9.84,302368934.0
1697,20210705,9.85,10.08,9.84,10.03,298247140.0
1698,20210706,10.11,10.15,9.9,10.04,245210281.0
1699,20210707,9.83,10.07,9.76,9.99,244861197.0
1700,20210708,10.07,10.09,9.68,9.73,307122595.0
1701,20210709,9.63,10.23,9.55,10.14,524989988.0
1702,20210712,10.48,10.7,10.28,10.38,515750925.0
1703,20210713,10.3,10.5,10.03,10.15,287840304.0
1704,20210714,10.03,10.03,9.78,9.82,303091650.0
1705,20210715,9.84,10.04,9.65,10.03,299806669.0
1706,20210716,10.0,10.2,9.88,10.0,271506595.0
1707,20210719,9.92,10.05,9.85,9.97,255394747.0
1708,20210720,9.77,9.78,9.62,9.72,274588410.0
1709,20210721,9.75,9.84,9.65,9.82,293460791.0
1710,20210722,9.77,10.1,9.7,10.03,374177416.0
1711,20210723,10.03,10.38,10.0,10.13,438245056.0
1712,20210726,10.35,10.45,9.95,10.18,465878176.0
1713,20210727,10.52,11.13,10.47,10.64,927630611.0
1714,20210728,10.51,10.6,9.91,10.02,551300378.0
1715,20210729,10.18,10.3,9.92,10.24,392959031.0
1716,20210730,10.24,10.4,10.09,10.25,291420836.0
1717,20210802,10.38,11.0,10.16,10.81,583619321.0
1718,20210803,10.76,10.77,10.33,10.41,410342436.0
1719,20210804,10.42,10.59,10.22,10.53,357410281.0
1720,20210805,10.33,10.42,10.16,10.28,342679855.0
1721,20210806,10.23,10.76,10.23,10.68,500137050.0
1722,20210809,10.3,10.92,10.21,10.69,409476207.0
1723,20210810,10.56,10.68,10.4,10.55,294265239.0
1724,20210811,10.65,10.82,10.48,10.59,337027616.0
1725,20210812,10.62,11.15,10.51,11.01,664056035.0
1726,20210813,10.9,11.34,10.78,11.29,507957551.0
1727,20210816,11.44,11.84,11.15,11.17,539013208.0
1728,20210817,11.07,11.44,10.78,10.95,448247902.0
1729,20210818,10.79,10.98,10.6,10.91,359915560.0
1730,20210819,10.62,10.65,10.11,10.34,591193039.0
1731,20210820,10.13,10.14,9.9,10.04,414310593.0
1732,20210823,10.13,10.25,10.02,10.14,296510671.0
1733,20210824,10.25,10.43,10.21,10.32,304859940.0
1734,20210825,10.32,10.62,10.13,10.52,345752579.0
1735,20210826,10.43,10.67,10.37,10.39,295880005.0
1736,20210827,10.31,10.5,10.28,10.45,278706510.0
1737,20210830,10.66,11.02,10.53,10.89,536410939.0
1738,20210831,10.8,11.11,10.65,11.11,482796488.0
1739,20210901,11.12,11.24,10.57,10.69,476200779.0
1740,20210902,10.59,11.04,10.55,10.9,371841826.0
1741,20210903,11.02,11.42,10.94,11.07,478081033.0
1742,20210906,11.22,11.28,10.76,10.95,382571996.0
1743,20210907,10.96,11.09,10.82,10.98,355052665.0
1744,20210908,10.91,11.04,10.68,10.85,423473734.0
1745,20210909,10.77,11.57,10.73,11.43,791356844.0
1746,20210910,11.42,12.45,11.38,11.97,920206631.0
1747,20210913,12.28,12.68,12.13,12.39,720541125.0
1748,20210914,12.1,12.22,11.67,11.72,572338177.0
1749,20210915,11.6,11.67,11.31,11.52,356747852.0
1750,20210916,11.7,11.83,11.1,11.11,390504094.0
1751,20210917,10.82,11.07,10.59,10.81,374819442.0
1752,20210922,10.5,10.73,10.43,10.71,276147424.0
1753,20210923,10.79,10.85,10.52,10.58,273484167.0
1754,20210924,10.52,10.63,10.31,10.34,290751157.0
1755,20210927,10.33,10.37,10.01,10.13,291327184.0
1756,20210928,10.14,10.36,10.09,10.22,192161870.0
1757,20210929,10.1,10.15,9.91,10.02,224656525.0
1758,20210930,10.0,10.1,9.98,10.09,123459769.0
1759,20211008,10.26,10.3,10.06,10.26,151931425.0
1760,20211011,10.73,11.2,10.62,11.04,555733353.0
1761,20211012,10.98,10.98,10.53,10.82,316027963.0
1762,20211013,10.71,10.78,10.56,10.71,146895461.0
1763,20211014,11.0,11.34,11.0,11.13,384859988.0
1764,20211015,11.2,11.95,11.2,11.46,514937212.0
1765,20211018,11.7,11.8,11.18,11.56,529088371.0
1766,20211019,11.4,11.88,11.27,11.8,410110318.0
1767,20211020,11.38,11.46,11.16,11.32,428670646.0
1768,20211021,11.43,11.58,11.25,11.34,284046659.0
1769,20211022,11.1,11.24,10.9,11.12,305697608.0
1770,20211025,11.12,11.27,10.88,11.16,194366975.0
1771,20211026,11.26,11.47,11.11,11.31,224968726.0
1772,20211027,11.2,11.26,10.84,10.89,276186245.0
1773,20211028,10.7,10.82,10.37,10.51,286533283.0
1774,20211029,10.59,10.64,10.37,10.46,208885775.0
1775,20211101,10.37,10.56,10.28,10.48,210225343.0
1776,20211102,10.47,10.52,10.05,10.23,315797374.0
1777,20211103,10.23,10.26,10.08,10.2,231626822.0
1778,20211104,10.21,10.26,10.12,10.26,188213934.0
1779,20211105,10.17,10.25,10.15,10.18,150868038.0
1780,20211108,10.3,10.64,10.3,10.51,291238974.0
1781,20211109,10.6,10.65,10.41,10.56,165074576.0
1782,20211110,10.54,10.58,10.35,10.55,168884883.0
1783,20211111,10.5,10.73,10.5,10.69,200024833.0
1784,20211112,10.76,10.95,10.73,10.74,178949092.0
1785,20211115,10.75,10.9,10.5,10.56,160909699.0
1786,20211116,10.57,10.61,10.32,10.36,163075827.0
1787,20211117,10.31,10.44,10.28,10.42,103452801.0
1788,20211118,10.32,10.44,10.32,10.36,135204181.0
1789,20211119,10.36,10.45,10.24,10.43,165884255.0
1790,20211122,10.44,10.56,10.37,10.54,155700446.0
1791,20211123,10.5,10.68,10.46,10.58,163768165.0
1792,20211124,10.6,10.62,10.36,10.44,155171133.0
1793,20211125,10.48,10.57,10.34,10.53,147353124.0
1794,20211126,10.44,10.46,10.33,10.36,136933219.0
1795,20211129,10.2,10.44,10.08,10.25,196592099.0
1796,20211130,10.27,10.32,10.13,10.15,164771599.0
1797,20211201,10.09,10.17,10.0,10.14,173396555.0
1798,20211202,10.09,10.14,10.01,10.04,171598087.0
1799,20211203,10.05,10.12,9.97,10.12,180795611.0
