,,open,high,low,close,volume
0,2013-11-25,30.8,31.42,30.65,31.23,13162114.0
1,2013-11-26,31.2,31.66,30.91,31.3,15591490.0
2,2013-11-27,31.1,31.4,30.71,30.85,18208714.0
3,2013-11-28,30.85,31.5,30.7,31.18,12391132.0
4,2013-11-29,31.18,31.28,30.83,31.2,11364062.0
5,2013-12-02,30.8,31.19,30.09,30.26,14593540.0
6,2013-12-03,30.46,31.05,30.25,30.88,13955314.0
7,2013-12-04,30.8,31.95,30.69,31.75,21964860.0
8,2013-12-05,31.8,32.49,31.8,31.82,12770838.0
9,2013-12-06,31.9,32.38,31.68,32.38,10165035.0
10,2013-12-09,32.91,33.31,32.3,33.28,20553644.0
11,2013-12-10,33.34,34.22,33.28,33.5,21433238.0
12,2013-12-11,33.01,33.57,32.62,32.88,12897059.0
13,2013-12-12,32.98,32.98,32.22,32.6,8662885.0
14,2013-12-13,32.02,34.29,32.01,34.29,24780654.0
15,2013-12-16,34.3,34.34,33.35,33.37,16769462.0
16,2013-12-17,33.35,33.48,32.16,32.29,15588386.0
17,2013-12-18,32.25,32.74,32.01,32.35,12018309.0
18,2013-12-19,32.49,32.68,32.0,32.31,10192284.0
19,2013-12-20,32.39,32.45,30.5,30.5,21662836.0
20,2013-12-23,31.6,32.15,31.18,32.09,16858344.0
21,2013-12-24,32.35,33.0,32.09,32.54,13691638.0
22,2013-12-25,32.65,33.2,32.32,32.75,10648568.0
23,2013-12-26,32.6,32.96,31.52,31.64,14611876.0
24,2013-12-27,31.64,32.55,31.47,32.15,12144588.0
25,2013-12-30,32.16,32.7,32.15,32.41,13947227.0
26,2013-12-31,32.36,33.0,32.31,32.66,13065971.0
27,2014-01-02,32.55,32.88,31.84,32.08,14818545.0
28,2014-01-03,31.6,31.84,30.66,30.99,25671922.0
29,2014-01-06,31.0,31.0,29.82,30.02,25283880.0
30,2014-01-07,29.8,30.34,29.69,29.97,12923255.0
31,2014-01-08,30.01,30.55,29.85,30.16,12632562.0
32,2014-01-09,30.01,30.2,29.29,29.46,15960016.0
33,2014-01-10,29.4,29.66,29.25,29.48,13187098.0
34,2014-01-13,29.46,29.68,27.93,28.35,26472628.0
35,2014-01-14,28.35,29.36,28.29,29.23,16209978.0
36,2014-01-15,29.24,29.89,28.74,29.35,14939658.0
37,2014-01-16,29.58,29.58,28.38,28.8,18542192.0
38,2014-01-17,28.6,28.88,27.85,28.07,18803720.0
39,2014-01-20,28.07,29.68,27.92,29.57,24323202.0
40,2014-01-21,29.55,29.9,29.21,29.65,16980914.0
41,2014-01-22,29.75,30.49,29.4,30.4,20251912.0
42,2014-01-23,30.45,30.85,30.06,30.28,14950160.0
43,2014-01-24,30.09,30.25,29.8,30.0,17994296.0
44,2014-01-27,29.85,29.85,28.61,29.0,24399882.0
45,2014-01-28,29.1,29.41,28.9,29.2,11433158.0
46,2014-01-29,29.25,29.42,28.5,28.68,18138230.0
47,2014-01-30,28.85,28.85,27.88,28.36,16829944.0
48,2014-02-07,28.0,28.79,27.77,28.75,14711736.0
49,2014-02-10,29.0,29.78,28.95,29.56,23546988.0
50,2014-02-11,29.5,30.13,29.21,29.92,23150928.0
51,2014-02-12,29.8,31.6,29.72,31.08,36380800.0
52,2014-02-13,31.28,32.2,31.05,31.74,36298100.0
53,2014-02-14,31.6,32.14,30.9,31.63,32731016.0
54,2014-02-17,31.8,32.03,31.24,31.56,21762056.0
55,2014-02-18,31.56,31.59,30.2,31.35,41158404.0
56,2014-02-19,31.26,32.44,30.7,31.95,39378064.0
57,2014-02-20,32.43,33.3,30.8,30.95,57335548.0
58,2014-02-21,30.95,30.96,29.79,30.5,30450580.0
59,2014-02-24,30.12,30.12,27.71,28.37,65801988.0
60,2014-02-25,28.35,28.59,27.61,27.78,42120472.0
61,2014-02-26,27.77,28.5,27.41,28.07,26712354.0
62,2014-02-27,28.1,28.23,26.28,26.36,51911288.0
63,2014-02-28,26.26,28.02,25.9,27.75,38107772.0
64,2014-03-03,27.6,28.58,27.51,28.13,29960232.0
65,2014-03-04,28.0,28.25,27.58,28.0,17830950.0
66,2014-03-05,27.93,28.18,27.1,27.38,23204824.0
67,2014-03-06,27.33,28.02,26.99,27.94,20362454.0
68,2014-03-07,27.95,28.11,27.63,27.76,10273192.0
69,2014-03-10,27.69,28.18,27.02,27.2,19334432.0
70,2014-03-11,27.2,27.88,27.02,27.79,21623064.0
71,2014-03-12,27.75,28.58,27.5,28.16,26234546.0
72,2014-03-13,28.26,28.49,27.85,27.97,20191172.0
73,2014-03-14,27.88,27.97,27.4,27.59,15895322.0
74,2014-03-17,27.67,27.96,27.66,27.84,10933781.0
75,2014-03-18,27.91,27.94,27.3,27.4,20766408.0
76,2014-03-19,27.25,27.25,26.6,26.9,23414558.0
77,2014-03-20,26.82,26.98,26.44,26.46,21281952.0
78,2014-03-21,26.3,27.2,26.09,27.12,20453060.0
79,2014-03-24,27.22,27.25,26.7,26.81,17717198.0
80,2014-03-25,26.81,27.37,26.81,27.14,13884380.0
81,2014-03-26,27.22,27.47,27.13,27.13,10857737.0
82,2014-03-27,27.13,27.26,26.64,26.74,11959756.0
83,2014-03-28,26.73,27.85,26.61,27.6,28243124.0
84,2014-03-31,28.0,28.87,27.9,28.0,27102782.0
85,2014-04-01,27.9,28.58,27.73,28.32,17809904.0
86,2014-04-02,28.32,28.53,28.04,28.21,11926546.0
87,2014-04-03,28.48,28.7,27.86,27.9,17034302.0
88,2014-04-04,27.9,28.57,27.83,28.47,16374372.0
89,2014-04-08,28.29,29.88,28.25,29.49,38495504.0
90,2014-04-09,29.49,30.33,29.49,29.95,32323762.0
91,2014-04-10,30.8,31.18,30.02,30.21,43777928.0
92,2014-04-11,30.12,31.39,30.01,31.31,48070344.0
93,2014-04-14,31.3,31.35,30.71,31.1,23356712.0
94,2014-04-15,30.99,31.05,30.1,30.12,22651630.0
95,2014-04-16,29.95,30.72,29.7,30.44,17798652.0
96,2014-04-17,30.35,30.73,29.81,29.86,17706972.0
97,2014-04-18,29.54,29.8,28.91,29.68,22811608.0
98,2014-04-21,29.4,29.58,28.95,29.02,22636530.0
99,2014-04-22,28.98,29.52,28.92,29.5,15622699.0
100,2014-04-23,29.5,30.33,29.4,30.27,18256920.0
101,2014-04-24,30.1,30.24,29.6,29.85,11200697.0
102,2014-04-25,29.7,30.18,29.35,29.47,16934478.0
103,2014-04-28,29.38,29.5,28.91,29.25,14326094.0
104,2014-04-29,29.49,30.5,29.42,30.47,27009192.0
105,2014-04-30,30.45,30.46,29.95,30.11,12702457.0
106,2014-05-05,30.01,30.6,29.81,30.06,17307792.0
107,2014-05-06,30.09,30.38,29.73,29.93,12347601.0
108,2014-05-07,29.7,29.7,29.24,29.26,13175006.0
109,2014-05-08,29.21,29.77,29.2,29.21,8648347.0
110,2014-05-09,29.45,29.7,29.04,29.51,11021382.0
111,2014-05-12,29.87,29.89,29.21,29.71,13313914.0
112,2014-05-13,29.62,29.85,29.39,29.44,8053006.0
113,2014-05-14,29.44,29.65,29.35,29.39,7473326.0
114,2014-05-15,29.4,29.54,29.12,29.24,10017409.0
115,2014-05-16,29.28,29.45,29.06,29.42,7360755.0
116,2014-05-19,29.21,29.34,28.88,29.09,7474695.0
117,2014-05-20,29.17,29.44,29.09,29.22,8359959.0
118,2014-05-21,29.2,29.33,29.01,29.29,7292686.0
119,2014-05-22,29.22,29.65,29.21,29.24,8688001.0
120,2014-05-23,29.21,29.35,29.04,29.3,7879736.0
121,2014-05-26,29.4,29.91,29.4,29.88,12069050.0
122,2014-05-27,29.88,30.15,29.83,29.87,10263624.0
123,2014-05-28,30.1,30.9,30.01,30.85,20856130.0
124,2014-05-29,30.89,31.28,30.76,30.9,16433126.0
125,2014-05-30,31.02,31.26,30.67,30.96,14376794.0
126,2014-06-03,30.98,31.1,30.85,31.03,9828338.0
127,2014-06-04,31.03,31.04,30.16,30.49,11646351.0
128,2014-06-05,30.64,31.15,30.5,31.12,14988204.0
129,2014-06-06,29.85,29.85,29.21,29.45,13851535.0
130,2014-06-09,29.31,29.56,29.1,29.12,10604529.0
131,2014-06-10,29.22,29.49,29.13,29.41,13685470.0
132,2014-06-11,29.4,29.55,29.2,29.45,10680940.0
133,2014-06-12,29.34,29.38,29.02,29.2,12114282.0
134,2014-06-13,29.14,29.97,29.13,29.63,17697436.0
135,2014-06-16,29.66,30.04,29.4,29.81,17522490.0
136,2014-06-17,29.81,29.81,29.41,29.5,9927655.0
137,2014-06-18,29.51,29.6,29.19,29.33,10238977.0
138,2014-06-19,29.29,29.58,29.01,29.3,10233898.0
139,2014-06-20,29.3,29.48,28.88,29.05,11452161.0
140,2014-06-23,29.06,29.32,28.75,28.85,10024340.0
141,2014-06-24,28.87,29.21,28.68,29.18,8259251.0
142,2014-06-25,29.15,29.26,28.94,29.09,6746967.0
143,2014-06-26,29.11,29.61,29.1,29.4,10417283.0
144,2014-06-27,29.4,29.57,29.21,29.36,8697838.0
145,2014-06-30,29.36,29.73,29.28,29.45,10261898.0
146,2014-07-01,29.49,29.49,28.18,28.3,34893296.0
147,2014-07-02,28.32,28.32,27.48,28.02,26891128.0
148,2014-07-03,27.88,28.23,27.78,28.1,15522961.0
149,2014-07-04,28.1,28.11,27.71,28.03,15763934.0
150,2014-07-07,28.03,28.03,27.3,27.6,22334584.0
151,2014-07-08,27.5,28.09,27.46,27.99,13179510.0
152,2014-07-09,28.0,28.06,27.31,27.44,19844068.0
153,2014-07-10,27.44,27.6,27.24,27.44,10794446.0
154,2014-07-11,27.44,27.86,27.37,27.68,9010966.0
155,2014-07-14,27.69,28.14,27.65,28.13,14162237.0
156,2014-07-15,28.12,28.18,27.68,28.0,20738088.0
157,2014-07-16,27.86,28.1,27.78,27.93,12243778.0
158,2014-07-17,27.95,28.14,27.81,28.07,11847170.0
159,2014-07-18,27.97,28.89,27.95,28.64,24351070.0
160,2014-07-21,28.65,29.05,28.65,28.69,15451911.0
161,2014-07-22,28.69,28.95,28.46,28.77,14643001.0
162,2014-07-23,28.74,28.94,28.66,28.83,14854178.0
163,2014-07-24,28.8,29.65,28.8,29.5,26815736.0
164,2014-07-25,29.65,29.85,29.47,29.68,15208347.0
165,2014-07-28,29.88,30.68,29.7,30.52,30016752.0
166,2014-07-29,30.5,30.51,29.98,30.11,26100368.0
167,2014-07-30,29.99,30.12,29.82,30.0,16108882.0
168,2014-07-31,29.91,30.33,29.85,30.24,11537249.0
169,2014-08-01,30.16,30.75,29.94,30.24,17888698.0
170,2014-08-04,30.38,30.83,30.21,30.75,13659045.0
171,2014-08-05,30.73,30.89,30.29,30.53,12912937.0
172,2014-08-06,30.4,30.4,29.66,29.98,14344527.0
173,2014-08-07,29.85,30.02,29.46,29.54,14205614.0
174,2014-08-08,29.54,29.75,29.51,29.68,7766544.0
175,2014-08-11,29.7,29.95,29.62,29.93,9655338.0
176,2014-08-12,29.89,29.95,29.28,29.46,18498428.0
177,2014-08-13,29.5,29.57,29.1,29.53,11727629.0
178,2014-08-14,29.46,29.55,29.27,29.34,8508561.0
179,2014-08-15,29.3,29.74,29.26,29.57,10656611.0
180,2014-08-18,29.72,29.85,29.49,29.62,10706698.0
181,2014-08-19,29.72,29.79,29.21,29.36,19665592.0
182,2014-08-20,29.36,29.47,29.19,29.45,13292485.0
183,2014-08-21,29.45,29.46,29.0,29.25,13330594.0
184,2014-08-22,29.25,29.71,29.14,29.64,15223764.0
185,2014-08-25,29.7,29.73,29.2,29.33,11981664.0
186,2014-08-26,29.33,29.33,28.3,28.37,30841444.0
187,2014-08-27,28.37,28.6,28.07,28.37,23897506.0
188,2014-08-28,28.4,28.4,28.08,28.14,12141188.0
189,2014-08-29,28.25,28.47,28.2,28.44,11173421.0
190,2014-09-01,28.5,28.91,28.5,28.82,15799745.0
191,2014-09-02,28.9,29.22,28.65,29.16,19075362.0
192,2014-09-03,29.2,29.72,29.2,29.51,23452574.0
193,2014-09-04,29.7,29.78,29.37,29.66,21937356.0
194,2014-09-05,29.7,29.89,29.5,29.58,20267116.0
195,2014-09-09,29.53,29.95,29.53,29.91,18857794.0
196,2014-09-10,29.83,29.9,29.42,29.61,14116069.0
197,2014-09-11,29.61,29.87,29.31,29.43,18712856.0
198,2014-09-12,29.44,29.56,28.84,29.2,25286854.0
199,2014-09-15,28.95,29.03,28.7,28.93,25078230.0
200,2014-09-16,28.95,28.97,28.46,28.51,20083468.0
201,2014-09-17,28.68,28.84,28.53,28.74,12430664.0
202,2014-09-18,28.63,28.78,28.57,28.67,10872146.0
203,2014-09-19,28.61,28.81,28.59,28.69,15034914.0
204,2014-09-22,28.67,28.68,28.06,28.07,21571164.0
205,2014-09-23,28.1,28.34,28.1,28.25,15565082.0
206,2014-09-24,28.2,28.66,28.1,28.58,19469080.0
207,2014-09-25,28.8,28.86,28.34,28.43,17051074.0
208,2014-09-26,28.4,28.42,28.03,28.34,14548055.0
209,2014-09-29,28.3,28.34,27.8,27.92,37781208.0
210,2014-09-30,27.99,28.0,27.55,27.73,24878414.0
211,2014-10-08,27.74,28.07,27.73,28.06,26462280.0
212,2014-10-09,28.1,28.49,28.06,28.27,26186766.0
213,2014-10-10,28.26,28.26,27.9,28.0,23028112.0
214,2014-10-13,27.88,27.88,27.35,27.68,21142400.0
215,2014-10-14,27.55,27.74,27.38,27.47,18270674.0
216,2014-10-15,27.49,27.86,27.25,27.74,19360500.0
217,2014-10-16,27.49,27.85,27.41,27.56,14601682.0
218,2014-10-17,27.74,27.84,27.49,27.8,15807134.0
219,2014-10-20,27.89,28.0,27.58,27.75,12994054.0
220,2014-10-21,27.77,27.77,27.45,27.48,13157889.0
221,2014-10-22,27.53,27.69,27.46,27.52,9352226.0
222,2014-10-23,27.57,27.88,27.5,27.56,16844642.0
223,2014-10-24,27.63,27.75,27.3,27.34,14276494.0
224,2014-10-27,27.25,27.26,26.41,26.5,21966688.0
225,2014-10-28,26.55,26.88,26.55,26.82,20468382.0
226,2014-10-29,26.95,27.34,26.74,27.33,20534168.0
227,2014-10-30,27.3,27.48,26.93,27.07,20809544.0
228,2014-10-31,27.41,28.5,27.41,28.4,57742328.0
229,2014-11-03,28.46,28.77,28.31,28.35,26922360.0
230,2014-11-04,28.33,28.33,27.96,28.02,19308048.0
231,2014-11-05,28.09,28.5,28.02,28.07,23650904.0
232,2014-11-06,28.29,28.3,28.0,28.13,12439088.0
233,2014-11-07,28.13,28.44,28.01,28.21,19610788.0
234,2014-11-10,28.33,28.85,28.25,28.83,33871880.0
235,2014-11-11,28.91,29.08,28.6,28.68,31914220.0
236,2014-11-12,28.68,29.48,28.58,29.35,31644536.0
237,2014-11-13,29.29,29.58,29.03,29.04,23136092.0
238,2014-11-14,28.88,29.09,28.77,28.93,18452884.0
239,2014-11-17,29.52,29.59,28.51,28.61,27669884.0
240,2014-11-18,28.62,28.85,28.06,28.36,22796366.0
241,2014-11-19,28.36,28.59,28.21,28.35,12373784.0
242,2014-11-20,28.2,28.36,28.08,28.23,10415112.0
243,2014-11-21,28.3,28.71,28.17,28.67,15343611.0
244,2014-11-24,28.97,30.15,28.88,29.66,68021984.0
245,2014-11-25,29.68,30.7,29.62,30.66,46685280.0
246,2014-11-26,30.68,30.75,30.11,30.44,29524596.0
247,2014-11-27,30.47,30.74,29.92,30.22,27842650.0
248,2014-11-28,30.26,30.29,29.69,30.29,28542200.0
249,2014-12-01,30.68,32.73,30.68,31.8,52800872.0
250,2014-12-02,31.7,33.4,31.53,33.02,48013648.0
251,2014-12-03,33.5,36.32,33.48,35.21,59289732.0
252,2014-12-04,35.92,36.24,34.98,35.99,40137208.0
253,2014-12-05,36.21,37.42,35.06,35.51,46565040.0
254,2014-12-08,35.06,38.1,34.61,37.53,43179684.0
255,2014-12-09,36.89,39.34,33.8,34.8,70844800.0
256,2014-12-10,35.56,37.47,35.05,37.11,45932936.0
257,2014-12-11,36.8,38.8,36.5,37.1,38552088.0
258,2014-12-12,37.2,38.29,36.71,36.96,26837140.0
259,2014-12-15,37.33,37.68,36.12,36.75,32523484.0
260,2014-12-16,36.5,37.01,35.97,36.56,34437328.0
261,2014-12-17,36.62,36.76,35.7,36.25,33503680.0
262,2014-12-18,36.34,37.78,36.05,37.44,46361608.0
263,2014-12-19,37.09,37.39,36.26,36.9,34075352.0
264,2014-12-22,37.0,37.53,36.2,36.95,38053864.0
265,2014-12-23,36.85,39.18,36.5,38.05,51779992.0
266,2014-12-24,38.0,38.6,36.08,37.07,34653664.0
267,2014-12-25,37.8,38.5,36.24,37.02,32212304.0
268,2014-12-26,36.88,37.72,36.31,37.58,34395440.0
269,2014-12-29,37.5,38.28,35.8,35.99,58711568.0
270,2014-12-30,36.05,36.79,35.0,35.75,35368012.0
271,2014-12-31,35.65,37.18,35.6,37.12,38657040.0
272,2015-01-05,37.9,40.83,37.9,40.8,107244744.0
273,2015-01-06,40.28,43.35,40.2,41.67,86648000.0
274,2015-01-07,41.25,42.0,40.6,41.6,38700488.0
275,2015-01-08,41.7,42.49,40.73,41.74,44854472.0
276,2015-01-09,41.73,42.68,40.44,41.0,35797696.0
277,2015-01-12,40.8,42.35,40.21,42.2,44447232.0
278,2015-01-13,41.92,44.22,41.6,44.1,40449024.0
279,2015-01-14,44.1,44.2,42.49,42.61,31297398.0
280,2015-01-15,42.45,43.61,41.6,43.44,22838212.0
281,2015-01-16,43.5,43.76,42.51,42.88,20780282.0
282,2015-01-19,41.19,41.97,38.59,40.03,41559688.0
283,2015-01-20,41.3,43.32,40.58,43.32,49736816.0
284,2015-01-21,44.0,44.2,42.68,43.92,35779276.0
285,2015-01-22,43.83,44.44,43.0,43.17,25368156.0
286,2015-01-23,43.25,43.7,42.6,43.01,25393152.0
287,2015-01-26,43.39,43.54,42.8,43.08,21186940.0
288,2015-01-27,43.0,43.29,41.35,42.01,34445876.0
289,2015-01-28,41.7,42.02,40.66,41.19,28379688.0
290,2015-01-29,40.3,41.17,40.3,40.63,23933220.0
291,2015-01-30,40.8,41.42,40.3,40.4,27695416.0
292,2015-02-02,39.77,40.5,39.43,39.52,27344264.0
293,2015-02-03,40.0,40.19,39.19,39.8,26715874.0
294,2015-02-04,39.9,40.55,39.43,39.48,21832016.0
295,2015-02-05,40.52,40.76,39.0,39.0,32679676.0
296,2015-02-06,39.0,39.4,38.06,38.5,19935490.0
297,2015-02-09,38.8,39.8,38.59,39.05,19893982.0
298,2015-02-10,39.25,39.95,39.06,39.83,23298254.0
299,2015-02-11,39.91,40.17,39.66,39.8,19473000.0
300,2015-02-12,39.84,39.9,38.7,39.1,24144654.0
301,2015-02-13,39.21,39.55,38.85,39.18,31192300.0
302,2015-02-16,39.19,39.28,38.5,38.73,35788920.0
303,2015-02-17,38.89,41.7,38.75,40.99,56211024.0
304,2015-02-25,41.09,41.86,40.41,41.22,40063528.0
305,2015-02-26,41.23,41.23,40.4,40.92,30528816.0
306,2015-02-27,40.99,41.2,40.4,40.53,27360114.0
307,2015-03-02,40.57,41.77,40.56,41.43,32708300.0
308,2015-03-03,41.16,41.36,39.69,39.81,35389184.0
309,2015-03-04,39.91,41.5,39.76,40.6,61634252.0
310,2015-03-05,40.2,40.4,38.71,39.3,45067336.0
311,2015-03-06,39.31,39.36,38.41,38.59,27105228.0
312,2015-03-09,38.2,39.47,37.51,39.23,37088208.0
313,2015-03-10,38.53,39.09,38.53,38.83,26131804.0
314,2015-03-11,38.85,40.3,38.85,39.43,36337960.0
315,2015-03-12,39.51,39.75,38.84,39.53,28664968.0
316,2015-03-13,39.79,40.37,39.58,39.92,25666568.0
317,2015-03-16,40.28,41.18,39.92,41.01,38914792.0
318,2015-03-17,41.0,41.39,40.61,41.05,41286752.0
319,2015-03-18,41.06,42.05,40.85,42.02,49624944.0
320,2015-03-19,44.54,45.02,42.38,42.72,78538840.0
321,2015-03-20,43.0,43.96,42.18,42.29,57832484.0
322,2015-03-23,42.47,43.33,42.47,42.77,43524732.0
323,2015-03-24,42.86,43.26,41.95,42.18,51798044.0
324,2015-03-25,42.25,42.3,41.45,41.81,42759100.0
325,2015-03-26,41.6,42.3,40.84,41.83,41200012.0
326,2015-03-27,41.83,43.93,41.8,43.1,63727704.0
327,2015-03-30,43.25,44.66,43.25,44.4,54316780.0
328,2015-03-31,45.6,46.5,43.21,43.78,73192784.0
329,2015-04-01,43.78,44.96,43.78,44.7,45299528.0
330,2015-04-02,44.98,45.0,43.21,44.33,53299368.0
331,2015-04-03,43.9,44.16,43.52,43.99,40168656.0
332,2015-04-07,44.04,44.39,43.71,44.37,56627032.0
333,2015-04-08,44.66,45.28,44.21,45.11,64915112.0
334,2015-04-09,45.25,45.35,43.4,44.0,47777568.0
335,2015-04-10,43.99,45.0,43.7,44.86,51732336.0
336,2015-04-13,45.14,46.42,44.44,44.93,100363544.0
337,2015-04-14,44.86,44.87,43.71,43.98,62328736.0
338,2015-04-15,43.83,44.39,42.6,42.94,55029776.0
339,2015-04-16,42.9,45.2,42.7,45.12,81568992.0
340,2015-04-17,46.3,47.98,45.61,46.95,110548200.0
341,2015-04-20,46.53,47.47,45.8,45.81,83417544.0
342,2015-04-21,46.01,49.38,46.01,49.18,99849040.0
343,2015-04-22,49.62,51.28,49.03,49.88,72917360.0
344,2015-04-23,49.89,50.15,48.75,49.04,52364808.0
345,2015-04-24,48.5,49.5,47.7,48.48,58807480.0
346,2015-04-27,49.17,51.26,49.17,51.26,83957016.0
347,2015-04-28,56.25,56.39,55.0,56.39,117272520.0
348,2015-04-29,57.98,61.45,57.07,57.71,184645968.0
349,2015-04-30,57.18,57.67,55.5,57.0,124856848.0
350,2015-05-04,57.17,57.77,56.0,56.5,81263688.0
351,2015-05-05,56.0,56.11,52.75,53.25,113989136.0
352,2015-05-06,53.81,54.28,51.4,52.0,86656376.0
353,2015-05-07,51.5,52.87,51.0,52.78,68373728.0
354,2015-05-08,53.15,53.51,52.01,53.17,61679936.0
355,2015-05-11,53.0,55.13,52.05,55.0,95560016.0
356,2015-05-12,54.99,54.99,53.88,54.31,59997620.0
357,2015-05-13,54.21,54.97,53.2,54.17,68972128.0
358,2015-05-14,53.62,54.1,53.2,53.28,47385616.0
359,2015-05-15,53.29,53.38,51.9,52.04,46892924.0
360,2015-05-18,51.9,51.9,50.61,51.1,52079516.0
361,2015-05-19,51.1,54.45,51.1,53.59,83604152.0
362,2015-05-20,53.65,55.23,53.21,54.09,84644384.0
363,2015-05-21,54.31,59.5,54.3,58.38,119457864.0
364,2015-05-22,58.87,59.05,57.5,58.72,75973480.0
365,2015-05-25,58.69,60.65,58.14,60.02,87259032.0
366,2015-05-26,60.18,62.15,59.51,61.42,89220768.0
367,2015-05-27,61.44,61.44,59.04,59.43,86739816.0
368,2015-05-28,59.43,61.15,57.75,57.89,92037048.0
369,2015-05-29,58.11,62.6,56.54,62.21,102929728.0
370,2015-06-01,62.33,66.1,61.0,65.05,105931152.0
371,2015-06-02,65.0,65.4,62.91,64.15,89243336.0
372,2015-06-03,64.16,65.29,63.1,64.1,73374496.0
373,2015-06-04,64.1,64.11,57.72,62.53,91641392.0
374,2015-06-05,63.1,65.5,62.5,63.97,97032408.0
375,2015-06-08,63.59,63.59,61.0,62.49,86761432.0
376,2015-06-09,62.5,62.99,60.81,61.28,72391784.0
377,2015-06-10,60.5,62.98,60.11,62.15,65049540.0
378,2015-06-11,61.5,61.9,60.9,61.39,61808400.0
379,2015-06-12,61.4,62.15,61.28,61.71,60648184.0
380,2015-06-15,61.78,61.99,60.0,60.3,65242588.0
381,2015-06-16,60.0,60.0,57.8,58.19,71035136.0
382,2015-06-17,58.2,59.44,56.47,59.02,63702248.0
383,2015-06-18,58.21,58.8,56.5,56.51,50269480.0
384,2015-06-19,55.61,56.44,53.0,53.0,68424448.0
385,2015-06-23,53.21,57.97,53.21,57.87,110356504.0
386,2015-06-24,58.33,58.72,57.11,58.51,79414744.0
387,2015-06-25,60.85,62.35,58.5,59.62,126879168.0
388,2015-06-26,58.5,59.4,53.93,56.92,106336368.0
389,2015-06-29,59.05,59.8,54.11,58.66,144601184.0
390,2015-06-30,58.8,64.39,57.8,63.9,165653648.0
391,2015-07-01,63.9,64.87,60.15,60.81,145474640.0
392,2015-07-02,61.34,61.8,56.02,58.49,121882416.0
393,2015-07-03,25.3,26.75,24.98,24.98,243954656.0
394,2015-07-06,27.0,27.0,22.65,24.2,310283904.0
395,2015-07-07,23.3,24.0,21.78,21.82,289884480.0
396,2015-07-08,19.65,20.64,19.64,19.64,396347808.0
397,2015-07-09,19.64,21.6,19.64,21.6,194875680.0
398,2015-07-10,22.98,23.76,22.31,23.76,127589712.0
399,2015-07-13,25.0,26.14,24.4,26.14,263034256.0
400,2015-07-14,26.02,26.67,24.65,24.88,254571744.0
401,2015-07-15,24.63,25.5,23.15,23.41,175536464.0
402,2015-07-16,23.42,24.56,23.42,23.94,127455904.0
403,2015-07-17,24.17,25.21,24.01,24.88,139320464.0
404,2015-07-20,24.82,25.09,24.19,24.53,137285008.0
405,2015-07-21,24.03,24.57,23.85,24.21,97783192.0
406,2015-07-22,24.1,24.26,23.41,23.69,115074872.0
407,2015-07-23,23.68,24.43,23.68,24.06,113351920.0
408,2015-07-24,24.15,24.21,23.28,23.39,129360624.0
409,2015-07-27,22.9,22.93,21.05,21.06,171445664.0
410,2015-07-28,20.63,22.45,20.2,22.26,196425104.0
411,2015-07-29,22.28,22.65,21.7,22.59,100572960.0
412,2015-07-30,22.35,22.55,21.81,21.92,79256928.0
413,2015-07-31,21.7,22.38,21.55,22.31,73308856.0
414,2015-08-03,22.0,23.1,21.87,23.09,112618944.0
415,2015-08-04,23.03,23.51,22.6,23.39,99307368.0
416,2015-08-05,23.19,23.31,22.66,22.7,58379048.0
417,2015-08-06,22.4,22.59,22.05,22.17,43016872.0
418,2015-08-07,22.45,22.66,22.21,22.51,48155396.0
419,2015-08-10,22.98,23.44,22.5,23.24,100059672.0
420,2015-08-11,23.25,23.9,23.02,23.25,97786288.0
421,2015-08-12,23.18,23.35,22.61,22.69,71745304.0
422,2015-08-13,22.57,23.17,22.5,22.95,70321568.0
423,2015-08-14,22.87,23.2,22.5,22.54,104784552.0
424,2015-08-17,22.5,22.5,21.95,22.25,90326904.0
425,2015-08-18,22.25,22.48,20.43,20.98,102966304.0
426,2015-08-19,20.7,21.23,20.09,21.01,91719752.0
427,2015-08-20,20.84,20.87,20.04,20.13,90870992.0
428,2015-08-21,19.98,20.18,19.0,19.05,117342800.0
429,2015-08-24,18.43,18.45,17.15,17.15,198872560.0
430,2015-08-25,16.5,18.5,16.06,17.41,210182416.0
431,2015-08-26,17.8,18.96,17.5,18.45,179575840.0
432,2015-08-27,18.97,19.15,17.84,18.87,154540272.0
433,2015-08-28,19.02,19.98,18.71,19.5,138720832.0
434,2015-08-31,18.1,18.47,17.55,18.45,200676256.0
435,2015-09-01,17.9,18.25,17.1,18.19,153007904.0
436,2015-09-02,17.55,18.2,17.25,17.85,161098240.0
437,2015-09-07,17.88,18.36,17.2,17.32,98055248.0
438,2015-09-08,17.2,17.67,17.02,17.6,57352880.0
439,2015-09-09,17.61,18.08,17.47,17.85,109881592.0
440,2015-09-10,17.6,17.8,17.4,17.45,57359760.0
441,2015-09-11,17.45,17.64,17.18,17.31,42911716.0
442,2015-09-14,17.47,17.54,16.35,16.5,71771824.0
443,2015-09-15,16.49,16.59,15.85,16.05,78154488.0
444,2015-09-16,16.19,17.33,15.96,16.92,79108504.0
445,2015-09-17,16.97,16.97,16.41,16.41,73910048.0
446,2015-09-18,16.55,16.66,16.35,16.49,50620736.0
447,2015-09-21,16.17,16.8,16.17,16.59,53368008.0
448,2015-09-22,16.69,17.15,16.56,16.81,58021676.0
449,2015-09-23,16.65,16.77,16.43,16.45,58166712.0
450,2015-09-24,16.55,16.67,16.35,16.46,49620112.0
451,2015-09-25,16.38,16.55,15.92,16.09,58338248.0
452,2015-09-28,16.08,16.16,15.9,16.12,38338340.0
453,2015-09-29,15.94,15.97,15.72,15.75,41007196.0
454,2015-09-30,15.86,16.29,15.81,16.18,50626260.0
455,2015-10-08,17.0,17.5,16.81,16.83,93051048.0
456,2015-10-09,16.79,17.0,16.71,16.86,44354208.0
457,2015-10-12,16.89,17.65,16.77,17.5,124659352.0
458,2015-10-13,17.37,17.49,17.22,17.38,66640032.0
459,2015-10-14,17.35,17.42,17.08,17.09,59365060.0
460,2015-10-15,17.09,17.48,16.96,17.45,63174976.0
461,2015-10-16,17.46,17.72,17.31,17.53,71558048.0
462,2015-10-19,17.62,17.78,17.3,17.45,73355736.0
463,2015-10-20,17.44,17.56,17.11,17.56,61543276.0
464,2015-10-21,17.56,17.68,17.06,17.5,100168296.0
465,2015-10-22,17.34,17.62,17.27,17.6,74959584.0
466,2015-10-23,17.73,18.38,17.64,18.2,104296328.0
467,2015-10-26,18.48,18.49,17.91,17.95,83889528.0
468,2015-10-27,17.8,17.8,17.05,17.58,87543416.0
469,2015-10-28,17.48,17.62,17.25,17.3,67472936.0
470,2015-10-29,17.35,17.6,17.21,17.5,44589160.0
471,2015-10-30,17.44,17.54,17.28,17.35,45015216.0
472,2015-11-02,17.47,18.08,17.47,17.64,100484560.0
473,2015-11-03,17.62,17.78,17.35,17.47,49663480.0
474,2015-11-04,17.47,18.35,17.47,18.31,128443360.0
475,2015-11-05,18.31,19.55,18.15,19.02,164085312.0
476,2015-11-06,19.08,19.62,18.99,19.38,112618968.0
477,2015-11-09,19.48,19.98,19.48,19.56,118889816.0
478,2015-11-10,19.43,19.85,19.07,19.52,84488880.0
479,2015-11-11,19.4,19.45,19.07,19.23,63149248.0
480,2015-11-12,19.31,19.38,18.98,19.07,46235724.0
481,2015-11-13,18.9,18.97,18.56,18.59,62277948.0
482,2015-11-16,18.3,18.78,18.28,18.7,45889976.0
483,2015-11-17,18.81,19.11,18.63,18.7,60259724.0
484,2015-11-18,18.79,18.91,18.51,18.54,65602696.0
485,2015-11-19,18.63,18.76,18.42,18.75,40791576.0
486,2015-11-20,18.77,18.79,18.53,18.59,55716072.0
487,2015-11-23,18.6,18.63,18.37,18.42,52275176.0
488,2015-11-24,18.43,18.55,18.39,18.54,36411024.0
489,2015-11-25,18.5,18.64,18.4,18.55,40845736.0
490,2015-11-26,18.69,19.75,18.64,19.33,125267936.0
491,2015-11-27,19.1,19.31,18.37,18.55,83726256.0
492,2015-11-30,18.65,18.78,17.8,18.33,59942168.0
493,2015-12-01,18.3,19.55,18.05,19.09,104493296.0
494,2015-12-02,19.09,21.0,18.99,21.0,343465600.0
495,2015-12-03,20.54,20.8,20.15,20.38,185726464.0
496,2015-12-04,20.37,21.2,20.01,20.83,176767168.0
497,2015-12-07,20.78,21.34,20.4,20.81,118405544.0
498,2015-12-08,20.7,20.7,20.04,20.05,73262224.0
499,2015-12-09,20.0,21.15,19.99,20.8,111930856.0
500,2015-12-10,20.8,21.43,20.41,20.93,123646072.0
501,2015-12-11,20.78,21.48,20.64,21.34,90662128.0
502,2015-12-14,21.13,22.07,21.06,21.6,89232400.0
503,2015-12-15,21.56,21.75,21.08,21.24,70146736.0
504,2015-12-16,21.24,21.44,20.71,20.8,70685200.0
505,2015-12-17,20.97,21.26,20.85,21.13,89361776.0
506,2015-12-18,21.13,21.27,20.81,20.9,65459704.0
507,2015-12-21,21.06,22.99,21.0,22.99,290560640.0
508,2015-12-22,23.01,24.5,22.99,23.22,228596432.0
509,2015-12-23,23.33,24.44,23.32,23.93,160714464.0
510,2015-12-24,23.99,24.08,22.89,23.21,109195352.0
511,2015-12-25,23.25,23.3,22.8,23.0,65558600.0
512,2015-12-28,23.14,23.45,22.35,22.35,90468176.0
513,2015-12-29,22.32,23.5,22.1,23.1,88311472.0
514,2015-12-30,23.09,23.3,22.72,22.85,64113768.0
515,2015-12-31,22.85,22.95,22.33,22.35,46684648.0
516,2016-01-04,22.36,22.47,20.2,20.26,69900296.0
517,2016-01-05,19.9,21.25,19.8,20.85,102736768.0
518,2016-01-06,20.97,21.1,20.51,21.02,56711000.0
519,2016-01-07,20.7,20.7,19.49,19.58,23123978.0
520,2016-01-08,20.22,20.71,19.11,20.25,103633072.0
521,2016-01-11,19.9,20.45,19.3,19.39,79558880.0
522,2016-01-12,19.65,19.87,19.22,19.55,50637772.0
523,2016-01-13,19.7,19.86,19.2,19.3,45665504.0
524,2016-01-14,18.8,19.7,18.62,19.55,65884152.0
525,2016-01-15,19.24,19.63,18.6,18.8,61535600.0
526,2016-01-18,18.51,19.05,18.5,18.85,38216416.0
527,2016-01-19,18.8,19.86,18.76,19.66,62049024.0
528,2016-01-20,19.6,19.73,19.01,19.28,45047512.0
529,2016-01-21,19.02,19.4,18.71,18.71,36887472.0
530,2016-01-22,18.91,19.3,18.7,19.09,33631756.0
531,2016-01-25,19.24,19.46,19.05,19.23,29423812.0
532,2016-01-26,19.08,19.16,18.42,18.6,44832452.0
533,2016-01-27,18.76,18.92,17.93,18.48,50647840.0
534,2016-01-28,18.32,18.76,18.21,18.31,32746852.0
535,2016-01-29,18.4,18.9,18.26,18.73,41414296.0
536,2016-02-01,18.76,18.81,18.3,18.44,28424312.0
537,2016-02-02,18.49,19.08,18.49,18.96,39942852.0
538,2016-02-03,18.83,18.97,18.66,18.84,28318036.0
539,2016-02-04,18.96,19.29,18.86,19.0,39826952.0
540,2016-02-05,18.99,19.09,18.84,18.85,22699646.0
541,2016-02-15,18.45,18.83,18.37,18.64,25690356.0
542,2016-02-16,18.9,19.19,18.8,19.07,46952804.0
543,2016-02-17,19.09,19.31,19.02,19.2,39156956.0
544,2016-02-18,19.31,19.38,19.1,19.22,46005652.0
545,2016-02-19,19.19,19.28,19.1,19.22,31891276.0
546,2016-09-02,19.49,19.49,19.49,19.49,3660890.0
547,2016-09-05,21.44,21.44,21.44,21.44,2232309.0
548,2016-09-06,23.58,23.58,22.69,23.0,497195532.0
549,2016-09-07,22.9,23.45,22.57,22.86,208790745.0
550,2016-09-08,22.9,23.06,22.21,22.48,152313229.0
551,2016-09-09,22.41,22.64,22.16,22.26,113133326.0
552,2016-09-12,22.0,22.54,21.85,22.07,116637022.0
553,2016-09-13,22.14,22.33,21.88,21.98,88644276.0
554,2016-09-14,21.9,21.96,21.4,21.43,112199729.0
555,2016-09-19,21.42,22.23,21.41,22.09,121387454.0
556,2016-09-20,22.1,22.36,21.93,22.02,68351571.0
557,2016-09-21,22.06,22.1,21.76,22.0,55476657.0
558,2016-09-22,22.12,22.15,21.75,21.75,83299854.0
559,2016-09-23,21.79,21.86,21.39,21.44,64953059.0
560,2016-09-26,21.42,21.89,21.4,21.51,59904057.0
561,2016-09-27,21.55,22.1,21.52,22.03,98104791.0
562,2016-09-28,22.03,22.09,21.8,21.9,59153603.0
563,2016-09-29,21.92,22.07,21.83,21.84,53309547.0
564,2016-09-30,21.85,22.29,21.81,22.22,63326489.0
565,2016-10-10,22.26,22.32,21.69,22.11,74231718.0
566,2016-10-11,22.08,22.22,21.91,22.11,44485825.0
567,2016-10-12,22.09,22.46,21.96,22.2,48900210.0
568,2016-10-13,22.23,22.31,21.96,22.07,36322687.0
569,2016-10-14,22.0,22.08,21.87,21.94,36161290.0
570,2016-10-17,21.97,22.04,21.7,21.74,37290056.0
571,2016-10-18,21.7,21.89,21.68,21.88,39306951.0
572,2016-10-19,21.89,22.05,21.74,21.78,41540482.0
573,2016-10-20,21.78,21.88,21.73,21.82,33305934.0
574,2016-10-21,21.82,22.48,21.75,22.44,93835582.0
575,2016-10-24,22.48,22.97,22.48,22.55,78504101.0
576,2016-10-25,22.61,23.2,22.58,23.03,73904829.0
577,2016-10-26,23.02,23.02,22.5,22.63,61316788.0
578,2016-10-27,22.71,22.76,22.35,22.42,32204229.0
579,2016-10-28,22.47,22.87,22.34,22.4,56962460.0
580,2016-11-17,22.0,23.55,22.0,22.84,202874171.0
581,2016-11-18,22.7,22.82,22.19,22.52,78822656.0
582,2016-11-21,22.48,23.7,22.4,22.8,200366344.0
583,2016-11-22,22.79,23.78,22.66,23.23,226903116.0
584,2016-11-23,23.8,25.55,23.75,25.55,331121983.0
585,2016-11-24,25.33,27.0,24.92,26.38,321903552.0
586,2016-11-25,26.43,27.3,25.26,27.23,314357507.0
587,2016-11-28,27.23,29.39,27.1,28.47,425252919.0
588,2016-12-01,30.0,31.32,29.88,30.59,474525778.0
589,2016-12-02,30.0,30.15,28.63,28.76,319213665.0
590,2016-12-05,26.66,27.0,25.88,25.88,361948524.0
591,2016-12-06,25.73,27.29,25.4,26.33,313085431.0
592,2016-12-07,26.01,26.45,25.7,26.19,168821109.0
593,2016-12-08,26.17,26.76,25.89,26.24,156625522.0
594,2016-12-09,26.24,27.17,26.16,26.99,228457651.0
595,2016-12-12,26.21,26.29,25.04,25.34,236945486.0
596,2016-12-13,25.48,25.9,24.73,25.54,145517551.0
597,2016-12-14,25.7,25.87,25.1,25.3,129619186.0
598,2016-12-15,25.31,25.55,24.5,24.75,158157239.0
599,2016-12-16,24.7,25.2,24.35,24.99,115983707.0
600,2016-12-19,25.0,25.03,24.1,24.16,105377611.0
601,2016-12-20,24.03,24.35,23.68,24.0,85273631.0
602,2016-12-21,24.11,24.24,23.92,24.2,67003765.0
603,2016-12-22,24.29,24.89,24.23,24.66,110271642.0
604,2016-12-23,24.47,24.5,24.03,24.09,71052822.0
605,2016-12-26,23.9,24.64,23.68,24.62,76051392.0
606,2016-12-27,24.56,25.31,24.5,24.97,102777009.0
607,2016-12-28,25.09,25.26,24.8,24.94,56961122.0
608,2016-12-29,24.86,25.05,24.61,24.83,45414631.0
609,2016-12-30,24.89,25.05,24.62,24.62,46987142.0
610,2017-01-03,24.7,25.24,24.7,25.06,58392946.0
611,2017-01-04,25.09,25.23,24.88,25.14,71662463.0
612,2017-01-05,25.19,25.38,25.09,25.26,63084316.0
613,2017-01-06,25.2,25.21,24.85,25.0,54112990.0
614,2017-01-09,25.0,25.0,24.5,24.74,56230720.0
615,2017-01-10,24.74,24.97,24.51,24.93,46382688.0
616,2017-01-11,24.86,25.08,24.58,24.68,34636462.0
617,2017-01-12,24.62,24.73,24.27,24.31,38412942.0
618,2017-01-13,24.37,24.45,24.14,24.16,41436082.0
619,2017-01-16,24.16,24.16,23.31,23.79,61220402.0
620,2017-01-17,23.79,24.19,23.69,24.17,38634110.0
621,2017-01-18,24.26,25.15,24.26,24.96,91867891.0
622,2017-01-19,25.0,25.15,24.77,24.88,37953089.0
623,2017-01-20,24.89,25.55,24.89,25.37,68414335.0
624,2017-01-23,25.51,25.84,25.21,25.28,58959326.0
625,2017-01-24,25.27,25.43,25.1,25.32,39939144.0
626,2017-01-25,25.25,25.5,25.13,25.5,32106771.0
627,2017-01-26,25.5,25.94,25.5,25.78,51972770.0
628,2017-02-03,25.7,25.77,25.3,25.39,32540374.0
629,2017-02-06,25.38,25.54,25.15,25.26,42327303.0
630,2017-02-07,25.23,25.23,24.99,25.13,45110333.0
631,2017-02-08,25.17,25.45,25.09,25.35,41213856.0
632,2017-02-09,25.4,25.8,25.4,25.62,58511631.0
633,2017-02-10,25.7,26.18,25.61,25.97,76644327.0
634,2017-02-13,25.97,27.13,25.94,27.1,120803896.0
635,2017-02-14,27.3,27.74,26.77,26.9,98828803.0
636,2017-02-15,26.9,27.35,26.75,26.99,79556516.0
637,2017-02-16,26.91,27.59,26.82,27.59,74533260.0
638,2017-02-17,27.7,27.9,27.18,27.41,77363182.0
639,2017-02-20,27.46,28.66,27.45,28.55,132671204.0
640,2017-02-21,28.48,28.63,28.06,28.24,89410466.0
641,2017-02-22,28.1,28.5,27.9,28.32,65162077.0
642,2017-02-23,28.31,28.59,27.8,27.91,70864493.0
643,2017-02-24,27.97,28.14,27.23,27.85,69085597.0
644,2017-02-27,27.8,27.8,27.1,27.13,71562580.0
645,2017-02-28,27.09,27.57,27.09,27.44,43479851.0
646,2017-03-01,27.5,27.75,27.31,27.46,41125794.0
647,2017-03-02,27.5,27.63,27.23,27.31,36512242.0
648,2017-03-03,27.28,27.42,27.05,27.3,39569673.0
649,2017-03-06,27.31,28.25,27.31,28.15,87432763.0
650,2017-03-07,28.2,28.36,28.05,28.23,51419658.0
651,2017-03-08,28.27,28.48,27.85,28.09,49569417.0
652,2017-03-09,28.23,28.88,28.23,28.4,73204756.0
653,2017-03-10,28.51,29.04,28.3,28.96,94750593.0
654,2017-03-13,29.0,29.46,28.6,28.87,95811620.0
655,2017-03-14,28.88,28.96,28.48,28.71,61149347.0
656,2017-03-15,28.74,29.55,28.6,29.3,78232482.0
657,2017-03-16,29.39,29.8,29.06,29.23,64965590.0
658,2017-03-17,29.22,29.48,28.8,28.81,56588385.0
659,2017-03-20,29.08,29.45,28.89,29.26,66125991.0
660,2017-03-21,29.4,30.35,29.23,30.34,113584119.0
661,2017-03-22,30.13,30.69,30.01,30.5,86570064.0
662,2017-03-23,30.38,31.26,30.18,31.2,86586813.0
663,2017-03-24,31.36,32.68,31.29,31.54,128281355.0
664,2017-03-27,31.51,32.21,30.68,30.71,104318818.0
665,2017-03-28,30.75,31.16,30.25,30.8,75417342.0
666,2017-03-29,30.79,31.39,30.48,31.2,65734565.0
667,2017-03-30,31.08,31.36,30.1,30.72,76424353.0
668,2017-03-31,30.64,31.7,30.54,31.7,82560679.0
669,2017-04-05,31.75,31.94,31.26,31.46,98651882.0
670,2017-04-06,31.39,32.0,31.18,32.0,73979507.0
671,2017-04-07,31.93,32.6,31.75,31.81,80584365.0
672,2017-04-10,31.81,31.94,31.41,31.52,54280281.0
673,2017-04-11,31.41,31.59,29.72,30.83,124929953.0
674,2017-04-12,30.5,31.09,30.2,30.81,58543347.0
675,2017-04-13,30.79,31.36,30.64,31.25,52023072.0
676,2017-04-14,31.24,31.25,30.67,30.68,40518564.0
677,2017-04-17,30.8,31.75,30.76,31.75,81571243.0
678,2017-04-18,31.8,32.53,31.65,32.23,102956985.0
679,2017-04-19,32.2,33.21,32.03,33.21,122898683.0
680,2017-04-20,33.23,34.18,33.0,33.02,108298933.0
681,2017-04-21,32.85,33.36,32.57,32.91,74958101.0
682,2017-04-24,32.8,33.3,32.01,32.51,64325756.0
683,2017-04-25,32.61,33.88,32.57,33.84,91947057.0
684,2017-04-26,34.0,34.99,33.28,33.43,140373802.0
685,2017-04-27,33.66,33.8,32.75,33.58,105919431.0
686,2017-04-28,33.66,33.7,32.51,33.0,102720474.0
687,2017-05-02,32.7,33.09,32.26,32.97,79112710.0
688,2017-05-03,32.98,33.28,32.51,32.65,70024844.0
689,2017-05-04,32.66,32.92,32.43,32.66,47385261.0
690,2017-05-05,32.49,33.06,32.36,32.77,78196660.0
691,2017-05-08,32.6,33.0,31.66,31.68,92333765.0
692,2017-05-09,31.55,31.55,30.56,31.16,96349426.0
693,2017-05-10,31.45,31.97,31.3,31.48,70427368.0
694,2017-05-11,31.3,32.9,31.17,32.88,98916592.0
695,2017-05-12,32.97,33.14,32.57,33.07,66809828.0
696,2017-05-15,33.07,33.3,32.78,33.03,52478210.0
697,2017-05-16,32.8,33.58,32.51,33.58,76619765.0
698,2017-05-17,33.42,33.95,32.88,32.92,80661516.0
699,2017-05-18,32.7,32.97,32.51,32.64,42048807.0
700,2017-05-19,32.73,33.37,32.72,33.1,55586730.0
701,2017-05-22,33.15,33.88,32.81,33.82,77215795.0
702,2017-05-23,33.8,34.18,33.62,33.99,85016398.0
703,2017-05-24,33.74,34.0,33.2,33.75,68440579.0
704,2017-05-25,33.5,33.99,33.41,33.59,46546710.0
705,2017-05-26,33.68,34.3,33.65,34.07,56098814.0
706,2017-05-31,34.14,34.2,33.45,34.08,70787353.0
707,2017-06-01,33.92,34.28,33.85,33.97,50385538.0
708,2017-06-02,34.03,34.08,33.3,33.5,59104049.0
709,2017-06-05,33.37,33.7,33.2,33.27,39084146.0
710,2017-06-06,33.27,34.3,33.27,34.26,79273316.0
711,2017-06-07,34.35,35.0,34.16,34.6,96207112.0
712,2017-06-08,34.7,36.34,34.68,36.25,113667099.0
713,2017-06-09,36.25,37.1,35.86,36.04,114405733.0
714,2017-06-12,36.0,37.57,35.9,37.57,99137599.0
715,2017-06-13,37.15,37.48,36.96,37.35,66878314.0
716,2017-06-14,37.37,37.8,36.16,36.43,87724616.0
717,2017-06-15,36.49,36.94,36.0,36.54,70247051.0
718,2017-06-16,36.44,36.85,35.92,35.99,65617093.0
719,2017-06-19,36.11,37.34,36.06,37.31,76160712.0
720,2017-06-20,37.7,37.85,36.93,37.31,85731758.0
721,2017-06-21,37.6,38.61,37.13,38.54,91981034.0
722,2017-06-22,38.54,39.67,38.39,38.62,128186288.0
723,2017-06-23,38.55,40.08,38.2,40.01,109628096.0
724,2017-06-26,40.01,41.56,39.81,40.64,122611768.0
725,2017-06-27,40.77,41.5,40.3,41.43,75671884.0
726,2017-06-28,41.29,41.56,40.11,40.36,89819589.0
727,2017-06-29,40.66,40.8,39.95,40.5,70681775.0
728,2017-06-30,40.46,41.56,40.16,41.17,82878428.0
729,2017-07-03,41.3,41.55,40.09,40.49,73992678.0
730,2017-07-04,40.5,40.55,38.88,39.87,104829316.0
731,2017-07-05,38.11,39.3,37.2,39.26,95911898.0
732,2017-07-06,39.4,39.6,38.66,39.2,71331863.0
733,2017-07-07,38.9,39.09,38.21,38.41,66968140.0
734,2017-07-10,38.5,39.37,38.46,39.06,65907620.0
735,2017-07-11,39.3,41.65,39.18,41.53,142806067.0
736,2017-07-12,41.53,41.75,40.43,40.79,86073449.0
737,2017-07-13,40.77,41.38,40.46,41.01,50753833.0
738,2017-07-14,40.82,41.33,40.4,41.08,44147333.0
739,2017-07-17,41.08,41.69,40.4,41.06,78322613.0
740,2017-07-18,40.6,41.02,39.71,40.23,72872977.0
741,2017-07-19,40.0,40.85,39.75,39.99,78962167.0
742,2017-07-20,39.99,41.3,39.75,41.04,91357883.0
743,2017-07-21,41.0,41.21,40.53,40.71,52351580.0
744,2017-07-24,40.7,41.79,40.36,41.3,75413888.0
745,2017-07-25,41.29,41.55,40.93,41.02,46600364.0
746,2017-07-26,41.04,41.2,39.7,40.0,69488925.0
747,2017-07-27,39.9,39.9,38.55,38.9,91957958.0
748,2017-07-28,39.33,39.79,39.0,39.57,56751266.0
749,2017-07-31,39.63,39.63,38.97,39.24,52741875.0
750,2017-08-01,39.18,39.93,38.98,39.26,56747842.0
751,2017-08-02,39.26,39.56,38.88,39.02,49557343.0
752,2017-08-03,39.0,39.0,37.95,38.33,79637734.0
753,2017-08-04,38.33,38.68,37.65,37.79,63947626.0
754,2017-08-07,37.79,38.6,36.83,38.43,68958472.0
755,2017-08-08,38.35,38.86,38.15,38.49,36830840.0
756,2017-08-09,38.49,39.5,38.2,39.18,57254956.0
757,2017-08-10,39.18,39.6,38.5,38.82,41532877.0
758,2017-08-11,38.35,39.01,38.0,38.16,38057761.0
759,2017-08-14,38.2,39.25,38.2,38.83,42768997.0
760,2017-08-15,38.86,38.99,38.38,38.58,36954945.0
761,2017-08-16,38.48,38.55,37.66,37.92,52873150.0
762,2017-08-17,38.01,38.33,37.6,38.08,42034338.0
763,2017-08-18,37.89,38.43,37.74,38.27,30106776.0
764,2017-08-21,38.32,39.0,38.12,38.9,42879719.0
765,2017-08-22,39.11,39.62,38.91,39.06,45697018.0
766,2017-08-23,39.1,39.26,38.92,39.2,30427118.0
767,2017-08-24,39.21,39.5,39.1,39.43,39525290.0
768,2017-08-25,39.62,40.15,39.5,39.65,55122799.0
769,2017-08-28,40.04,40.5,39.5,39.82,59268742.0
770,2017-08-29,39.91,39.94,39.0,39.38,49217038.0
771,2017-08-30,39.49,39.61,39.12,39.58,35484868.0
772,2017-08-31,40.12,40.35,38.12,38.65,121464742.0
773,2017-09-01,38.67,38.67,37.92,38.11,108211003.0
774,2017-09-04,38.08,38.32,37.8,38.08,66997809.0
775,2017-09-05,38.08,38.33,37.9,38.13,49734610.0
776,2017-09-06,38.13,38.25,37.93,38.19,37648467.0
777,2017-09-07,38.05,38.12,37.65,37.8,57646505.0
778,2017-09-08,37.7,37.8,37.01,37.09,85439379.0
779,2017-09-11,37.02,37.52,36.78,37.11,51366780.0
780,2017-09-12,37.1,37.1,36.42,36.7,75672420.0
781,2017-09-13,36.7,37.48,36.56,37.33,71801951.0
782,2017-09-14,37.33,37.65,37.03,37.5,48119799.0
783,2017-09-15,37.49,38.09,37.23,37.94,64850210.0
784,2017-09-19,38.0,38.38,37.24,37.29,63120111.0
785,2017-09-20,37.4,37.98,37.3,37.83,47074013.0
786,2017-09-21,37.96,38.15,37.78,37.99,43529792.0
787,2017-09-22,37.9,39.63,37.86,39.25,112424816.0
788,2017-09-25,39.2,39.52,38.68,38.93,61059034.0
789,2017-09-26,38.91,39.13,38.2,38.4,46208579.0
790,2017-09-27,38.48,38.79,38.13,38.55,34762077.0
791,2017-09-28,38.55,38.62,37.87,37.9,47943626.0
792,2017-09-29,37.94,38.25,37.8,37.9,34761991.0
793,2017-10-09,38.5,39.58,38.02,39.1,116683015.0
794,2017-10-10,39.28,39.54,38.15,38.79,85889566.0
795,2017-10-11,38.69,40.21,38.52,39.95,140421926.0
796,2017-10-12,39.98,40.59,39.83,40.42,96935922.0
797,2017-10-13,40.45,40.64,39.85,40.27,53133407.0
798,2017-10-16,40.27,40.6,39.5,39.5,56472293.0
799,2017-10-17,39.76,40.68,39.39,40.68,83201264.0
800,2017-10-18,40.7,41.2,40.4,41.19,77649402.0
801,2017-10-19,40.99,41.55,40.57,41.06,66751228.0
802,2017-10-20,40.92,40.92,40.04,40.5,49367747.0
803,2017-10-23,40.5,40.9,40.09,40.63,39702235.0
804,2017-10-24,40.33,41.45,40.27,41.27,66961177.0
805,2017-10-25,41.2,41.95,41.1,41.81,72821082.0
806,2017-10-26,42.01,43.6,41.7,42.88,96332780.0
807,2017-10-27,42.7,43.8,42.61,43.77,69254232.0
808,2017-10-30,43.9,44.3,42.7,43.75,64570923.0
809,2017-10-31,43.8,43.8,42.24,42.55,83680955.0
810,2017-11-01,42.6,43.08,41.59,41.8,95161058.0
811,2017-11-02,41.82,42.27,41.35,42.26,54494064.0
812,2017-11-03,42.27,42.58,41.6,41.83,54352787.0
813,2017-11-06,41.86,43.72,41.79,43.53,92070149.0
814,2017-11-07,43.6,45.0,43.4,44.19,86112931.0
815,2017-11-08,44.17,45.0,43.32,43.53,81593662.0
816,2017-11-09,43.55,43.81,42.59,43.74,64126897.0
817,2017-11-10,43.72,45.74,43.66,45.67,104365955.0
818,2017-11-13,45.95,46.46,45.36,45.64,74742854.0
819,2017-11-14,45.47,45.5,44.38,44.86,66872141.0
820,2017-11-15,44.68,45.66,44.42,45.46,63315260.0
821,2017-11-16,45.1,45.86,44.5,45.86,65831356.0
822,2017-11-17,45.69,46.3,44.98,45.95,87695140.0
823,2017-11-20,45.5,45.94,44.7,45.82,61738643.0
824,2017-11-21,45.81,47.8,45.7,47.8,121642974.0
825,2017-11-22,47.86,48.19,46.95,47.36,87758513.0
826,2017-11-23,47.01,47.15,44.6,45.01,95831030.0
827,2017-11-24,44.6,45.54,43.5,45.51,109609343.0
828,2017-11-27,44.95,44.95,43.64,44.04,72747790.0
829,2017-11-28,43.7,44.39,43.51,44.0,43287432.0
830,2017-11-29,44.15,44.28,42.21,42.45,74655846.0
831,2017-11-30,42.5,42.94,42.07,42.45,48598306.0
832,2017-12-01,42.52,42.7,41.5,41.63,69990807.0
833,2017-12-04,41.5,42.51,41.33,42.16,70067071.0
834,2017-12-05,41.81,42.95,41.77,42.5,73080506.0
835,2017-12-06,42.4,42.71,41.05,41.95,64766148.0
836,2017-12-07,41.78,42.05,40.7,40.8,60552816.0
837,2017-12-08,40.89,42.14,40.89,41.69,57638126.0
838,2017-12-11,42.3,43.59,42.12,43.44,81897492.0
839,2017-12-12,43.6,44.17,43.0,43.02,55132465.0
840,2017-12-13,43.18,44.1,43.01,43.95,58537097.0
841,2017-12-14,44.0,44.17,43.3,43.72,41619750.0
842,2017-12-15,43.71,43.71,43.06,43.11,33929331.0
843,2017-12-18,43.05,44.06,42.88,43.95,53695854.0
844,2017-12-19,43.75,44.93,43.7,44.58,59016695.0
845,2017-12-20,44.53,45.32,44.19,44.48,55761065.0
846,2017-12-21,44.61,45.21,44.32,45.06,45303235.0
847,2017-12-22,45.0,45.39,44.6,45.07,32206075.0
848,2017-12-25,45.1,46.0,45.1,45.41,50077060.0
849,2017-12-26,45.6,45.62,44.29,44.66,38228901.0
850,2017-12-27,44.73,44.78,43.11,43.18,53113632.0
851,2017-12-28,43.35,44.28,43.13,43.74,43124387.0
852,2017-12-29,43.9,44.4,43.44,43.7,36847964.0
853,2018-01-02,44.2,45.2,44.18,45.15,58714642.0
854,2018-01-03,45.3,46.46,45.2,45.65,79430489.0
855,2018-01-04,46.0,46.58,45.73,46.58,64048524.0
856,2018-01-05,46.8,47.95,46.31,47.88,78186580.0
857,2018-01-08,48.17,48.95,47.3,47.83,78863047.0
858,2018-01-09,47.72,49.48,47.59,49.4,76885691.0
859,2018-01-10,49.3,51.96,48.97,51.05,108682406.0
860,2018-01-11,50.81,52.11,50.22,50.8,68411366.0
861,2018-01-12,50.8,53.48,50.24,53.3,85482106.0
862,2018-01-15,53.19,55.15,52.99,54.6,96944100.0
863,2018-01-16,54.1,55.48,53.41,54.37,81664860.0
864,2018-01-17,53.98,54.96,51.65,52.04,96872409.0
865,2018-01-18,51.7,53.09,51.6,52.26,60653125.0
866,2018-01-19,52.09,52.76,51.13,51.45,60804729.0
867,2018-01-22,51.5,56.6,51.5,56.6,113054174.0
868,2018-01-23,56.5,56.9,55.45,56.79,81173819.0
869,2018-01-24,56.7,56.72,55.18,55.77,62758287.0
870,2018-01-25,55.45,56.37,54.3,55.4,59065207.0
871,2018-01-26,55.01,58.7,54.77,57.4,86782919.0
872,2018-01-29,57.0,58.07,55.0,55.78,83229496.0
873,2018-01-30,55.34,55.5,54.25,54.35,64305910.0
874,2018-01-31,54.0,56.56,53.88,55.94,66728456.0
875,2018-02-01,56.28,56.36,54.05,55.58,70318799.0
876,2018-02-02,55.01,55.88,54.2,55.49,48599628.0
877,2018-02-05,54.75,55.49,52.65,54.05,83155800.0
878,2018-02-06,52.19,53.86,51.7,53.42,98062601.0
879,2018-02-07,54.45,54.89,50.1,50.28,91032630.0
880,2018-02-08,50.3,51.86,49.15,51.0,87365556.0
881,2018-02-09,49.1,49.89,48.18,49.45,97781828.0
882,2018-02-12,49.69,51.86,49.58,51.51,76337268.0
883,2018-02-13,52.1,53.7,52.1,52.4,61685032.0
884,2018-02-14,52.51,54.38,52.51,54.24,47957181.0
885,2018-02-22,55.23,55.8,54.55,54.99,61822606.0
886,2018-02-23,55.0,55.24,53.87,54.06,56694257.0
887,2018-02-26,54.78,54.9,53.64,54.65,52646601.0
888,2018-02-27,54.65,54.65,51.83,52.01,115739139.0
889,2018-02-28,51.09,52.51,50.45,51.69,61889366.0
890,2018-03-01,51.35,52.26,51.01,51.58,52937677.0
891,2018-03-02,51.05,52.69,50.78,52.48,56326174.0
892,2018-03-05,52.47,52.64,51.32,51.63,40880731.0
893,2018-03-06,51.93,51.96,50.51,51.87,45887465.0
894,2018-03-07,51.87,52.49,51.36,51.72,33301314.0
895,2018-03-08,51.52,53.3,51.21,53.16,54830779.0
896,2018-03-09,53.17,53.56,52.62,53.04,47388746.0
897,2018-03-12,53.35,53.95,52.3,53.29,65329970.0
898,2018-03-13,53.19,53.7,52.64,53.0,46368411.0
899,2018-03-14,52.59,52.91,52.01,52.18,41314548.0
900,2018-03-15,52.0,53.86,51.93,53.8,75744366.0
901,2018-03-16,53.78,53.85,53.23,53.42,74918126.0
902,2018-03-19,53.32,53.35,52.5,52.93,36999780.0
903,2018-03-20,52.6,52.66,51.7,52.2,43432155.0
904,2018-03-21,52.25,52.61,51.68,51.7,35739786.0
905,2018-03-22,51.7,51.95,49.8,49.9,84282065.0
906,2018-03-23,47.9,49.2,46.41,48.88,89701743.0
907,2018-03-26,48.1,48.5,47.28,48.13,55748522.0
908,2018-03-27,48.86,49.25,47.02,47.44,59263054.0
909,2018-03-28,47.0,47.0,45.01,45.51,93407226.0
910,2018-03-29,45.73,47.5,44.53,47.1,84705533.0
911,2018-03-30,46.99,47.7,46.7,46.9,50675548.0
912,2018-04-02,46.63,47.56,45.84,45.97,50899609.0
913,2018-04-03,45.5,46.48,45.13,46.12,37204690.0
914,2018-04-04,46.3,47.45,45.93,46.8,49121551.0
915,2018-04-09,46.65,46.98,45.42,45.72,50526163.0
916,2018-04-10,45.9,47.68,45.9,47.68,58234674.0
917,2018-04-11,48.0,48.86,47.98,48.12,53506850.0
918,2018-04-12,48.13,48.4,47.6,47.8,31813832.0
919,2018-04-13,48.18,48.55,47.12,47.45,33791871.0
920,2018-04-16,47.45,47.75,45.76,46.19,52929896.0
921,2018-04-17,46.14,46.47,45.2,45.29,51866284.0
922,2018-04-18,45.88,46.05,44.75,45.35,45172183.0
923,2018-04-19,45.62,47.66,45.36,47.6,66392257.0
924,2018-04-20,47.83,49.3,47.59,47.85,76721481.0
925,2018-04-23,48.09,49.76,48.09,49.72,76366234.0
926,2018-04-24,50.09,51.06,49.8,50.19,68244211.0
927,2018-04-25,50.0,50.94,49.72,50.07,43375133.0
928,2018-04-26,45.12,47.22,45.06,45.58,374562478.0
929,2018-04-27,46.3,46.4,44.08,44.08,229328728.0
930,2018-05-02,44.23,45.51,44.22,45.2,97417831.0
931,2018-05-03,45.16,45.89,44.58,45.79,93089614.0
932,2018-05-04,45.79,46.87,45.7,45.88,86575306.0
933,2018-05-07,46.19,46.85,45.36,46.72,94224179.0
934,2018-05-08,46.77,48.2,46.76,48.0,98575622.0
935,2018-05-09,48.12,48.25,47.58,48.2,62349524.0
936,2018-05-10,48.34,48.62,47.71,48.21,56093513.0
937,2018-05-11,48.4,48.49,47.2,47.5,54755105.0
938,2018-05-14,47.98,48.69,47.83,48.58,68431158.0
939,2018-05-15,48.75,48.75,48.03,48.35,47644235.0
940,2018-05-16,48.06,48.27,47.8,47.88,40971278.0
941,2018-05-17,48.23,48.43,47.7,47.75,43653199.0
942,2018-05-18,47.65,48.35,47.23,48.27,48718536.0
943,2018-05-21,48.4,48.5,47.73,47.94,57405775.0
944,2018-05-22,47.78,47.78,46.33,46.8,83949514.0
945,2018-05-23,46.72,46.72,46.1,46.22,39970561.0
946,2018-05-24,46.22,46.4,45.54,45.61,45100043.0
947,2018-05-25,45.61,46.09,45.5,45.74,33685203.0
948,2018-05-28,45.81,46.82,45.57,46.63,50153842.0
949,2018-05-29,46.69,46.79,45.97,46.07,39108146.0
950,2018-05-30,45.48,45.86,44.6,45.33,44397400.0
951,2018-05-31,45.85,47.84,45.54,47.5,104390682.0
952,2018-06-01,47.3,47.3,46.26,46.58,49574121.0
953,2018-06-04,47.0,48.31,46.99,47.81,102494675.0
954,2018-06-05,48.0,48.84,47.93,48.55,103309517.0
955,2018-06-06,48.55,48.8,48.15,48.41,54554460.0
956,2018-06-07,48.75,48.86,47.92,47.98,56442886.0
957,2018-06-08,47.95,48.73,47.75,48.15,73404086.0
958,2018-06-11,48.7,49.48,48.23,48.93,88036884.0
959,2018-06-12,49.16,50.58,48.95,50.4,101023385.0
960,2018-06-13,50.2,50.76,49.75,49.88,56532002.0
961,2018-06-14,49.93,50.23,48.65,48.94,60791716.0
962,2018-06-15,49.02,49.55,48.6,49.01,44982206.0
963,2018-06-19,48.02,48.5,46.73,47.33,92487401.0
964,2018-06-20,47.22,48.19,46.88,47.88,50405810.0
965,2018-06-21,47.89,48.84,47.66,47.86,48925961.0
966,2018-06-22,47.5,48.11,46.86,48.06,45700588.0
967,2018-06-25,48.25,48.99,47.55,47.76,51231492.0
968,2018-06-26,47.1,47.76,46.62,47.3,48389615.0
969,2018-06-27,47.36,47.7,45.18,45.47,72707903.0
970,2018-06-28,44.9,45.92,44.71,45.18,51444387.0
971,2018-06-29,45.6,47.2,45.2,47.15,48587654.0
972,2018-07-02,47.0,47.0,44.98,45.35,62894541.0
973,2018-07-03,45.37,45.71,43.11,44.6,80729650.0
974,2018-07-04,44.63,44.87,42.9,43.18,55188703.0
975,2018-07-05,43.8,44.53,43.34,43.41,52083304.0
976,2018-07-06,43.79,44.68,43.31,44.2,48774501.0
977,2018-07-09,44.78,46.15,44.41,46.02,60838197.0
978,2018-07-10,46.02,46.18,45.33,45.88,38756822.0
979,2018-07-11,44.8,45.64,44.4,45.29,31229807.0
980,2018-07-12,45.15,46.72,45.15,46.1,44135425.0
981,2018-07-13,46.27,46.75,46.1,46.46,36846374.0
982,2018-07-16,46.71,47.2,46.06,46.45,30450373.0
983,2018-07-17,46.26,46.28,45.4,45.74,30106764.0
984,2018-07-18,45.8,46.37,44.5,44.85,48823454.0
985,2018-07-19,44.98,45.53,44.55,45.23,29247677.0
986,2018-07-20,44.9,45.26,43.76,45.06,62797184.0
987,2018-07-23,44.6,44.6,43.8,44.5,55466055.0
988,2018-07-24,44.98,45.97,44.58,45.78,67554087.0
989,2018-07-25,45.89,45.98,44.86,44.96,50459246.0
990,2018-07-26,45.0,45.28,44.39,44.51,33883220.0
991,2018-07-27,44.51,44.55,43.81,44.12,31911312.0
992,2018-07-30,44.0,44.34,43.7,44.22,31568785.0
993,2018-07-31,44.02,44.51,43.9,44.17,21009836.0
994,2018-08-01,44.45,44.51,42.98,43.05,50146597.0
995,2018-08-02,43.0,43.0,40.56,41.12,79350394.0
996,2018-08-03,40.98,41.29,39.13,39.51,82263427.0
997,2018-08-06,39.65,39.9,38.62,38.83,59217113.0
998,2018-08-07,39.2,40.45,38.84,40.42,66269803.0
999,2018-08-08,40.42,40.5,39.11,39.19,47816648.0
1000,2018-08-09,39.01,40.86,38.92,40.36,59635237.0
1001,2018-08-10,40.83,41.16,40.43,40.7,39076142.0
1002,2018-08-13,40.1,40.39,39.76,40.35,31910443.0
1003,2018-08-14,40.45,40.49,39.7,40.0,25217061.0
1004,2018-08-15,40.0,40.0,38.88,38.94,39900183.0
1005,2018-08-16,38.4,39.42,37.8,38.69,34871393.0
1006,2018-08-17,39.19,39.34,37.9,38.0,34113314.0
1007,2018-08-20,37.9,38.35,37.36,38.35,36936070.0
1008,2018-08-21,38.55,39.88,38.3,39.78,57693977.0
1009,2018-08-22,39.71,39.71,39.1,39.28,27804813.0
1010,2018-08-23,39.3,39.57,38.56,39.18,39532138.0
1011,2018-08-24,38.98,39.28,38.68,38.94,29073278.0
1012,2018-08-27,39.1,40.63,39.1,40.34,54521948.0
1013,2018-08-28,40.46,41.08,40.34,40.63,39962569.0
1014,2018-08-29,40.55,41.12,40.38,40.91,36108349.0
1015,2018-08-30,40.99,41.39,39.9,40.6,48278906.0
1016,2018-08-31,39.0,39.5,38.51,38.95,102467246.0
1017,2018-09-03,38.77,38.77,38.11,38.46,52278011.0
1018,2018-09-04,38.65,39.09,38.11,38.86,42231250.0
1019,2018-09-05,38.56,38.64,37.58,37.61,61375742.0
1020,2018-09-06,37.58,37.78,36.37,36.51,78445990.0
1021,2018-09-07,36.7,37.19,36.01,36.54,53708811.0
1022,2018-09-10,36.3,36.43,35.77,36.0,39319076.0
1023,2018-09-11,36.03,36.53,36.02,36.23,36371378.0
1024,2018-09-12,36.24,36.26,35.6,35.77,39131741.0
1025,2018-09-13,36.22,36.49,35.8,36.45,43396528.0
1026,2018-09-14,36.45,37.37,36.23,37.08,47100832.0
1027,2018-09-17,36.7,37.24,36.52,36.8,29136680.0
1028,2018-09-18,36.6,37.05,35.8,37.04,56751374.0
1029,2018-09-19,36.8,38.88,36.7,38.37,95625651.0
1030,2018-09-20,38.25,39.18,38.18,38.41,56476090.0
1031,2018-09-21,38.7,40.12,38.5,39.87,82099433.0
1032,2018-09-25,39.25,39.49,38.71,39.05,51620143.0
1033,2018-09-26,39.3,39.99,38.91,39.33,59655848.0
1034,2018-09-27,39.03,39.81,38.75,39.52,50495586.0
1035,2018-09-28,39.63,40.43,39.63,40.2,50472250.0
1036,2018-10-08,38.75,39.13,37.91,37.93,71541396.0
1037,2018-10-09,38.65,39.17,38.5,38.83,45996819.0
1038,2018-10-10,39.09,39.35,38.17,38.31,42694851.0
1039,2018-10-11,37.2,37.87,36.8,37.05,71218833.0
1040,2018-10-12,37.4,38.7,37.03,38.7,61374342.0
1041,2018-10-15,38.69,38.94,37.9,38.15,47566508.0
1042,2018-10-16,38.1,38.88,37.75,38.11,39089670.0
1043,2018-10-17,38.8,38.89,37.55,38.45,41325035.0
1044,2018-10-18,37.97,38.16,37.1,37.2,43330748.0
1045,2018-10-19,36.87,38.68,36.86,38.63,56906095.0
1046,2018-10-22,39.25,40.76,39.12,40.11,85076266.0
1047,2018-10-23,39.88,40.59,38.81,39.24,69695043.0
1048,2018-10-24,39.2,40.18,39.05,39.45,44367521.0
1049,2018-10-25,38.4,39.47,38.2,39.1,42077964.0
1050,2018-10-26,39.5,39.63,38.55,38.8,38069883.0
1051,2018-10-29,38.42,38.42,36.12,36.38,93306247.0
1052,2018-10-30,36.24,37.43,36.0,37.0,50763552.0
1053,2018-10-31,37.5,38.18,37.31,38.06,50725266.0
1054,2018-11-01,38.55,39.44,38.51,38.7,61359258.0
1055,2018-11-02,39.97,40.52,39.6,40.16,81441996.0
1056,2018-11-05,39.86,40.3,39.55,39.98,46746921.0
1057,2018-11-06,40.0,40.0,39.0,39.41,33294863.0
1058,2018-11-07,39.6,39.91,39.11,39.18,31351158.0
1059,2018-11-08,39.61,39.75,39.08,39.19,26830348.0
1060,2018-11-09,38.93,39.14,38.5,38.64,26105842.0
1061,2018-11-12,38.64,39.25,38.33,39.21,29477913.0
1062,2018-11-13,38.59,39.69,38.51,39.41,35398971.0
1063,2018-11-14,39.0,39.18,38.75,38.8,32438395.0
1064,2018-11-15,38.63,38.7,37.82,38.53,45549614.0
1065,2018-11-16,38.56,38.99,38.12,38.59,41865538.0
1066,2018-11-19,38.59,38.93,38.14,38.86,38132622.0
1067,2018-11-20,38.64,38.64,37.85,37.99,41231029.0
1068,2018-11-21,37.57,38.12,37.5,37.97,22112102.0
1069,2018-11-22,38.1,38.16,37.65,37.96,18714399.0
1070,2018-11-23,37.9,38.12,37.4,37.46,21844394.0
1071,2018-11-26,37.46,37.88,37.01,37.23,22090094.0
1072,2018-11-27,37.4,37.48,36.8,36.9,27146789.0
1073,2018-11-28,36.96,37.6,36.95,37.6,27069552.0
1074,2018-11-29,37.95,37.98,37.01,37.07,25741960.0
1075,2018-11-30,37.15,37.21,36.67,36.85,38647757.0
1076,2018-12-03,37.92,38.18,37.15,37.95,86638079.0
1077,2018-12-04,37.7,37.98,37.54,37.85,36361010.0
1078,2018-12-05,37.4,37.67,37.26,37.34,38699192.0
1079,2018-12-06,36.95,36.97,36.41,36.5,63773779.0
1080,2018-12-07,36.67,36.76,36.4,36.48,24497130.0
1081,2018-12-10,36.12,36.38,35.65,35.83,41531242.0
1082,2018-12-11,35.98,36.26,35.85,36.16,23379643.0
1083,2018-12-12,36.49,36.51,36.1,36.34,22464116.0
1084,2018-12-13,36.6,38.14,36.52,37.8,102343033.0
1085,2018-12-14,37.6,37.95,37.23,37.33,46576303.0
1086,2018-12-17,37.33,37.52,36.7,37.06,36371075.0
1087,2018-12-18,36.74,37.24,36.51,36.8,33806503.0
1088,2018-12-19,36.95,36.98,36.38,36.43,27630413.0
1089,2018-12-20,36.38,36.58,36.06,36.3,31210379.0
1090,2018-12-21,36.31,36.37,35.7,36.07,35808526.0
1091,2018-12-24,35.9,36.18,35.69,36.18,23683733.0
1092,2018-12-25,35.77,36.04,35.35,35.88,35960478.0
1093,2018-12-26,35.85,36.28,35.7,35.88,21488857.0
1094,2018-12-27,36.45,36.58,35.66,35.68,32759384.0
1095,2018-12-28,35.81,36.03,35.56,35.69,25914434.0
1096,2019-01-02,36.45,36.45,35.7,35.8,42478984.0
1097,2019-01-03,35.8,36.19,35.75,35.92,25879802.0
1098,2019-01-04,35.72,36.7,35.56,36.65,48961213.0
1099,2019-01-07,36.88,36.96,36.25,36.48,39269076.0
1100,2019-01-08,36.41,36.42,36.03,36.34,19302164.0
1101,2019-01-09,37.2,38.06,37.07,37.51,105806077.0
1102,2019-01-10,37.38,37.93,37.29,37.76,47756614.0
1103,2019-01-11,37.96,37.96,37.39,37.73,33092589.0
1104,2019-01-14,37.77,37.97,37.54,37.68,21177348.0
1105,2019-01-15,37.84,38.88,37.71,38.78,61271292.0
1106,2019-01-16,38.8,39.5,38.65,39.31,50192876.0
1107,2019-01-17,38.1,38.88,37.84,38.66,92745328.0
1108,2019-01-18,38.68,39.15,38.43,38.97,56937644.0
1109,2019-01-21,39.03,40.15,38.85,39.48,58980901.0
1110,2019-01-22,39.47,39.47,38.67,38.91,31945881.0
1111,2019-01-23,38.72,39.46,38.48,39.19,34826523.0
1112,2019-01-24,39.46,39.5,39.0,39.38,29729031.0
1113,2019-01-25,39.56,40.1,39.23,39.9,48283883.0
1114,2019-01-28,40.1,41.29,40.05,40.29,51847665.0
1115,2019-01-29,40.25,41.17,40.12,41.1,52298077.0
1116,2019-01-30,40.83,41.05,40.44,40.7,33230654.0
1117,2019-01-31,41.08,41.75,40.88,41.75,47374589.0
1118,2019-02-01,42.35,42.35,41.65,41.96,40894729.0
1119,2019-02-11,41.87,43.28,41.79,43.07,39917349.0
1120,2019-02-12,43.07,43.45,42.82,43.22,36698352.0
1121,2019-02-13,43.37,43.65,42.83,43.51,41802503.0
1122,2019-02-14,43.46,44.5,43.21,44.35,43546157.0
1123,2019-02-15,44.24,44.25,42.66,42.75,64381715.0
1124,2019-02-18,43.29,44.28,43.21,44.09,48026017.0
1125,2019-02-19,44.5,45.5,44.25,44.62,53235010.0
1126,2019-02-20,44.99,45.08,44.25,44.99,33464112.0
1127,2019-02-21,45.1,45.5,44.62,44.84,44965515.0
1128,2019-02-22,44.79,45.0,43.99,44.96,45113200.0
1129,2019-02-25,45.11,46.1,44.4,46.08,93008257.0
1130,2019-02-26,46.02,46.02,44.81,44.93,67527001.0
1131,2019-02-27,45.3,45.36,44.2,44.55,46966648.0
1132,2019-02-28,44.5,45.13,44.44,44.8,34638053.0
1133,2019-03-01,45.16,45.86,45.03,45.73,64503002.0
1134,2019-03-04,46.27,47.74,46.0,46.65,88029512.0
1135,2019-03-05,47.05,47.47,46.7,47.08,53711471.0
1136,2019-03-06,47.3,47.8,46.71,47.1,47632361.0
1137,2019-03-07,47.1,47.11,45.5,45.74,63612511.0
1138,2019-03-08,44.76,45.39,44.43,44.51,63223056.0
1139,2019-03-11,44.51,45.46,44.51,45.37,42744102.0
1140,2019-03-12,45.73,45.75,44.6,44.8,70191342.0
1141,2019-03-13,44.88,45.25,44.8,44.95,39902264.0
1142,2019-03-14,44.9,46.0,44.83,45.46,51368856.0
1143,2019-03-15,45.5,47.68,45.5,46.92,83975319.0
1144,2019-03-18,46.9,48.11,46.54,47.9,65350732.0
1145,2019-03-19,47.93,48.43,46.91,47.21,50703847.0
1146,2019-03-20,47.01,47.1,46.11,46.61,46049241.0
1147,2019-03-21,46.4,46.57,45.98,46.27,46690937.0
1148,2019-03-22,46.4,46.74,45.8,46.16,42619203.0
1149,2019-03-25,45.47,45.67,44.88,44.99,57037810.0
1150,2019-03-26,45.28,45.43,44.26,44.8,49095354.0
1151,2019-03-27,45.08,45.78,44.85,45.6,43079560.0
1152,2019-03-28,45.37,45.98,45.04,45.63,34626542.0
1153,2019-03-29,45.66,47.3,45.66,47.21,79588027.0
1154,2019-04-09,51.93,51.93,51.93,51.93,10843642.0
1155,2019-04-10,57.12,57.12,54.56,57.12,322875034.0
1156,2019-04-11,57.33,58.39,54.7,55.2,174327744.0
1157,2019-04-12,54.81,56.0,52.9,54.55,109251512.0
1158,2019-04-15,55.76,58.55,55.21,56.7,138528609.0
1159,2019-04-16,56.3,58.28,55.73,58.24,90534495.0
1160,2019-04-17,58.24,58.34,57.0,57.46,71134936.0
1161,2019-04-18,58.46,60.1,58.16,59.5,96045516.0
1162,2019-04-19,59.5,65.4,58.68,65.0,104428516.0
1163,2019-04-22,63.73,64.29,60.88,61.14,126873432.0
1164,2019-04-23,60.9,61.5,59.49,60.99,87488196.0
1165,2019-04-24,61.7,61.88,59.72,59.91,83847354.0
1166,2019-04-25,59.3,59.6,57.3,57.75,88811027.0
1167,2019-04-26,57.73,58.28,56.1,56.18,72059629.0
1168,2019-04-29,55.75,58.59,55.01,57.31,94751043.0
1169,2019-04-30,54.85,57.14,54.5,55.58,85342281.0
1170,2019-05-06,53.38,54.66,51.2,51.53,135811358.0
1171,2019-05-07,52.05,54.22,52.05,53.42,92700222.0
1172,2019-05-08,52.0,53.66,51.7,52.33,55479012.0
1173,2019-05-09,51.88,52.52,50.52,51.8,73733501.0
1174,2019-05-10,53.0,56.15,51.76,55.25,90050525.0
1175,2019-05-13,53.22,55.29,53.22,54.1,45334447.0
1176,2019-05-14,53.25,54.49,53.02,53.36,50839633.0
1177,2019-05-15,54.5,56.25,54.2,55.94,73830878.0
1178,2019-05-16,55.7,56.58,55.5,56.19,43178158.0
1179,2019-05-17,56.2,56.42,54.15,54.8,49182968.0
1180,2019-05-20,54.35,55.19,52.82,53.64,46021753.0
1181,2019-05-21,53.84,56.24,53.82,55.45,51895127.0
1182,2019-05-22,55.6,55.95,54.7,55.0,27649662.0
1183,2019-05-23,55.0,55.1,52.88,52.88,52302950.0
1184,2019-05-24,53.05,54.45,53.05,53.9,42952023.0
1185,2019-05-27,54.01,54.5,52.98,54.05,35229427.0
1186,2019-05-28,54.0,55.33,53.8,54.9,39962173.0
1187,2019-05-29,54.13,54.66,53.7,54.1,29526221.0
1188,2019-05-30,53.64,53.79,52.63,52.94,45544777.0
1189,2019-05-31,52.9,53.53,52.17,52.31,37422212.0
1190,2019-06-03,52.71,53.14,51.9,52.5,36729313.0
1191,2019-06-04,52.5,53.18,51.03,51.48,37091546.0
1192,2019-06-05,52.2,53.31,50.99,52.35,49629698.0
1193,2019-06-06,52.35,53.1,51.99,52.6,28839261.0
1194,2019-06-10,53.1,53.25,52.42,53.04,35932314.0
1195,2019-06-11,52.9,54.07,52.37,53.95,70345156.0
1196,2019-06-12,53.82,53.83,52.51,52.78,48630704.0
1197,2019-06-13,52.4,52.41,50.77,51.27,68976808.0
1198,2019-06-14,51.28,51.94,51.08,51.16,32945834.0
1199,2019-06-17,51.2,51.65,50.57,50.74,38691309.0
1200,2019-06-18,50.86,51.21,50.41,51.03,28522558.0
1201,2019-06-19,52.25,52.98,52.01,52.11,57329404.0
1202,2019-06-20,52.11,54.26,52.02,54.0,72059196.0
1203,2019-06-21,54.35,54.8,53.21,53.31,54778165.0
1204,2019-06-24,53.8,54.87,53.3,54.35,50235311.0
1205,2019-06-25,54.35,54.66,53.19,54.1,41615080.0
1206,2019-06-26,53.56,54.6,53.53,54.47,30717055.0
1207,2019-06-27,54.7,55.5,54.5,54.99,41458493.0
1208,2019-06-28,55.15,55.36,54.32,55.0,26937806.0
1209,2019-07-01,56.24,59.0,56.18,58.59,87895488.0
1210,2019-07-02,58.33,58.95,58.21,58.57,44028866.0
1211,2019-07-03,58.28,58.5,56.9,57.33,40891086.0
1212,2019-07-04,57.6,58.16,56.43,56.88,37364879.0
1213,2019-07-05,57.08,58.18,56.75,58.1,30627920.0
1214,2019-07-08,57.7,57.74,55.89,56.48,40525020.0
1215,2019-07-09,56.49,56.88,55.51,55.99,24496735.0
1216,2019-07-10,56.54,56.66,55.76,56.29,24756619.0
1217,2019-07-11,56.83,57.57,55.75,56.0,40924543.0
1218,2019-07-12,56.0,56.87,55.58,56.48,29430754.0
1219,2019-07-15,55.89,56.6,54.6,55.88,43097748.0
1220,2019-07-16,56.0,56.09,54.64,54.81,37620864.0
1221,2019-07-17,54.72,54.79,54.1,54.53,28145938.0
1222,2019-07-18,54.49,54.5,53.7,54.4,28354936.0
1223,2019-07-19,54.7,54.79,54.02,54.2,37702991.0
1224,2019-07-22,54.2,54.5,53.53,54.0,21306432.0
1225,2019-07-23,54.01,54.4,53.81,54.4,22905722.0
1226,2019-07-24,54.68,55.55,54.56,54.76,35588642.0
1227,2019-07-25,54.76,55.35,54.41,55.12,22567722.0
1228,2019-07-26,54.71,55.56,54.67,55.46,25461600.0
1229,2019-07-29,55.45,55.68,54.2,54.62,35937720.0
1230,2019-07-30,54.64,55.3,54.4,55.08,27330263.0
1231,2019-07-31,55.31,55.89,54.9,55.09,28726324.0
1232,2019-08-01,55.0,55.0,53.38,53.68,48295672.0
1233,2019-08-02,52.0,53.63,51.31,53.43,41159955.0
1234,2019-08-05,53.4,53.8,52.66,52.98,39492869.0
1235,2019-08-06,50.6,51.3,49.05,50.93,53200343.0
1236,2019-08-07,51.1,51.45,50.26,50.27,24240284.0
1237,2019-08-08,50.5,51.44,50.42,51.0,29627086.0
1238,2019-08-09,51.03,51.29,49.68,49.94,39173018.0
1239,2019-08-12,49.8,50.49,49.6,50.38,23565461.0
1240,2019-08-13,50.65,52.3,50.65,51.36,49899952.0
1241,2019-08-14,52.73,53.0,51.5,51.56,32371561.0
1242,2019-08-15,50.56,51.35,50.16,51.3,22672742.0
1243,2019-08-16,51.2,51.68,50.6,51.25,28994905.0
1244,2019-08-19,51.8,52.5,51.55,52.42,34439780.0
1245,2019-08-20,52.4,53.09,52.02,52.79,31705827.0
1246,2019-08-21,52.6,55.2,52.58,54.54,66428454.0
1247,2019-08-22,54.99,55.45,54.51,54.88,36852326.0
1248,2019-08-23,55.1,55.39,54.51,54.89,32590986.0
1249,2019-08-26,53.46,54.48,53.26,54.17,33886436.0
1250,2019-08-27,54.41,55.99,54.41,55.35,47237259.0
1251,2019-08-28,55.78,55.79,55.01,55.32,24339573.0
1252,2019-08-29,55.5,55.74,54.02,54.78,30243057.0
1253,2019-08-30,55.32,55.95,55.02,55.5,41023831.0
1254,2019-09-02,56.95,57.82,56.7,57.47,68428871.0
1255,2019-09-03,58.41,58.43,57.1,57.8,51197807.0
1256,2019-09-04,57.79,59.85,57.3,59.85,64438069.0
1257,2019-09-05,59.91,60.56,58.81,58.87,48304061.0
1258,2019-09-06,59.2,59.2,58.0,58.8,38505025.0
1259,2019-09-09,59.19,59.89,59.0,59.34,37594350.0
1260,2019-09-10,59.8,60.12,59.24,59.4,24697865.0
1261,2019-09-11,59.4,59.44,58.01,58.7,31035493.0
1262,2019-09-12,59.07,59.79,59.06,59.61,27492619.0
1263,2019-09-16,59.47,59.5,58.52,58.93,21797160.0
1264,2019-09-17,58.93,58.93,57.3,57.6,30747274.0
1265,2019-09-18,58.01,58.5,57.72,58.22,17746711.0
1266,2019-09-19,58.8,59.45,58.08,58.49,27851670.0
1267,2019-09-20,58.51,58.58,57.62,58.04,23762232.0
1268,2019-09-23,58.4,58.44,57.0,57.71,21558059.0
1269,2019-09-24,58.06,58.61,57.6,58.16,22127577.0
1270,2019-09-25,57.88,58.2,57.68,57.82,15651474.0
1271,2019-09-26,58.0,58.34,57.19,57.62,19327108.0
1272,2019-09-27,57.62,57.77,56.36,56.9,22351001.0
1273,2019-09-30,56.9,58.08,56.58,57.3,22611865.0
1274,2019-10-08,57.5,58.9,57.18,58.15,26662839.0
1275,2019-10-09,58.0,58.18,57.0,57.02,21980778.0
1276,2019-10-10,57.0,58.06,56.51,57.71,21612513.0
1277,2019-10-11,58.39,58.68,57.54,58.57,29427423.0
1278,2019-10-14,59.2,59.59,58.4,58.7,22992186.0
1279,2019-10-15,58.69,59.15,58.15,58.9,17720436.0
1280,2019-10-16,58.9,59.58,58.5,59.02,21181293.0
1281,2019-10-17,58.9,58.96,58.08,58.25,18251814.0
1282,2019-10-18,58.5,59.0,57.69,57.8,21160901.0
1283,2019-10-21,57.72,58.65,57.4,58.44,14817663.0
1284,2019-10-22,58.99,59.0,58.1,58.81,16834937.0
1285,2019-10-23,58.91,59.33,58.52,58.73,16097186.0
1286,2019-10-24,58.7,58.93,58.04,58.18,15531165.0
1287,2019-10-25,58.38,58.41,56.04,57.15,47698396.0
1288,2019-10-28,57.15,57.67,56.46,56.9,24127334.0
1289,2019-10-29,58.5,60.04,57.26,59.39,80580401.0
1290,2019-10-30,59.71,60.39,58.35,58.67,41022862.0
1291,2019-10-31,58.01,59.22,58.0,58.7,36031249.0
1292,2019-11-01,59.0,64.4,58.83,63.78,117531572.0
1293,2019-11-04,64.1,64.98,63.21,64.45,57382773.0
1294,2019-11-05,64.46,65.16,63.5,64.08,53592751.0
1295,2019-11-06,64.1,64.45,63.36,63.5,33586554.0
1296,2019-11-07,63.7,63.8,62.8,63.71,31761678.0
1297,2019-11-08,64.0,64.63,63.2,63.61,34120324.0
1298,2019-11-11,62.3,62.45,60.7,61.17,68135187.0
1299,2019-11-12,59.8,60.08,58.62,59.16,63653713.0
1300,2019-11-13,59.45,59.53,58.48,58.85,36477612.0
1301,2019-11-14,59.18,59.55,58.68,59.13,35394497.0
1302,2019-11-15,59.45,59.49,58.7,58.86,20210432.0
1303,2019-11-18,58.79,58.99,58.3,58.99,22598461.0
1304,2019-11-19,59.18,59.97,58.91,59.46,35236916.0
1305,2019-11-20,59.3,59.4,58.73,58.86,22170600.0
1306,2019-11-21,58.51,58.51,57.03,57.45,43953533.0
1307,2019-11-22,57.5,58.13,56.2,56.72,36853490.0
1308,2019-11-25,56.72,57.84,56.36,57.81,35129885.0
1309,2019-11-26,58.21,58.76,57.85,58.54,34575480.0
1310,2019-11-27,57.8,57.9,56.9,57.64,34987041.0
1311,2019-11-28,57.71,58.61,57.71,58.45,29821772.0
1312,2019-11-29,58.38,58.78,56.95,57.71,33734840.0
1313,2019-12-03,60.0,61.19,59.2,60.8,90032586.0
1314,2019-12-04,60.78,63.46,60.37,62.58,78496569.0
1315,2019-12-05,62.7,63.05,61.82,62.27,45272936.0
1316,2019-12-06,62.36,62.88,62.02,62.39,31248306.0
1317,2019-12-09,62.39,62.85,61.9,62.15,29023155.0
1318,2019-12-10,62.44,62.45,61.7,62.16,23523685.0
1319,2019-12-11,62.51,62.59,61.12,61.4,29139937.0
1320,2019-12-12,61.8,62.0,61.12,61.48,20259366.0
1321,2019-12-13,61.9,63.39,61.9,62.99,44235877.0
1322,2019-12-16,63.38,63.65,62.72,63.1,30559075.0
1323,2019-12-17,63.1,64.51,63.01,64.11,39262639.0
1324,2019-12-18,64.39,66.1,64.12,64.37,45151830.0
1325,2019-12-19,64.65,65.5,64.41,65.0,28146343.0
1326,2019-12-20,64.99,65.42,64.33,64.51,23427839.0
1327,2019-12-23,65.07,65.6,64.5,64.5,33770991.0
1328,2019-12-24,64.93,65.49,64.66,65.02,19121619.0
1329,2019-12-25,65.0,65.19,64.15,64.4,19837240.0
1330,2019-12-26,64.46,64.8,64.25,64.78,16533953.0
1331,2019-12-27,65.15,65.76,64.4,64.53,24979335.0
1332,2019-12-30,64.57,65.7,64.05,65.58,26457981.0
1333,2019-12-31,65.35,65.86,64.8,65.58,20930799.0
1334,2020-01-02,65.99,68.09,65.9,67.9,46361443.0
1335,2020-01-03,68.38,68.7,66.9,67.1,36870373.0
1336,2020-01-06,66.8,67.07,65.0,65.88,46780255.0
1337,2020-01-07,66.17,67.55,66.0,67.32,41076595.0
1338,2020-01-08,66.6,69.67,66.6,68.8,48780896.0
1339,2020-01-09,69.66,70.56,69.06,69.88,34853812.0
1340,2020-01-10,70.01,70.55,69.42,69.75,20032474.0
1341,2020-01-13,69.92,70.2,69.16,69.76,27115151.0
1342,2020-01-14,70.05,70.44,69.4,69.81,21307675.0
1343,2020-01-15,70.13,70.16,68.47,68.9,27853363.0
1344,2020-01-16,69.34,69.34,66.94,67.32,45958549.0
1345,2020-01-17,67.99,68.56,67.45,67.91,30055306.0
1346,2020-01-20,68.3,68.39,67.03,68.35,25946658.0
1347,2020-01-21,67.8,67.8,66.3,66.5,37020861.0
1348,2020-01-22,66.15,67.1,64.8,66.64,39241238.0
1349,2020-01-23,65.93,66.0,63.52,63.94,53157650.0
1350,2020-02-03,58.0,62.0,57.55,58.77,109790930.0
1351,2020-02-04,59.97,62.2,59.64,61.57,65983247.0
1352,2020-02-05,62.0,63.5,61.6,62.85,56278881.0
1353,2020-02-06,63.5,63.71,61.7,63.24,49492478.0
1354,2020-02-07,62.4,62.8,61.78,62.38,47544410.0
1355,2020-02-10,62.0,62.3,61.27,62.1,33848905.0
1356,2020-02-11,62.76,64.45,62.51,63.92,44717625.0
1357,2020-02-12,63.89,64.39,62.78,63.82,34994937.0
1358,2020-02-13,63.73,64.38,62.56,62.9,38606706.0
1359,2020-02-14,62.6,63.42,62.31,62.73,30018493.0
1360,2020-02-17,61.5,63.23,61.41,63.12,51407393.0
1361,2020-02-18,63.0,63.02,61.9,62.16,49901464.0
1362,2020-02-19,62.0,62.3,61.11,61.67,39945190.0
1363,2020-02-20,61.9,63.5,61.73,63.5,58676248.0
1364,2020-02-21,63.33,63.33,62.2,62.64,54346991.0
1365,2020-02-24,62.12,62.3,61.32,61.57,66204780.0
1366,2020-02-25,60.85,60.85,59.6,60.25,73307798.0
1367,2020-02-26,59.2,61.28,59.0,60.29,56646370.0
1368,2020-02-27,60.03,61.1,60.03,60.71,35634798.0
1369,2020-02-28,59.44,60.0,58.4,59.2,51370598.0
1370,2020-03-02,59.1,60.37,58.7,60.03,50283937.0
1371,2020-03-03,60.99,61.0,59.37,59.99,47456276.0
1372,2020-03-04,59.55,59.9,59.02,59.82,42339393.0
1373,2020-03-05,60.51,63.0,59.85,62.99,101844526.0
1374,2020-03-06,62.15,62.6,61.31,61.48,50353322.0
1375,2020-03-09,60.0,60.0,59.0,59.23,58723190.0
1376,2020-03-10,58.99,61.18,58.95,60.77,54143802.0
1377,2020-03-11,60.78,60.88,59.56,59.63,36194722.0
1378,2020-03-12,58.88,59.05,57.98,58.22,49656245.0
1379,2020-03-13,55.42,57.6,55.0,56.91,54346379.0
1380,2020-03-16,57.37,57.38,54.36,54.4,56240633.0
1381,2020-03-17,53.7,55.61,51.95,52.95,60590194.0
1382,2020-03-18,53.0,55.17,51.92,52.44,70323091.0
1383,2020-03-19,51.6,51.95,48.4,50.3,109883799.0
1384,2020-03-20,50.68,51.8,50.24,51.57,63267049.0
1385,2020-03-23,50.0,50.31,49.08,49.22,48467133.0
1386,2020-03-24,50.1,51.4,49.83,51.14,60043635.0
1387,2020-03-25,53.0,53.75,52.68,53.48,63587783.0
1388,2020-03-26,53.0,53.85,52.59,52.83,35392957.0
1389,2020-03-27,53.85,54.7,52.29,52.57,58661530.0
1390,2020-03-30,51.85,52.13,51.09,52.08,37727448.0
1391,2020-03-31,52.89,52.89,52.11,52.2,31237383.0
1392,2020-04-01,51.55,52.9,51.55,51.99,35684224.0
1393,2020-04-02,51.48,52.3,50.88,52.3,39875302.0
1394,2020-04-03,52.49,52.5,51.81,51.96,30594728.0
1395,2020-04-07,52.99,53.41,52.52,52.72,49804116.0
1396,2020-04-08,52.48,52.5,51.53,51.8,43137244.0
1397,2020-04-09,52.07,52.3,51.75,51.88,33019936.0
1398,2020-04-10,51.98,55.22,51.79,53.74,77923258.0
1399,2020-04-13,55.0,56.99,54.88,56.51,85781913.0
1400,2020-04-14,57.35,57.6,55.6,56.4,61676496.0
1401,2020-04-15,54.8,55.66,53.8,54.41,97474198.0
1402,2020-04-16,53.96,55.05,53.85,54.98,49171857.0
1403,2020-04-17,55.29,55.49,54.56,54.7,45970331.0
1404,2020-04-20,54.75,54.89,54.21,54.48,36752123.0
1405,2020-04-21,54.4,54.4,53.0,53.4,41966538.0
1406,2020-04-22,53.07,54.2,52.75,54.2,32078808.0
1407,2020-04-23,54.2,55.1,54.2,54.87,47484132.0
1408,2020-04-24,55.01,55.1,53.95,54.15,28787951.0
1409,2020-04-27,53.98,54.68,53.62,54.08,24465486.0
1410,2020-04-28,54.08,55.1,53.56,54.99,40855500.0
1411,2020-04-29,54.79,55.88,54.64,55.22,32044017.0
1412,2020-04-30,54.08,55.66,54.0,54.77,63145363.0
1413,2020-05-06,53.82,54.46,53.82,54.46,60318237.0
1414,2020-05-07,54.48,54.97,54.02,54.1,43538631.0
1415,2020-05-08,54.31,57.58,53.99,56.99,123373707.0
1416,2020-05-11,57.98,59.23,57.8,58.21,87171582.0
1417,2020-05-12,58.61,59.28,58.05,59.0,65911559.0
1418,2020-05-13,58.99,58.99,57.78,58.39,48190420.0
1419,2020-05-14,58.41,59.36,58.36,58.57,40248472.0
1420,2020-05-15,59.0,59.02,57.7,57.93,38278425.0
1421,2020-05-18,58.0,58.44,57.0,57.99,40813065.0
1422,2020-05-19,59.0,59.0,57.91,58.02,35141548.0
1423,2020-05-20,58.0,58.0,57.04,57.38,37054258.0
1424,2020-05-21,57.7,57.7,56.76,57.01,28257617.0
1425,2020-05-22,57.02,57.03,55.61,55.62,39114075.0
1426,2020-05-25,55.64,55.95,54.39,54.9,39373644.0
1427,2020-05-26,55.5,56.9,55.46,56.88,44497025.0
1428,2020-05-27,56.8,57.46,56.0,56.24,35057418.0
1429,2020-05-28,56.29,57.6,56.05,56.82,41975732.0
1430,2020-05-29,56.31,57.03,56.22,56.94,29169129.0
1431,2020-06-01,57.51,58.26,57.19,57.97,57925071.0
1432,2020-06-02,58.88,58.98,57.71,58.09,46837490.0
1433,2020-06-03,58.1,58.49,57.51,58.02,45819960.0
1434,2020-06-04,58.6,59.69,58.4,59.65,65622849.0
1435,2020-06-05,60.0,61.01,59.89,60.17,58536642.0
1436,2020-06-08,61.58,63.0,61.0,62.39,69837724.0
1437,2020-06-09,62.61,62.65,61.33,61.92,42343080.0
1438,2020-06-10,62.46,62.47,60.88,61.33,41414208.0
1439,2020-06-11,60.13,60.15,58.38,58.92,50272548.0
1440,2020-06-12,57.55,59.0,57.07,58.92,45814513.0
1441,2020-06-15,58.12,58.54,57.23,57.29,43486456.0
1442,2020-06-16,58.0,58.17,57.3,57.84,37333377.0
1443,2020-06-17,57.73,57.79,57.12,57.77,34059687.0
1444,2020-06-18,57.5,58.53,57.5,58.06,35416346.0
1445,2020-06-19,58.5,58.99,58.2,58.84,55418363.0
1446,2020-06-22,57.81,57.89,56.85,57.26,73739030.0
1447,2020-06-23,57.0,57.3,56.2,56.23,71733841.0
1448,2020-06-24,56.3,57.25,56.3,57.22,53712688.0
1449,2020-06-29,57.0,57.01,56.23,56.46,37301744.0
1450,2020-06-30,56.76,57.1,56.18,56.57,42914148.0
1451,2020-07-01,56.6,57.8,56.0,57.41,72233256.0
1452,2020-07-02,57.19,58.28,56.9,58.21,102071153.0
1453,2020-07-03,58.4,59.5,58.04,58.44,93973703.0
1454,2020-07-06,58.15,61.47,57.9,61.26,142141613.0
1455,2020-07-07,62.05,63.0,60.05,60.08,146240576.0
1456,2020-07-08,60.0,60.8,58.65,59.49,127042154.0
1457,2020-07-09,59.63,59.89,59.16,59.82,104182511.0
1458,2020-07-10,60.52,61.19,58.88,58.99,120513278.0
1459,2020-07-13,59.2,59.78,58.52,59.45,124377102.0
1460,2020-07-14,59.43,59.77,58.0,58.52,94871962.0
1461,2020-07-15,58.0,59.5,57.51,58.68,113275617.0
1462,2020-07-16,59.0,59.5,55.48,55.99,124051109.0
1463,2020-07-17,56.8,57.5,56.45,57.21,76939167.0
1464,2020-07-20,57.21,59.11,56.53,58.93,88620390.0
1465,2020-07-21,59.26,59.79,58.39,58.91,68467522.0
1466,2020-07-22,59.0,60.25,58.95,59.52,94278638.0
1467,2020-07-23,59.6,60.3,58.56,60.09,93755412.0
1468,2020-07-24,59.57,59.69,56.59,57.16,101520091.0
1469,2020-07-27,57.35,57.87,56.4,56.78,53875430.0
1470,2020-07-28,57.4,57.5,56.57,56.97,44074090.0
1471,2020-07-29,56.97,60.0,56.8,59.4,143014000.0
1472,2020-07-30,59.89,59.89,57.25,57.48,123686229.0
1473,2020-07-31,57.36,57.55,56.45,56.91,115564496.0
1474,2020-08-03,57.16,57.63,56.86,57.32,82389786.0
1475,2020-08-04,57.42,57.53,56.78,57.17,75142989.0
1476,2020-08-05,56.83,57.1,56.5,56.85,59413552.0
1477,2020-08-06,56.68,56.83,55.81,56.22,70954068.0
1478,2020-08-07,56.07,56.52,55.49,56.25,66863316.0
1479,2020-08-10,56.24,56.45,55.62,56.3,56139598.0
1480,2020-08-11,56.5,56.85,55.81,55.87,54666547.0
1481,2020-08-12,55.65,56.02,55.04,55.74,60200918.0
1482,2020-08-13,55.9,56.39,55.75,55.78,34203870.0
1483,2020-08-14,55.78,56.29,55.51,56.25,31724476.0
1484,2020-08-17,56.25,57.18,56.0,56.8,67772412.0
1485,2020-08-18,56.59,56.77,55.9,56.02,61849450.0
1486,2020-08-19,55.85,55.85,55.18,55.19,50098471.0
1487,2020-08-20,54.96,54.96,54.02,54.13,62631331.0
1488,2020-08-21,54.95,54.96,54.01,54.22,38246503.0
1489,2020-08-24,54.51,54.71,54.0,54.14,45509578.0
1490,2020-08-25,54.02,54.43,54.02,54.29,35115499.0
1491,2020-08-26,54.3,54.56,53.0,53.4,61686565.0
1492,2020-08-27,53.4,53.47,52.37,52.94,52794831.0
1493,2020-08-28,53.01,55.06,52.88,55.04,82688619.0
1494,2020-08-31,55.95,56.3,54.27,54.5,74345155.0
1495,2020-09-01,54.3,54.9,54.04,54.75,32527930.0
1496,2020-09-02,55.18,55.29,54.03,54.53,38087260.0
1497,2020-09-03,54.94,55.12,54.46,54.75,48893478.0
1498,2020-09-04,54.28,55.0,53.85,54.83,37360185.0
1499,2020-09-07,55.0,55.8,54.83,55.01,56450197.0
1500,2020-09-08,55.28,55.56,55.0,55.48,41897242.0
1501,2020-09-09,54.7,55.25,54.08,54.5,36494736.0
1502,2020-09-10,54.67,54.84,54.41,54.6,34310821.0
1503,2020-09-11,54.68,55.1,54.31,54.86,32475203.0
1504,2020-09-14,54.95,55.71,54.86,55.28,25777547.0
1505,2020-09-15,55.28,56.08,54.99,55.77,43682624.0
1506,2020-09-16,55.77,55.94,54.95,55.05,33530584.0
1507,2020-09-17,55.04,55.29,54.72,54.8,27868080.0
1508,2020-09-18,55.2,55.72,54.81,55.65,33810238.0
1509,2020-09-21,55.75,56.95,55.69,56.55,68578241.0
1510,2020-09-22,56.15,56.46,55.28,55.5,33698049.0
1511,2020-09-23,55.5,55.69,55.05,55.51,24325856.0
1512,2020-09-24,55.12,55.26,54.12,54.33,31425891.0
1513,2020-09-25,54.35,54.56,53.99,54.11,24854488.0
1514,2020-09-28,54.12,54.45,53.0,53.02,46381353.0
1515,2020-09-29,53.4,53.61,53.06,53.06,29349466.0
1516,2020-09-30,53.16,53.42,53.03,53.3,22717205.0
1517,2020-10-09,54.47,55.2,54.11,54.75,48033764.0
1518,2020-10-12,55.02,55.9,55.02,55.82,41148508.0
1519,2020-10-13,55.82,56.04,55.5,55.91,24589778.0
1520,2020-10-14,57.44,57.98,57.02,57.6,105344906.0
1521,2020-10-15,57.73,58.47,57.61,57.94,68250028.0
1522,2020-10-16,58.0,58.78,57.46,57.7,47393523.0
1523,2020-10-19,58.15,58.34,57.2,57.25,36508836.0
1524,2020-10-20,57.52,57.86,57.2,57.65,28263303.0
1525,2020-10-21,58.0,58.5,57.32,58.0,40481052.0
1526,2020-10-22,57.95,58.7,57.26,58.6,51206321.0
1527,2020-10-23,58.78,58.8,58.08,58.32,37380071.0
1528,2020-10-26,58.3,58.8,57.62,58.19,33553983.0
1529,2020-10-27,58.2,58.5,57.2,57.23,32955304.0
1530,2020-10-28,57.23,57.8,57.05,57.26,31676747.0
1531,2020-10-29,56.6,58.28,56.34,57.63,47239897.0
1532,2020-10-30,58.0,59.56,57.99,58.43,79267809.0
1533,2020-11-02,58.1,60.65,58.1,60.19,82520570.0
1534,2020-11-03,60.24,60.35,59.27,60.03,49374257.0
1535,2020-11-04,60.45,62.73,60.35,62.18,91074682.0
1536,2020-11-05,62.9,64.22,62.41,62.8,69541553.0
1537,2020-11-06,63.49,66.5,63.0,66.38,108598632.0
1538,2020-11-09,67.95,69.28,66.4,67.55,93232831.0
1539,2020-11-10,67.3,67.3,65.35,65.86,60427872.0
1540,2020-11-11,65.71,66.86,64.57,65.81,49063011.0
1541,2020-11-12,65.51,67.09,65.49,66.37,51561805.0
1542,2020-11-13,65.75,66.58,65.01,66.26,44570665.0
1543,2020-11-16,67.52,67.99,65.6,66.8,40244531.0
1544,2020-11-17,66.66,69.5,66.48,68.4,60831533.0
1545,2020-11-18,68.1,68.5,65.99,66.69,52482888.0
1546,2020-11-19,66.7,68.34,66.7,67.9,51061352.0
1547,2020-11-20,67.92,68.29,66.9,67.9,38351303.0
1548,2020-11-23,67.98,68.3,67.25,68.25,46254238.0
1549,2020-11-24,68.5,68.69,66.12,66.8,50330930.0
1550,2020-11-25,67.01,67.85,66.66,66.83,33198075.0
1551,2020-11-26,67.5,67.96,65.98,66.45,36685810.0
1552,2020-11-27,66.46,67.32,66.02,66.66,27054195.0
1553,2020-11-30,67.28,68.17,66.59,66.64,43415990.0
1554,2020-12-01,66.2,67.2,65.84,67.2,34692992.0
1555,2020-12-02,67.88,69.79,67.2,69.53,74760101.0
1556,2020-12-03,68.94,69.6,67.26,68.5,55285651.0
1557,2020-12-04,68.5,69.08,67.86,69.0,33579371.0
1558,2020-12-07,68.73,68.95,67.8,68.0,30614271.0
1559,2020-12-08,68.52,68.54,65.5,65.66,57070900.0
1560,2020-12-09,65.62,65.62,62.51,62.61,72927772.0
1561,2020-12-10,63.01,63.78,62.73,62.83,41285201.0
1562,2020-12-11,63.5,63.99,62.88,63.8,39857593.0
1563,2020-12-14,63.8,63.99,62.51,62.76,30817278.0
1564,2020-12-15,62.0,62.1,60.6,60.99,75961321.0
1565,2020-12-16,61.0,61.78,60.5,61.03,67090874.0
1566,2020-12-17,61.17,61.86,60.11,61.61,52370703.0
1567,2020-12-18,61.63,62.01,61.06,61.37,35606623.0
1568,2020-12-21,61.11,61.13,60.2,60.7,48688161.0
1569,2020-12-22,60.6,60.97,59.88,60.11,44334856.0
1570,2020-12-23,59.9,60.58,59.65,60.15,41634389.0
1571,2020-12-24,60.79,61.13,59.85,60.06,30092212.0
1572,2020-12-25,59.98,59.98,58.93,59.21,33872995.0
1573,2020-12-28,59.22,60.96,58.69,60.6,47450431.0
1574,2020-12-29,60.62,61.76,60.25,60.87,32934223.0
1575,2020-12-30,60.8,61.27,60.34,61.27,34484268.0
1576,2020-12-31,60.88,62.39,60.8,61.94,43939294.0
1577,2021-01-04,61.8,63.33,61.6,62.9,54903578.0
1578,2021-01-05,62.36,65.53,62.36,65.26,70088887.0
1579,2021-01-06,66.0,66.78,63.69,64.07,52170379.0
1580,2021-01-07,64.06,65.04,63.5,64.7,46475055.0
1581,2021-01-08,64.96,66.37,64.0,64.7,49950205.0
1582,2021-01-11,64.13,64.88,62.21,62.45,58182903.0
1583,2021-01-12,62.1,64.08,62.09,63.66,44731442.0
1584,2021-01-13,64.0,66.0,63.76,64.92,57162721.0
1585,2021-01-14,65.02,65.57,63.0,63.12,44703512.0
1586,2021-01-15,62.72,63.69,62.31,63.4,34537150.0
1587,2021-01-18,63.0,64.2,62.6,63.76,38390498.0
1588,2021-01-19,63.72,65.09,62.66,62.92,40845405.0
1589,2021-01-20,62.79,62.85,60.89,61.0,60848099.0
1590,2021-01-21,60.88,62.18,60.6,61.36,49076291.0
1591,2021-01-22,61.3,61.5,59.75,60.23,56839104.0
1592,2021-01-25,60.23,60.79,59.7,60.02,52507666.0
1593,2021-01-26,59.8,59.8,58.6,59.0,46356422.0
1594,2021-01-27,59.0,60.46,58.0,59.41,53504324.0
1595,2021-01-28,58.64,58.7,57.23,57.29,52287008.0
1596,2021-01-29,57.23,57.79,55.88,56.3,49388880.0
1597,2021-02-01,56.51,57.2,55.75,56.43,31769343.0
1598,2021-02-02,56.45,59.67,56.44,59.63,67437831.0
1599,2021-02-03,59.98,60.37,58.4,58.82,47406154.0
1600,2021-02-04,58.0,59.39,57.88,58.59,30141987.0
1601,2021-02-05,58.5,59.52,58.35,58.94,27993334.0
1602,2021-02-08,59.17,59.87,58.37,58.84,32371043.0
1603,2021-02-09,59.0,59.25,57.46,59.03,47029019.0
1604,2021-02-10,59.05,61.3,58.9,60.49,56120470.0
1605,2021-02-18,61.05,61.8,59.68,60.47,52660810.0
1606,2021-02-19,60.4,61.5,59.9,61.03,40662851.0
1607,2021-02-22,60.1,60.14,57.94,58.48,60749622.0
1608,2021-02-23,58.09,58.48,56.93,57.05,54736080.0
1609,2021-02-24,57.51,58.21,57.0,57.28,49243904.0
1610,2021-02-25,57.83,60.49,57.77,59.85,79223818.0
1611,2021-02-26,59.1,60.89,58.88,59.0,59131818.0
1612,2021-03-01,59.05,60.95,59.02,60.43,49032424.0
1613,2021-03-02,60.89,61.5,59.84,60.66,43600108.0
1614,2021-03-03,60.66,60.68,59.69,60.2,31900104.0
1615,2021-03-04,59.79,60.19,58.7,58.85,43308280.0
1616,2021-03-05,58.06,58.6,57.58,58.13,34920904.0
1617,2021-03-08,58.42,59.14,56.51,56.62,51361782.0
1618,2021-03-09,56.63,58.87,56.11,58.0,60033488.0
1619,2021-03-10,58.39,58.85,57.91,58.62,31218528.0
1620,2021-03-11,58.3,59.2,58.27,58.59,30263702.0
1621,2021-03-12,58.59,58.81,58.2,58.5,26073195.0
1622,2021-03-15,58.47,58.81,57.42,57.78,30168745.0
1623,2021-03-16,59.0,60.24,58.61,60.0,68604906.0
1624,2021-03-17,60.65,63.31,60.0,62.2,83571760.0
1625,2021-03-18,62.92,63.48,61.5,62.5,48516782.0
1626,2021-03-19,62.0,62.0,59.66,60.0,55819039.0
1627,2021-03-22,60.05,61.19,59.6,60.94,39575697.0
1628,2021-03-23,60.85,62.0,60.28,61.41,38481259.0
1629,2021-03-24,61.4,62.0,61.07,61.35,32399326.0
1630,2021-03-25,60.86,61.63,60.7,61.38,25338726.0
1631,2021-03-26,62.6,62.93,61.18,61.62,37839591.0
1632,2021-03-29,61.94,62.7,61.48,62.47,40946837.0
1633,2021-03-30,62.48,62.5,61.41,62.1,27420306.0
1634,2021-03-31,62.29,63.27,61.91,62.7,36590634.0
1635,2021-04-01,62.69,63.0,61.98,62.73,21812025.0
1636,2021-04-02,62.98,63.5,62.2,62.44,27760233.0
1637,2021-04-06,62.45,62.69,61.0,61.33,24198358.0
1638,2021-04-07,61.99,62.1,60.88,61.68,23994960.0
1639,2021-04-08,61.65,61.98,61.15,61.85,15721246.0
1640,2021-04-09,62.09,62.18,60.69,61.65,23815344.0
1641,2021-04-12,61.55,61.83,59.68,60.2,23305064.0
1642,2021-04-13,60.4,60.5,58.71,59.17,24392820.0
1643,2021-04-14,59.51,60.15,59.31,59.92,18663520.0
1644,2021-04-15,61.0,62.33,60.38,60.53,48350030.0
1645,2021-04-16,61.7,61.88,60.02,60.88,32841159.0
1646,2021-04-19,60.9,61.36,60.35,60.88,29084209.0
1647,2021-04-20,60.81,60.82,59.65,59.98,34338610.0
1648,2021-04-21,59.5,59.98,59.07,59.62,22207693.0
1649,2021-04-22,59.71,59.9,58.76,59.11,26844357.0
1650,2021-04-23,59.3,60.2,59.06,59.81,27949161.0
1651,2021-04-26,59.97,59.99,58.45,58.5,42065369.0
1652,2021-04-27,58.5,58.73,57.52,57.98,31695564.0
1653,2021-04-28,58.5,58.66,57.39,58.06,27710952.0
1654,2021-04-29,59.51,60.67,58.21,59.51,82288716.0
1655,2021-04-30,60.25,60.6,59.32,59.91,50033512.0
1656,2021-05-06,59.65,60.38,59.61,59.96,33612713.0
1657,2021-05-07,60.25,61.13,59.15,59.56,36528167.0
1658,2021-05-10,59.4,59.84,58.92,59.84,29204133.0
1659,2021-05-11,59.41,59.99,59.22,59.9,19644907.0
1660,2021-05-12,59.9,60.1,58.05,59.08,38783902.0
1661,2021-05-13,58.55,58.7,57.25,57.38,42631676.0
1662,2021-05-14,57.0,57.75,56.58,57.74,44842349.0
1663,2021-05-17,57.75,58.8,57.53,58.29,36004033.0
1664,2021-05-18,58.31,58.68,57.73,57.93,23780945.0
1665,2021-05-19,57.9,57.92,57.21,57.41,22997505.0
1666,2021-05-20,57.91,58.19,57.39,58.0,29461064.0
1667,2021-05-21,58.14,58.57,57.4,57.5,28266741.0
1668,2021-05-24,57.23,57.24,56.67,56.8,35729612.0
1669,2021-05-25,56.2,56.5,54.7,55.89,112779263.0
1670,2021-05-26,55.9,56.37,55.32,56.19,47618606.0
1671,2021-05-27,58.5,59.27,57.62,58.04,95635438.0
1672,2021-05-28,58.0,58.0,56.8,56.99,64862635.0
1673,2021-05-31,57.06,57.21,55.88,56.3,56053396.0
1674,2021-06-01,56.3,56.53,55.96,56.3,34078014.0
1675,2021-06-02,56.3,56.39,55.92,56.05,32203750.0
1676,2021-06-03,56.19,56.5,55.98,55.98,38526612.0
1677,2021-06-04,55.98,56.28,55.56,55.98,30928663.0
1678,2021-06-07,55.93,55.93,55.16,55.36,40618895.0
1679,2021-06-08,55.3,55.69,54.96,55.23,28603661.0
1680,2021-06-09,55.15,55.45,55.05,55.23,30478659.0
1681,2021-06-10,55.23,55.32,55.0,55.01,39750717.0
1682,2021-06-11,55.03,55.15,54.35,54.62,42287234.0
1683,2021-06-15,54.65,55.38,54.4,55.37,45788692.0
1684,2021-06-16,55.39,55.97,55.02,55.18,31422940.0
1685,2021-06-17,55.2,55.2,54.5,54.7,29167028.0
1686,2021-06-18,54.7,54.91,53.67,53.68,50755026.0
1687,2021-06-21,52.48,52.48,51.0,51.11,111265588.0
1688,2021-06-22,51.12,51.36,49.5,49.82,107895588.0
1689,2021-06-23,49.85,51.72,49.83,51.72,86754969.0
1690,2021-06-24,51.79,51.86,50.68,51.45,47409864.0
1691,2021-06-25,51.5,52.56,51.16,52.23,47818455.0
1692,2021-06-28,53.9,54.46,52.36,52.66,52555025.0
1693,2021-06-29,52.62,52.62,50.9,51.17,47667186.0
1694,2021-06-30,51.6,52.29,51.17,52.1,29513260.0
1695,2021-07-01,52.12,52.5,51.1,51.86,35377220.0
1696,2021-07-02,51.2,51.49,50.35,50.99,47088482.0
1697,2021-07-05,51.0,51.2,49.69,49.89,48646874.0
1698,2021-07-06,49.55,50.26,49.38,50.11,35295781.0
1699,2021-07-07,49.83,51.08,49.83,50.19,36427130.0
1700,2021-07-08,50.29,50.29,49.0,49.2,56559795.0
1701,2021-07-09,49.2,49.44,48.2,49.3,40565516.0
1702,2021-07-12,49.7,49.8,48.81,48.92,38015124.0
1703,2021-07-13,49.15,49.67,48.5,49.4,36884269.0
1704,2021-07-14,49.3,49.9,48.81,49.6,45530753.0
1705,2021-07-15,49.1,49.8,48.99,49.5,38032397.0
1706,2021-07-16,49.5,50.16,49.2,49.99,43810409.0
1707,2021-07-19,50.3,51.73,50.0,51.48,72400272.0
1708,2021-07-20,51.35,51.94,50.7,51.2,46338532.0
1709,2021-07-21,51.2,51.49,49.9,49.95,49884429.0
1710,2021-07-22,49.8,50.45,49.5,49.95,39026330.0
1711,2021-07-23,49.9,49.91,48.98,49.02,45042135.0
1712,2021-07-26,48.8,48.83,47.58,47.63,65575533.0
1713,2021-07-27,47.98,48.1,46.7,46.76,62982578.0
1714,2021-07-28,46.5,48.08,46.16,47.5,56206051.0
1715,2021-07-29,47.97,48.18,47.41,47.56,46480637.0
1716,2021-07-30,47.21,47.68,46.5,47.5,40302543.0
1717,2021-08-02,47.13,48.9,46.6,48.25,52314589.0
1718,2021-08-03,47.9,49.5,47.71,49.21,58606350.0
1719,2021-08-04,49.9,49.9,48.28,48.51,52420801.0
1720,2021-08-05,48.12,49.29,48.05,48.12,34844584.0
1721,2021-08-06,48.2,48.26,47.41,47.74,27849370.0
1722,2021-08-09,47.5,48.82,47.39,48.47,41586777.0
1723,2021-08-10,48.09,48.59,47.6,48.5,35984735.0
1724,2021-08-11,48.64,49.23,47.9,48.05,48719161.0
1725,2021-08-12,48.02,48.24,46.66,46.77,65866726.0
1726,2021-08-13,46.78,46.95,46.17,46.52,39195008.0
1727,2021-08-16,46.85,48.18,46.68,47.99,61536863.0
1728,2021-08-17,48.09,48.2,47.05,47.12,40945935.0
1729,2021-08-18,47.18,47.74,46.9,47.64,32873879.0
1730,2021-08-19,47.54,47.88,47.01,47.22,34357648.0
1731,2021-08-20,47.03,47.11,45.45,46.1,72889342.0
1732,2021-08-23,44.0,45.15,42.78,44.99,94271239.0
1733,2021-08-24,45.0,45.98,44.11,44.47,61973416.0
1734,2021-08-25,44.68,44.78,44.27,44.41,37301721.0
1735,2021-08-26,44.1,44.1,43.0,43.14,54996625.0
1736,2021-08-27,43.0,43.45,42.81,42.83,33754969.0
1737,2021-08-30,42.85,42.96,40.82,41.0,82576878.0
1738,2021-08-31,41.2,41.96,40.3,41.1,65468076.0
1739,2021-09-01,41.5,41.88,40.72,41.66,90621797.0
1740,2021-09-02,41.66,41.66,40.16,40.47,104376928.0
1741,2021-09-03,40.48,40.88,40.2,40.59,81983523.0
1742,2021-09-06,40.86,41.57,40.75,41.39,89379170.0
1743,2021-09-07,41.29,41.83,40.91,41.75,70159754.0
1744,2021-09-08,41.6,41.67,41.27,41.53,71079050.0
1745,2021-09-09,41.37,41.79,41.26,41.46,48036806.0
1746,2021-09-10,41.5,41.66,41.13,41.24,59032322.0
1747,2021-09-13,41.26,41.39,40.61,40.8,59412607.0
1748,2021-09-14,40.95,41.3,40.17,40.21,63968409.0
1749,2021-09-15,40.03,40.05,38.69,38.99,107648800.0
1750,2021-09-16,38.8,39.09,38.19,38.21,77409322.0
1751,2021-09-17,38.09,38.38,37.44,38.26,72454537.0
1752,2021-09-22,37.57,37.92,37.44,37.79,36804323.0
1753,2021-09-23,37.96,38.48,37.88,38.11,51706366.0
1754,2021-09-24,38.0,38.43,37.75,37.91,43610921.0
1755,2021-09-27,37.83,39.25,37.55,38.44,74025028.0
1756,2021-09-28,38.1,38.53,37.72,38.11,46611034.0
1757,2021-09-29,38.82,39.6,38.46,39.3,104737322.0
1758,2021-09-30,39.29,39.46,38.73,38.75,67332578.0
1759,2021-10-08,38.88,39.96,38.37,39.81,82685450.0
1760,2021-10-11,39.99,40.12,39.54,39.85,55819304.0
1761,2021-10-12,39.52,39.88,39.27,39.44,43544252.0
1762,2021-10-13,39.22,39.43,38.52,39.1,45331658.0
1763,2021-10-14,39.03,39.32,38.82,38.98,27145697.0
1764,2021-10-15,38.98,39.49,38.81,39.05,40225796.0
1765,2021-10-18,39.05,39.1,38.22,38.36,39604481.0
1766,2021-10-19,38.2,39.26,38.17,39.05,45212364.0
1767,2021-10-20,39.1,39.3,38.52,38.58,35314668.0
1768,2021-10-21,38.58,40.1,38.42,40.08,96608729.0
1769,2021-10-22,40.1,41.06,40.08,40.67,106208914.0
1770,2021-10-25,40.05,40.21,39.14,39.37,88501906.0
1771,2021-10-26,39.28,39.56,38.93,38.98,52358763.0
1772,2021-10-27,38.0,38.01,36.6,36.77,159121075.0
1773,2021-10-28,36.47,36.75,35.91,36.5,62526929.0
1774,2021-10-29,36.49,36.83,36.03,36.65,55777086.0
1775,2021-11-01,36.32,37.29,35.93,36.97,63205279.0
1776,2021-11-02,36.92,37.19,36.12,36.36,52088926.0
1777,2021-11-03,36.36,36.55,35.81,36.28,42944962.0
1778,2021-11-04,36.29,36.43,35.92,36.42,51186105.0
1779,2021-11-05,36.3,36.75,36.0,36.36,44889821.0
1780,2021-11-08,36.01,36.23,35.89,36.01,42417886.0
1781,2021-11-09,36.01,36.17,35.53,35.6,52595435.0
1782,2021-11-10,35.5,35.51,34.1,34.67,112307310.0
1783,2021-11-11,34.73,36.12,34.61,36.12,123853844.0
1784,2021-11-12,36.23,36.23,35.3,35.43,74252446.0
1785,2021-11-15,35.58,36.29,35.47,36.09,57855616.0
1786,2021-11-16,36.23,36.64,36.1,36.32,60632615.0
1787,2021-11-17,36.78,36.99,36.24,36.33,54834802.0
1788,2021-11-18,36.23,36.33,35.71,35.75,46228070.0
1789,2021-11-19,35.69,36.04,35.38,35.91,48293262.0
1790,2021-11-22,35.85,36.08,35.61,35.72,38002268.0
1791,2021-11-23,35.5,35.98,35.11,35.9,53898686.0
1792,2021-11-24,35.9,35.96,35.52,35.73,37931737.0
1793,2021-11-25,35.61,36.08,35.34,35.38,43694681.0
1794,2021-11-26,35.3,35.32,35.1,35.13,31058588.0
1795,2021-11-29,34.77,34.83,34.53,34.63,42463194.0
1796,2021-11-30,34.68,35.08,34.46,34.56,38807856.0
1797,2021-12-01,34.41,35.19,34.23,35.18,44119093.0
1798,2021-12-02,35.0,35.28,34.76,35.1,29998239.0
1799,2021-12-03,35.1,35.25,34.65,34.98,36003323.0
