,Company,Date,Finance Headline,Finance First Paragraph,Finance Last Paragraph,Finance Combined,General Headline,General First Paragraph,General Last Paragraph,General Combined
0,Cisco,2018-11-14,0.0,0.9999996666667778,0.199999960000008,0.4999999375000079,0.3818,0.9882,0.9657,0.9956
1,Cisco,2018-08-15,0.0,0.0,0.9999990000010001,0.9999990000010001,0.5106,0.9545,0.9313,0.9859
2,Cisco,2018-07-17,0.0,-0.9999990000010001,0.0,-0.9999990000010001,0.0,0.5106,0.9325,0.9485
3,Cisco,2018-08-02,0.0,0.99999950000025,0.0,0.99999950000025,0.7351,0.8658,0.8481,0.9753
4,Cisco,2018-07-17,0.0,0.0,-0.9999990000010001,-0.33333322222225925,0.0,0.9428,0.5106,0.9623
5,Cisco,2018-05-16,0.0,0.9999996666667778,-0.9999990000010001,0.49999987500003124,0.0,0.9545,-0.5187,0.705
6,Cisco,2018-02-14,0.0,0.0,0.0,0.0,0.0,0.9455,0.6997,0.9748
7,Cisco,2018-02-14,0.0,0.9999990000010001,0.9999990000010001,0.99999950000025,0.0,0.7184,0.8625,0.9393
8,Cisco,2018-02-12,0.0,0.0,0.0,0.0,0.0,0.5719,0.0,0.5719
9,Cisco,2017-11-15,0.0,-0.33333327777778704,-0.4285713673469475,-0.3846153550295881,0.5267,0.9857,0.5499,0.9864
10,Cisco,2017-06-09,-0.9999990000010001,0.99999950000025,0.33333322222225925,0.33333327777778704,0.0,0.8885,0.2263,0.9081
11,Cisco,2017-11-02,0.0,-0.9999990000010001,0.49999987500003124,0.199999960000008,0.3612,0.9201,0.8519,0.9805
12,Cisco,2017-10-23,0.0,0.0,-0.33333322222225925,-0.1428571224489825,0.0,0.6808,0.926,0.946
13,Cisco,2017-09-27,0.0,0.9999990000010001,0.0,0.33333322222225925,0.6249,0.8955,0.7351,0.9686
14,Cisco,2017-08-21,0.9999990000010001,0.33333322222225925,0.99999950000025,0.6666665555555741,0.0,0.7804,0.9493,0.9736
15,Cisco,2017-08-16,0.0,-0.33333322222225925,0.0,-0.33333322222225925,-0.7034,0.6478,0.9418,0.9434
16,Cisco,2017-06-28,0.0,0.49999987500003124,0.0,0.33333327777778704,-0.3818,0.8985,0.6908,0.9564
17,Cisco,2017-06-09,0.0,0.99999950000025,0.99999950000025,0.9999997500000625,0.0,0.9393,0.9393,0.9837
18,Cisco,2017-05-18,0.9999990000010001,-0.33333327777778704,-0.33333329629630043,-0.24999998437500096,0.167,0.8979,0.9194,0.9603
19,Cisco,2017-05-02,0.9999990000010001,0.33333322222225925,0.0,0.49999987500003124,0.3182,0.8625,0.9081,0.9729
20,Cisco,2017-04-26,0.9999990000010001,0.0,-0.9999996666667778,-0.9999996666667778,0.7351,0.6956,0.7783,0.962
21,Cisco,2017-04-07,0.0,0.0,0.0,0.0,0.0,0.7184,0.7184,0.9001
22,Cisco,2017-02-15,0.0,-0.1428571224489825,-0.33333327777778704,-0.23076921301775286,0.0,0.9769,0.9524,0.9917
23,Cisco,2016-12-07,-0.9999990000010001,0.99999950000025,0.33333322222225925,0.33333327777778704,0.0,0.8885,0.2263,0.9081
24,Cisco,2017-01-25,0.9999990000010001,0.49999987500003124,-0.9999990000010001,0.33333327777778704,0.34,0.6597,0.9186,0.9628
25,Cisco,2016-11-16,0.0,-0.7142856122449125,-0.5555554938271674,-0.6249999609375024,0.5719,0.2023,-0.5091,-0.3051
26,Cisco,2016-08-18,-0.9999990000010001,0.33333329629630043,-0.39999996000000404,-0.09999999500000024,0.0,0.9567,0.9881,0.9947
27,Oracle,2018-11-16,0.0,0.0,-0.33333327777778704,-0.24999996875000394,-0.25,-0.1027,0.9587,0.9489
28,Oracle,2018-11-16,0.0,0.9999990000010001,-0.9999996666667778,-0.49999987500003124,0.0,0.7506,0.8885,0.9509
29,Oracle,2018-09-17,0.9999990000010001,0.6666665555555741,-0.33333322222225925,0.39999996000000404,0.6249,0.9943,0.6249,0.9957
30,Oracle,2018-06-22,-0.9999990000010001,0.0,-0.599999880000024,-0.6666665555555741,-0.0258,0.2023,0.7143,0.7433
31,Oracle,2018-06-19,0.0,-0.33333322222225925,0.49999987500003124,0.1428571224489825,-0.7034,0.0003,0.5155,0.8814
32,Oracle,2017-09-19,-0.9999990000010001,0.0,-0.599999880000024,-0.6666665555555741,-0.0258,0.2023,0.7143,0.7433
33,Oracle,2018-03-19,0.0,0.0,-0.9999996666667778,-0.4285713673469475,0.7902,0.9017,0.5574,0.9459
34,Oracle,2018-01-02,-0.9999990000010001,0.33333322222225925,-0.33333322222225925,-0.1428571224489825,-0.168,0.7003,0.0378,0.5034
35,Oracle,2017-12-18,0.0,0.4285713673469475,0.0,0.33333329629630043,0.4404,-0.4939,0.9682,0.9829
36,Oracle,2017-12-14,-0.9999990000010001,-0.99999950000025,0.0,-0.33333329629630043,0.0276,0.7935,0.6652,0.9398
37,Oracle,2017-10-05,0.0,-0.199999960000008,0.9999990000010001,0.0,0.0,0.0617,0.9313,0.9716
38,Oracle,2017-09-14,0.0,-0.33333327777778704,0.9999990000010001,-0.1428571224489825,0.0,0.7717,0.4404,0.8898
39,Oracle,2017-06-22,-0.9999990000010001,0.0,0.33333322222225925,0.0,0.0,0.7845,0.7717,0.9657
40,Oracle,2017-06-22,-0.9999990000010001,0.0,-0.599999880000024,-0.6666665555555741,-0.0258,0.2023,0.7143,0.7433
41,Oracle,2017-03-15,0.0,0.6666665555555741,-0.9999990000010001,0.4285713673469475,-0.3612,0.9851,0.7579,0.995
42,Oracle,2016-12-16,-0.9999990000010001,0.0,-0.599999880000024,-0.6666665555555741,-0.0258,0.2023,0.7143,0.7433
43,Oracle,2016-12-15,0.0,0.33333322222225925,-0.7142856122449125,-0.39999996000000404,0.0,0.9571,0.8573,0.9938
44,Oracle,2016-10-28,-0.9999990000010001,-0.99999950000025,-0.4285713673469475,-0.599999940000006,-0.3612,0.9253,0.8117,0.9642
45,Oracle,2016-09-22,0.0,0.33333322222225925,0.99999950000025,0.599999880000024,0.0,-0.0009,0.8593,0.9505
46,Oracle,2016-09-15,-0.9999990000010001,-0.33333322222225925,-0.33333322222225925,-0.4285713673469475,0.7717,0.9423,0.5859,0.928
47,Salesforce,2018-11-27,0.9999990000010001,0.49999987500003124,0.9999996666667778,0.7499999062500118,0.9136,0.9686,0.7003,0.9903
48,Salesforce,2018-10-23,0.0,0.99999980000004,-0.199999960000008,0.39999996000000404,0.3818,0.9678,0.91,0.9743
49,Salesforce,2018-10-23,0.0,0.0,0.0,0.0,0.0,0.6369,0.7351,0.886
50,Salesforce,2018-09-27,0.0,0.9999997500000625,0.9999996666667778,0.9999998571428775,0.0,0.9509,0.872,0.9779
51,Salesforce,2018-08-29,0.9999990000010001,0.9999998333333611,0.49999987500003124,0.8181817438016598,0.5859,0.9887,0.9545,0.9955
52,Salesforce,2018-06-22,-0.9999990000010001,-0.9999990000010001,0.0,-0.99999950000025,0.2023,0.7003,0.4642,0.8566
53,Salesforce,2018-05-29,0.0,0.99999980000004,0.33333322222225925,0.7499999062500118,0.0,0.9766,0.701,0.984
54,Salesforce,2018-03-20,0.0,0.9999996666667778,0.49999987500003124,0.7142856122449125,0.0,0.128,0.969,0.9867
55,Salesforce,2018-03-20,0.0,0.99999950000025,0.9999998333333611,0.9999998750000157,0.4019,0.5423,0.9614,0.9707
56,Salesforce,2018-02-28,0.0,0.49999987500003124,0.99999980000004,0.7777776913580343,-0.7034,0.9419,0.9337,0.9754
57,Salesforce,2018-02-12,-0.9999990000010001,-0.9999990000010001,0.0,-0.99999950000025,0.2023,0.7003,0.4642,0.8566
58,Salesforce,2017-12-04,0.9999990000010001,0.99999950000025,0.0,0.4285713673469475,0.7964,0.9866,0.9716,0.9909
59,Salesforce,2017-11-21,0.9999990000010001,0.9999997500000625,0.4285713673469475,0.6666666111111158,0.5859,0.9822,0.9482,0.9938
60,Salesforce,2017-11-07,-0.9999990000010001,-0.9999990000010001,0.0,-0.99999950000025,0.2023,0.7003,0.4642,0.8566
61,Salesforce,2017-11-07,0.0,0.0,0.6666665555555741,0.4999999375000079,0.5106,0.9792,0.95,0.9931
62,Salesforce,2017-08-22,0.0,0.9999990000010001,0.9999997500000625,0.99999980000004,0.0,0.6249,0.9393,0.9623
63,Salesforce,2017-08-22,-0.9999990000010001,-0.9999990000010001,0.0,-0.99999950000025,0.2023,0.7003,0.4642,0.8566
64,Salesforce,2017-05-18,0.0,0.99999950000025,0.0,0.49999987500003124,0.0,0.9744,0.3182,0.9793
65,Salesforce,2017-03-01,-0.9999990000010001,-0.9999990000010001,0.0,-0.99999950000025,0.2023,0.7003,0.4642,0.8566
66,Salesforce,2017-02-28,0.0,0.9999996666667778,0.0,0.9999996666667778,0.8316,0.967,0.6369,0.9869
67,Salesforce,2016-05-12,-0.9999990000010001,-0.9999990000010001,0.0,-0.99999950000025,0.2023,0.7003,0.4642,0.8566
68,Salesforce,2016-11-17,0.9999990000010001,0.33333327777778704,0.9999996666667778,0.599999940000006,0.6705,0.8934,0.8537,0.9513
69,Salesforce,2016-11-09,-0.9999990000010001,0.199999960000008,0.0,0.0,0.0,0.926,0.9062,0.9896
70,Salesforce,2016-05-12,-0.9999990000010001,-0.9999990000010001,0.0,-0.99999950000025,0.2023,0.7003,0.4642,0.8566
71,Salesforce,2016-10-05,0.9999990000010001,0.199999960000008,-0.1428571224489825,0.0,0.7684,0.9432,0.9161,0.9902
72,Salesforce,2016-10-04,0.0,0.599999880000024,0.4285713673469475,0.4999999583333368,0.4939,0.9696,0.9217,0.9915
73,Salesforce,2016-08-31,0.0,0.49999987500003124,-0.9999990000010001,0.199999960000008,0.6705,0.9451,0.7906,0.9812
74,Salesforce,2016-06-29,0.9999990000010001,-0.9999990000010001,0.0,-0.33333322222225925,0.6808,-0.4005,0.5859,0.6064
75,Lowes,2018-11-20,0.9999990000010001,-0.599999880000024,-0.9999996666667778,-0.5555554938271674,0.7783,0.8735,0.9207,0.9887
76,Lowes,2018-08-24,0.33333322222225925,0.9999998571428775,-0.33333322222225925,0.5384614970414233,0.3612,0.9169,0.7134,0.9654
77,Lowes,2018-08-22,0.0,0.0,-0.9999990000010001,0.0,0.296,0.7269,0.8519,0.9485
78,Lowes,2018-05-29,0.0,0.9999998571428775,-0.33333322222225925,0.599999940000006,0.6369,0.9169,0.7134,0.9663
79,Lowes,2018-05-23,0.0,0.0,0.199999960000008,0.11111109876543349,0.5574,0.9652,0.8442,0.9821
80,Lowes,2018-05-14,0.0,0.9999998571428775,-0.33333322222225925,0.599999940000006,-0.2263,0.9169,0.7134,0.9785
81,Lowes,2018-03-01,0.0,0.9999998571428775,0.0,0.636363578512402,0.3612,0.9169,0.9361,0.983
82,Lowes,2018-02-28,0.9999990000010001,0.33333322222225925,0.33333322222225925,0.4285713673469475,0.7717,0.9354,0.9843,0.993
83,Lowes,2017-11-22,0.9999990000010001,0.9999998571428775,0.0,0.6666666111111158,0.5423,0.9169,0.9361,0.9845
84,Lowes,2017-11-21,0.9999990000010001,-0.9999996666667778,0.599999880000024,0.11111109876543349,0.4588,0.9623,0.9631,0.9915
85,Lowes,2017-08-24,0.0,0.9999998571428775,0.0,0.636363578512402,0.0,0.9169,0.9361,0.9911
86,Lowes,2017-08-23,0.9999990000010001,0.33333327777778704,0.33333322222225925,0.39999996000000404,0.714,0.3262,0.9231,0.9842
87,Lowes,2017-05-25,0.99999950000025,0.9999998571428775,0.0,0.6923076390532585,0.7906,0.9169,0.9361,0.9853
88,Lowes,2017-05-24,0.9999990000010001,0.0,0.9999990000010001,0.99999950000025,0.6124,0.8248,0.872,0.9764
89,Lowes,2017-05-18,0.0,0.0,0.9999996666667778,0.9999996666667778,0.0,0.6597,0.961,0.9688
90,Lowes,2017-03-02,0.0,0.9999998571428775,0.0,0.636363578512402,0.872,0.9169,0.9361,0.9892
91,Lowes,2017-03-01,0.0,0.9999998333333611,-0.9999996666667778,0.33333329629630043,0.872,0.9808,0.9287,0.9856
92,Lowes,2016-11-17,-0.9999990000010001,0.9999998571428775,0.0,0.4999999583333368,-0.4404,0.9169,0.9361,0.9759
93,Lowes,2016-11-16,-0.9999990000010001,-0.49999987500003124,-0.99999950000025,-0.7142856122449125,-0.4404,0.9601,-0.7964,0.9022
94,Lowes,2016-08-18,0.0,0.9999998571428775,0.0,0.636363578512402,0.4767,0.9169,0.9517,0.9833
95,Target,2018-11-20,0.99999950000025,0.49999987500003124,0.0,0.4999999375000079,-0.1779,0.9026,0.946,0.9793
96,Target,2018-08-22,0.9999990000010001,-0.9999990000010001,0.24999996875000394,0.19999998000000202,0.9274,0.926,-0.7637,0.965
97,Target,2018-06-22,-0.9999990000010001,-0.33333322222225925,0.33333322222225925,-0.1428571224489825,0.4404,0.4764,0.9325,0.9536
98,Target,2018-06-01,-0.9999990000010001,0.0,0.0,-0.9999990000010001,0.0258,0.5719,0.0,0.5859
99,Target,2018-04-06,0.99999950000025,-0.9999990000010001,0.33333322222225925,0.33333327777778704,0.4215,0.4588,0.9325,0.9565
100,Target,2018-05-23,0.33333322222225925,-0.33333322222225925,0.99999980000004,0.4545454132231443,0.9052,0.3544,0.981,0.9949
101,Target,2018-04-06,0.99999950000025,-0.9999990000010001,0.33333322222225925,0.33333327777778704,0.4215,0.4588,0.9325,0.9565
102,Target,2018-03-06,0.0,0.0,0.199999960000008,0.24999996875000394,0.4019,0.9418,0.9366,0.9906
103,Target,2017-11-27,0.99999950000025,-0.9999990000010001,0.33333322222225925,0.33333327777778704,0.4215,0.4588,0.9325,0.9565
104,Target,2017-11-15,0.0,0.99999950000025,0.33333329629630043,0.4545454132231443,0.7684,0.9741,0.7766,0.9936
105,Target,2017-08-16,0.99999950000025,-0.9999990000010001,0.33333322222225925,0.33333327777778704,-0.1974,0.4588,0.9325,0.9453
106,Target,2017-08-16,0.0,0.0,0.599999880000024,0.4285713673469475,0.4019,0.9735,0.2144,0.9792
107,Target,2017-03-14,0.99999950000025,-0.9999990000010001,0.33333322222225925,0.33333327777778704,-0.1611,0.6249,0.8519,0.8894
108,Target,2017-07-13,0.0,0.49999987500003124,0.33333327777778704,0.39999996000000404,0.3818,0.4389,0.6228,0.4293
109,Target,2017-06-16,-0.99999950000025,-0.4999999583333368,-0.199999960000008,-0.4444444197530878,0.0258,-0.4131,0.8534,0.933
110,Target,2017-03-14,0.9999990000010001,-0.9999990000010001,0.33333322222225925,0.199999960000008,0.1779,0.6249,0.8519,0.9042
111,Target,2017-05-17,0.0,-0.9999990000010001,-0.33333322222225925,-0.49999987500003124,0.0,0.9528,-0.128,0.9109
112,Target,2017-03-14,0.0,-0.33333322222225925,0.99999950000025,0.199999960000008,0.296,0.836,0.8849,0.9659
113,Target,2017-03-14,-0.9999990000010001,-0.9999990000010001,0.33333322222225925,-0.199999960000008,-0.5267,0.6249,0.8519,0.8641
114,Target,2017-02-28,-0.9999990000010001,0.0,-0.99999950000025,-0.49999987500003124,-0.2732,0.836,-0.4019,0.3071
115,Target,2016-11-29,0.0,0.0,0.9999990000010001,0.199999960000008,0.34,0.765,0.9371,0.9732
116,Target,2016-11-16,0.49999987500003124,0.7777776913580343,-0.7142856122449125,0.1999999900000005,0.843,0.9847,-0.7353,0.9764
117,Target,2017-01-18,0.0,-0.33333327777778704,-0.9999996666667778,-0.4999999375000079,0.6908,0.9011,0.4215,0.946
118,Target,2016-09-13,-0.9999990000010001,0.0,0.9999990000010001,0.0,0.0258,0.765,0.9371,0.9633
119,Target,2016-08-17,-0.33333322222225925,-0.33333322222225925,-0.9999998571428775,-0.6923076390532585,0.3417,0.8225,-0.8685,0.0036
120,Facebook Inc A,2016-11-02,-0.9999990000010001,0.9999990000010001,0.0,0.0,0.5719,0.9118,0.9477,0.9859
121,Facebook Inc A,2016-07-28,0.99999950000025,0.99999980000004,-0.33333322222225925,0.599999940000006,0.0,0.9937,0.8591,0.9955
122,Facebook Inc A,2016-11-09,0.0,0.0,0.9999996666667778,0.9999996666667778,0.6124,0.765,-0.0258,0.8885
123,Facebook Inc A,2017-02-01,0.99999950000025,0.99999980000004,-0.33333322222225925,0.599999940000006,0.0,0.9937,0.8591,0.9955
124,Facebook Inc A,2017-05-04,0.0,0.9999997500000625,0.9999996666667778,0.9999998571428775,0.8126,0.9729,0.8852,0.9711
125,Facebook Inc A,2017-06-28,0.0,0.9999990000010001,0.99999980000004,0.9999998333333611,0.0,0.8225,0.9866,0.9912
126,Facebook Inc A,2017-06-28,0.99999950000025,0.99999980000004,-0.33333322222225925,0.599999940000006,0.0,0.9937,0.8591,0.9955
127,Facebook Inc A,2017-07-26,0.9999990000010001,0.33333322222225925,0.0,0.49999987500003124,0.8316,0.9764,0.6249,0.9877
128,Facebook Inc A,2017-07-31,0.99999950000025,0.99999980000004,-0.33333322222225925,0.599999940000006,0.0,0.9936,0.8591,0.9955
129,Facebook Inc A,2017-11-02,0.99999950000025,0.99999980000004,-0.33333322222225925,0.599999940000006,0.0,0.9936,0.8591,0.9955
130,Facebook Inc A,2017-11-02,0.0,0.4285713673469475,-0.9999990000010001,0.24999996875000394,0.0,0.9806,0.7076,0.9928
131,Facebook Inc A,2018-02-01,0.99999950000025,0.99999980000004,-0.33333322222225925,0.599999940000006,0.0,0.9936,0.8591,0.9955
132,Facebook Inc A,2018-02-01,0.0,0.99999950000025,0.9999990000010001,0.9999996666667778,0.3751,0.9661,0.9777,0.9928
133,Facebook Inc A,2018-03-19,0.0,-0.9999997500000625,-0.9999997500000625,-0.9999998750000157,0.679,0.1655,-0.6124,-0.4249
134,Facebook Inc A,2018-03-26,0.9999990000010001,-0.24999996875000394,0.99999950000025,0.09090908264462885,0.4767,0.7364,0.9531,0.9788
135,Facebook Inc A,2018-04-20,0.99999950000025,0.99999980000004,-0.33333322222225925,0.599999940000006,0.0,0.9936,0.8591,0.9955
136,Facebook Inc A,2018-04-26,0.0,0.599999880000024,-0.99999950000025,0.11111109876543349,0.1027,0.9799,0.9584,0.9943
137,Facebook Inc A,2018-05-14,-0.9999990000010001,-0.9999990000010001,-0.599999880000024,-0.7142856122449125,-0.3612,0.3612,-0.8078,-0.8078
138,Facebook Inc A,2018-06-04,0.99999950000025,0.99999980000004,-0.33333322222225925,0.599999940000006,0.0,0.9936,0.8591,0.9955
139,Facebook Inc A,2018-07-26,0.99999950000025,0.99999980000004,-0.33333322222225925,0.599999940000006,0.0,0.9936,0.8591,0.9955
140,Facebook Inc A,2018-07-26,-0.9999990000010001,-0.1428571224489825,-0.9999990000010001,-0.33333329629630043,-0.6369,0.9711,0.8271,0.9864
141,Adobe Inc,2016-11-02,0.0,0.0,0.599999880000024,0.599999880000024,0.5719,0.9403,0.9287,0.9862
142,Adobe Inc,2016-11-09,-0.9999990000010001,0.199999960000008,0.0,0.0,0.0,0.926,0.9062,0.9896
143,Adobe Inc,2016-11-10,0.9999990000010001,0.0,0.0,0.199999960000008,0.0,0.743,0.4019,0.8402
144,Adobe Inc,2016-12-15,0.0,0.0,0.9999990000010001,0.33333322222225925,0.0,0.8072,0.8126,0.9607
145,Adobe Inc,2016-12-16,0.9999990000010001,0.599999880000024,0.0,0.4999999375000079,0.5859,0.9186,0.7579,0.9729
146,Adobe Inc,2017-03-16,0.9999990000010001,0.599999880000024,0.0,0.4999999375000079,0.5859,0.9186,0.7579,0.9729
147,Adobe Inc,2017-03-16,-0.9999990000010001,0.6666665555555741,0.99999950000025,0.5555554938271674,-0.4215,0.9682,0.7906,0.9744
148,Adobe Inc,2017-03-21,0.0,0.199999960000008,0.49999987500003124,0.33333329629630043,0.0,0.9735,0.9343,0.988
149,Adobe Inc,2017-06-20,0.9999990000010001,0.599999880000024,0.9999997500000625,0.7999999200000081,0.5859,0.9186,0.9708,0.9902
150,Adobe Inc,2017-06-20,0.0,0.33333322222225925,0.599999880000024,0.4999999375000079,0.0,0.9501,0.6597,0.969
151,Adobe Inc,2017-09-19,0.9999990000010001,0.599999880000024,0.9999997500000625,0.7999999200000081,0.5859,0.9186,0.9708,0.9902
152,Adobe Inc,2017-09-19,0.99999950000025,0.6666665555555741,0.4285713673469475,0.5999999600000027,0.802,0.9582,0.6369,0.9564
153,Adobe Inc,2017-10-18,0.9999990000010001,0.9999990000010001,0.2727272479338866,0.3846153550295881,0.6249,0.9686,0.9458,0.9915
154,Adobe Inc,2017-12-14,0.9999990000010001,0.599999880000024,0.9999997500000625,0.7999999200000081,0.5859,0.9186,0.9708,0.9902
155,Adobe Inc,2017-12-14,0.9999990000010001,0.0,0.99999950000025,0.599999880000024,-0.5904,0.9741,0.743,0.978
156,Adobe Inc,2018-01-22,0.9999990000010001,0.599999880000024,0.9999997500000625,0.7999999200000081,0.5859,0.9186,0.9708,0.9902
157,Adobe Inc,2018-03-15,0.9999990000010001,0.9999998333333611,0.9999990000010001,0.9999998750000157,0.8316,0.9843,0.3716,0.9692
158,Adobe Inc,2018-05-21,0.0,0.99999980000004,0.0,0.99999980000004,0.296,0.9836,0.8519,0.9696
159,Adobe Inc,2018-06-14,-0.9999990000010001,0.99999950000025,0.0,0.199999960000008,0.6705,0.9403,0.2732,0.9607
160,Adobe Inc,2018-06-22,0.9999990000010001,0.599999880000024,0.9999997500000625,0.7999999200000081,0.5859,0.9186,0.9708,0.9902
161,Adobe Inc,2018-09-14,0.9999990000010001,0.599999880000024,0.9999997500000625,0.7999999200000081,0.5859,0.9186,0.9708,0.9902
162,Adobe Inc,2018-09-21,0.0,0.99999950000025,0.0,0.99999950000025,0.0,0.9674,0.4019,0.9735
163,CVS Health Corp,2016-10-25,0.9999990000010001,0.99999980000004,-0.09090908264462885,0.2941176297577865,0.0,0.9638,0.8958,0.9801
164,CVS Health Corp,2016-11-08,-0.9999990000010001,0.0,0.33333322222225925,0.0,-0.4215,0.8522,0.701,0.9065
165,CVS Health Corp,2016-11-09,0.0,0.49999987500003124,-0.39999996000000404,-0.14285713265306196,0.6542,0.8319,0.9494,0.9927
166,CVS Health Corp,2017-02-09,-0.9999990000010001,-0.33333322222225925,-0.49999987500003124,-0.4999999375000079,-0.4404,0.3818,0.6705,0.6369
167,CVS Health Corp,2017-05-02,-0.9999990000010001,0.0,0.599999880000024,0.24999996875000394,-0.6249,0.9001,0.9679,0.9814
168,CVS Health Corp,2017-05-04,0.0,0.9999996666667778,-0.9999996666667778,0.0,0.6369,0.9868,-0.4607,0.9468
169,CVS Health Corp,2017-06-22,0.9999990000010001,0.33333322222225925,-0.33333327777778704,0.0,0.09,0.8979,0.7778,0.9837
170,CVS Health Corp,2017-06-22,0.9999990000010001,0.99999980000004,-0.09090908264462885,0.2941176297577865,0.0,0.9638,0.8958,0.9801
171,CVS Health Corp,2017-07-18,0.0,-0.49999987500003124,0.99999950000025,0.0,0.0,0.4215,0.8405,0.8958
172,CVS Health Corp,2017-08-08,-0.9999990000010001,-0.33333327777778704,0.33333329629630043,0.0,-0.6249,0.9187,0.9485,0.9764
173,CVS Health Corp,2017-10-11,0.9999990000010001,0.99999980000004,0.49999987500003124,0.7999999200000081,0.0,0.9638,0.7184,0.9694
174,CVS Health Corp,2017-10-13,0.0,0.199999960000008,-0.49999987500003124,-0.11111109876543349,-0.34,0.8555,0.7906,0.9325
175,CVS Health Corp,2017-10-18,0.0,0.0,0.0,-0.09090908264462885,0.4767,0.9814,0.875,0.9925
176,CVS Health Corp,2017-10-27,0.9999990000010001,-0.1428571224489825,0.7142856122449125,0.3333333111111126,0.5574,0.9575,0.9612,0.9932
177,CVS Health Corp,2017-11-06,0.0,0.99999980000004,0.33333322222225925,0.7142856122449125,0.0,0.9022,0.765,0.9565
178,CVS Health Corp,2017-12-04,0.0,0.0,-0.33333327777778704,-0.24999996875000394,0.0,0.8932,0.9444,0.9681
179,CVS Health Corp,2017-12-08,0.9999990000010001,0.9999996666667778,-0.49999987500003124,0.24999996875000394,0.0,0.8908,-0.4033,0.8354
180,CVS Health Corp,2018-01-30,-0.9999990000010001,0.0,0.49999987500003124,0.07692307100591762,0.0,0.9733,0.8481,0.9818
181,CVS Health Corp,2018-02-08,0.0,0.9999990000010001,0.33333322222225925,0.49999987500003124,0.0,0.34,0.9325,0.9468
182,CVS Health Corp,2018-05-02,0.0,0.7142856122449125,0.9999997500000625,0.8181817438016598,0.5994,0.9354,0.5994,0.9678
183,CVS Health Corp,2018-06-28,0.9999990000010001,-0.9999990000010001,0.33333329629630043,0.2727272479338866,0.0,0.836,0.9505,0.9674
184,CVS Health Corp,2018-06-29,0.9999990000010001,0.9999996666667778,-0.49999987500003124,0.24999996875000394,0.0,0.9286,-0.4033,0.8998
185,CVS Health Corp,2018-08-08,-0.9999990000010001,0.7777776913580343,-0.6666665555555741,0.12499999218750048,0.5106,0.9965,0.9287,0.9981
186,Walgreens Boots Alliance Inc,2016-10-24,0.0,0.33333327777778704,-0.7142856122449125,-0.23076921301775286,0.0,0.9117,0.1027,0.9441
187,Walgreens Boots Alliance Inc,2016-10-26,0.9999990000010001,0.9999996666667778,0.9999998888889013,0.9999999230769291,-0.2263,0.624,0.945,0.9606
188,Walgreens Boots Alliance Inc,2016-11-09,0.0,0.49999987500003124,-0.39999996000000404,-0.14285713265306196,0.6542,0.8319,0.9494,0.9927
189,Walgreens Boots Alliance Inc,2017-01-05,0.0,0.24999996875000394,0.99999980000004,0.5384614970414233,0.0,0.9595,0.8703,0.9818
190,Walgreens Boots Alliance Inc,2017-04-19,0.0,0.9999998333333611,0.0,0.7499999062500118,0.0,0.9187,0.9161,0.9615
191,Walgreens Boots Alliance Inc,2017-05-04,0.0,0.9999996666667778,-0.9999996666667778,0.0,0.6369,0.9868,-0.4607,0.9468
192,Walgreens Boots Alliance Inc,2017-06-22,0.9999990000010001,0.33333322222225925,-0.33333327777778704,0.0,0.09,0.8979,0.7778,0.9837
193,Walgreens Boots Alliance Inc,2017-06-26,0.9999990000010001,0.9999996666667778,0.9999998888889013,0.9999999230769291,-0.2263,0.624,0.945,0.9606
194,Walgreens Boots Alliance Inc,2017-06-29,-0.9999990000010001,0.199999960000008,0.49999987500003124,0.19999998000000202,0.6369,0.0258,0.8957,0.9442
195,Walgreens Boots Alliance Inc,2017-07-18,0.0,-0.49999987500003124,0.99999950000025,0.0,0.0,0.1045,0.886,0.8958
196,Walgreens Boots Alliance Inc,2017-08-30,0.9999990000010001,0.9999996666667778,0.99999990000001,0.9999999285714337,0.0,0.624,0.9272,0.9564
197,Walgreens Boots Alliance Inc,2017-10-18,0.0,0.0,0.0,-0.09090908264462885,0.4767,0.9814,0.875,0.9925
198,Walgreens Boots Alliance Inc,2017-10-25,0.0,0.99999980000004,0.99999950000025,0.9999998571428775,-0.3182,0.9493,0.8399,0.9732
199,Walgreens Boots Alliance Inc,2017-10-27,0.9999990000010001,-0.1428571224489825,0.7142856122449125,0.3333333111111126,0.5574,0.9575,0.9612,0.9932
200,Walgreens Boots Alliance Inc,2017-12-12,0.9999990000010001,0.9999996666667778,0.99999990000001,0.9999999285714337,0.0,0.624,0.9272,0.9564
201,Walgreens Boots Alliance Inc,2018-01-04,-0.9999990000010001,0.99999980000004,0.9999990000010001,0.9999998333333611,0.0,0.5994,0.8625,0.926
202,Walgreens Boots Alliance Inc,2018-01-30,-0.9999990000010001,0.0,0.49999987500003124,0.07692307100591762,0.0,0.9733,0.8481,0.9818
203,Walgreens Boots Alliance Inc,2018-02-13,0.0,0.6666665555555741,0.99999950000025,0.7499999062500118,0.0,0.7884,0.823,0.9715
204,Walgreens Boots Alliance Inc,2018-03-28,0.0,0.99999950000025,-0.6666665555555741,-0.24999996875000394,0.0,-0.836,0.7394,0.319
205,Walgreens Boots Alliance Inc,2018-06-28,-0.9999990000010001,0.0,0.19999998000000202,0.05263157617728546,-0.128,0.7615,0.9559,0.9855
206,Walgreens Boots Alliance Inc,2018-07-17,0.99999950000025,0.599999880000024,0.9999998750000157,0.8666666088888928,0.4404,0.8655,0.9272,0.978
207,Ross Stores Inc,2016-05-11,0.0,0.0,-0.9999990000010001,-0.11111109876543349,0.0,0.8957,0.886,0.969
208,Ross Stores Inc,2016-05-20,0.0,-0.33333322222225925,0.0,-0.199999960000008,0.25,0.7506,0.5147,0.9067
209,Ross Stores Inc,2016-04-05,0.0,-0.199999960000008,0.9999990000010001,0.0,0.5106,0.8865,0.7003,0.9613
210,Ross Stores Inc,2016-08-18,0.0,0.9999990000010001,0.99999950000025,0.9999996666667778,0.8271,0.9702,0.9595,0.993
211,Ross Stores Inc,2016-08-22,0.9999990000010001,-0.199999960000008,0.9999990000010001,0.1428571224489825,0.743,0.8865,0.7003,0.9703
212,Ross Stores Inc,2016-11-17,-0.9999990000010001,0.7999999200000081,0.33333322222225925,0.6923076390532585,0.6059,0.9834,0.9119,0.9967
213,Ross Stores Inc,2016-11-22,0.0,-0.199999960000008,0.9999990000010001,0.0,0.8503,0.8865,0.7003,0.9756
214,Ross Stores Inc,2017-02-28,0.9999990000010001,-0.199999960000008,0.99999950000025,0.24999996875000394,0.6908,0.7184,0.9441,0.9794
215,Ross Stores Inc,2017-04-10,0.0,-0.199999960000008,0.9999990000010001,0.0,0.6597,0.8865,0.7269,0.9644
216,Ross Stores Inc,2017-05-18,0.9999990000010001,0.199999960000008,0.0,0.19999998000000202,0.6499,0.9382,0.7479,0.9728
217,Ross Stores Inc,2017-07-17,0.9999990000010001,-0.199999960000008,0.9999990000010001,0.1428571224489825,0.7096,0.8865,0.7003,0.9687
218,Ross Stores Inc,2017-08-17,0.9999990000010001,0.0,0.0,0.33333322222225925,0.8481,0.9612,0.9136,0.9908
219,Ross Stores Inc,2017-11-16,0.99999950000025,-0.33333322222225925,0.99999950000025,0.4285713673469475,0.2528,0.9565,0.7839,0.9286
220,Ross Stores Inc,2018-01-03,0.9999990000010001,-0.199999960000008,0.9999990000010001,0.1428571224489825,0.4939,0.8865,0.7003,0.9608
221,Ross Stores Inc,2018-03-06,-0.9999990000010001,0.49999987500003124,0.0,0.33333327777778704,0.2224,0.9783,0.959,0.9968
222,Ross Stores Inc,2018-04-25,0.0,-0.199999960000008,0.9999990000010001,0.0,0.5267,0.8865,0.7003,0.9518
223,Ross Stores Inc,2018-05-24,0.0,0.9999990000010001,-0.199999960000008,0.0,0.3637,0.9531,0.945,0.9946
224,Ross Stores Inc,2018-07-30,0.9999990000010001,-0.199999960000008,0.9999990000010001,0.1428571224489825,0.3818,0.8865,0.7003,0.9573
225,Ross Stores Inc,2018-08-23,0.0,0.6666665555555741,-0.7499999062500118,-0.14285713265306196,0.5106,0.9538,0.8011,0.9814
226,Alphabet,2018-10-25,0.0,0.33333322222225925,0.33333322222225925,0.33333327777778704,0.6652,0.7845,0.7845,0.978
227,Alphabet,2018-07-23,0.0,-0.9999990000010001,0.49999987500003124,0.199999960000008,0.5106,0.9638,0.6705,0.979
228,Alphabet,2018-02-02,0.0,0.9999997500000625,0.9999996666667778,0.9999998571428775,0.3818,0.891,0.9829,0.9948
229,Alphabet,2018-04-23,-0.9999990000010001,0.49999987500003124,0.0,0.199999960000008,0.7783,0.8934,0.7089,0.9779
230,Alphabet,2018-02-02,0.0,0.9999996666667778,0.99999950000025,0.99999980000004,0.7845,0.8689,0.9566,0.9855
231,Alphabet,2017-10-26,0.0,0.6666665555555741,0.0,0.4999999375000079,0.8126,0.9853,0.8779,0.9938
232,Alphabet,2017-09-27,0.0,0.9999997500000625,0.99999950000025,0.9999998333333611,0.3818,0.891,0.8979,0.9815
233,Alphabet,2017-10-04,0.0,0.99999950000025,0.9999990000010001,0.9999996666667778,0.0,0.835,0.836,0.95
234,Alphabet,2017-09-27,0.9999990000010001,0.99999950000025,0.0,0.599999880000024,0.4019,0.9686,0.9724,0.9871
235,Alphabet,2017-09-21,0.0,0.9999990000010001,0.99999950000025,0.9999996666667778,0.4215,-0.0498,0.9062,0.9023
236,Alphabet,2017-07-24,0.0,-0.33333322222225925,-0.33333322222225925,-0.33333327777778704,0.6249,0.9451,0.8176,0.9774
237,Alphabet,2017-06-28,0.0,-0.33333327777778704,0.99999980000004,0.2727272479338866,-0.0772,0.8779,0.9686,0.9861
238,Alphabet,2017-05-18,-0.9999990000010001,0.7777776913580343,0.9999996666667778,0.6923076390532585,0.4767,0.9887,0.8505,0.9932
239,Alphabet,2017-04-28,0.0,0.0,0.9999990000010001,0.9999990000010001,0.6249,0.8957,0.9501,0.9831
240,Alphabet,2016-05-17,0.0,0.9999997500000625,0.99999950000025,0.9999998333333611,0.3818,0.8807,0.8979,0.9807
241,Alphabet,2017-01-26,0.0,0.0,0.0,0.0,-0.186,0.8338,0.9245,0.9791
242,Alphabet,2016-11-09,0.0,0.0,0.9999996666667778,0.9999996666667778,0.6124,0.765,-0.0258,0.8885
243,Alphabet,2016-05-17,0.0,0.9999997500000625,0.99999950000025,0.9999998333333611,0.3818,0.8807,0.8979,0.9807
244,Alphabet,2016-10-27,0.0,0.0,0.0,0.0,0.875,0.7906,0.9612,0.9868
245,Alphabet,2016-10-04,0.0,0.0,-0.9999990000010001,-0.9999990000010001,0.0,0.9414,-0.1226,0.9363
246,Intel,2018-10-25,0.9999990000010001,-0.33333329629630043,0.33333322222225925,-0.07692307100591762,0.6705,0.9423,0.9792,0.9932
247,Intel,2018-09-28,-0.99999950000025,0.0,-0.9999996666667778,-0.2857142653061239,0.2144,0.969,-0.0516,0.9865
248,Intel,2018-08-08,0.9999990000010001,0.9999996666667778,0.1428571224489825,0.4545454132231443,0.7579,0.9393,0.9392,0.9888
249,Intel,2018-07-27,0.0,0.599999880000024,-0.1428571224489825,0.16666665277777895,0.0,0.9723,0.9404,0.9897
250,Intel,2018-06-21,0.0,-0.33333322222225925,0.0,-0.199999960000008,-0.4449,-0.6486,0.0,-0.8033
251,Intel,2018-05-07,0.9999990000010001,0.0,0.4285713673469475,0.23076921301775286,0.8519,0.9912,0.981,0.9973
252,Intel,2018-04-26,0.0,-0.2727272479338866,0.9999990000010001,-0.16666665277777895,0.3818,0.967,0.8957,0.9873
253,Intel,2018-04-17,0.0,0.5555554938271674,0.33333322222225925,0.4999999583333368,0.3182,0.9828,0.9196,0.9923
254,Intel,2018-04-02,0.9999990000010001,-0.199999960000008,-0.9999990000010001,-0.1428571224489825,0.296,0.9011,0.4588,0.9489
255,Intel,2018-01-26,0.9999990000010001,0.33333327777778704,-0.9999996666667778,0.0,0.7845,0.9758,0.891,0.9917
256,Intel,2018-01-25,0.9999990000010001,0.9999996666667778,-0.9999990000010001,0.599999880000024,0.7845,0.796,0.8885,0.9764
257,Intel,2018-01-15,0.9999990000010001,0.0,-0.9999996666667778,-0.33333327777778704,0.3818,0.836,0.8934,0.969
258,Intel,2018-01-03,-0.9999990000010001,-0.8666666088888928,-0.7142856122449125,-0.8260869206049165,0.2263,-0.6249,0.946,0.9203
259,Intel,2018-01-03,-0.9999996666667778,-0.7142856122449125,-0.33333327777778704,-0.6249999609375024,0.0516,0.4391,0.8462,0.8806
260,Intel,2017-11-06,0.9999990000010001,-0.9999990000010001,-0.49999987500003124,-0.33333327777778704,-0.7717,0.2732,0.9493,0.9313
261,Intel,2017-11-02,0.0,-0.9999990000010001,0.49999987500003124,0.199999960000008,0.3612,0.9201,0.8519,0.9805
262,Intel,2017-10-27,0.0,0.49999987500003124,0.9999997500000625,0.599999940000006,0.3818,0.9442,0.9552,0.9884
263,Intel,2017-10-27,0.0,0.9999996666667778,-0.9999990000010001,0.33333327777778704,0.3818,0.796,0.8885,0.9647
264,Intel,2017-09-27,0.0,0.9999990000010001,0.0,0.33333322222225925,0.6249,0.8955,0.7351,0.9686
265,Intel,2017-07-28,0.0,0.6666665555555741,0.4999999375000079,0.5714285306122479,0.5859,0.9592,0.9231,0.9896
266,Intel,2017-07-28,0.0,0.9999996666667778,0.33333322222225925,0.6666665555555741,0.8176,0.796,0.8885,0.9747
267,Intel,2017-01-26,-0.99999950000025,0.9999996666667778,0.33333322222225925,0.24999996875000394,0.4628,0.796,0.8591,0.9618
268,Intel,2017-04-27,-0.99999950000025,0.9999990000010001,-0.33333322222225925,-0.199999960000008,0.4628,0.8481,0.9559,0.9831
269,Intel,2017-04-26,0.9999990000010001,-0.99999950000025,-0.9999990000010001,-0.9999996666667778,0.7351,0.7876,0.7184,0.962
270,Intel,2017-04-07,0.0,0.0,-0.9999998333333611,-0.7499999062500118,0.0,0.7184,0.7964,0.8481
271,Intel,2017-03-28,0.0,-0.07692307100591762,0.5555554938271674,0.18181817355371938,-0.296,0.962,0.8779,0.9809
272,Intel,2017-03-13,0.0,0.49999987500003124,0.49999987500003124,0.4999999375000079,-0.296,0.6705,0.9509,0.9648
273,Intel,2017-02-10,-0.9999990000010001,0.9999996666667778,0.9999997500000625,0.7499999062500118,0.3612,0.8555,0.9694,0.9863
274,Intel,2017-01-26,0.0,0.24999996875000394,0.49999987500003124,0.3333333055555579,0.4404,0.98,0.8402,0.9899
275,Intel,2017-01-08,0.9999990000010001,0.49999987500003124,0.6666665555555741,0.599999940000006,0.6124,0.3182,0.9468,0.9796
276,Intel,2016-10-18,-0.99999950000025,-0.99999980000004,0.99999980000004,-0.16666665277777895,0.5106,0.9437,0.9349,0.988
277,Intel,2016-06-02,-0.99999950000025,0.9999996666667778,0.33333322222225925,0.24999996875000394,0.5106,0.796,0.8591,0.9633
278,The Home Depot Inc,2018-11-13,0.0,0.33333327777778704,-0.33333322222225925,0.0,0.6249,0.9531,0.9686,0.9927
279,The Home Depot Inc,2018-08-16,0.0,0.9999998333333611,0.636363578512402,0.7647058373702448,0.6249,0.9769,0.9771,0.9945
280,The Home Depot Inc,2018-08-14,0.0,0.0,0.9999990000010001,0.199999960000008,0.8689,0.9702,0.9432,0.9921
281,The Home Depot Inc,2018-05-15,-0.99999950000025,0.0,0.199999960000008,0.0,0.5499,0.9652,0.7425,0.992
282,The Home Depot Inc,2018-02-20,0.0,0.9999998888889013,0.33333322222225925,0.8333332638888947,0.8573,0.9382,0.9524,0.995
283,The Home Depot Inc,2017-11-14,0.9999990000010001,0.0,0.33333327777778704,0.2727272479338866,0.2528,0.4215,0.991,0.9913
284,The Home Depot Inc,2017-11-02,0.0,-0.9999990000010001,0.49999987500003124,0.199999960000008,0.3612,0.9201,0.8519,0.9805
285,The Home Depot Inc,2017-09-27,0.0,0.9999990000010001,0.0,0.33333322222225925,0.6249,0.8955,0.7351,0.9686
286,The Home Depot Inc,2017-08-16,0.0,-0.33333322222225925,0.9999996666667778,0.24999996875000394,-0.681,0.0222,0.25,-0.5448
287,The Home Depot Inc,2017-08-15,0.0,0.9999996666667778,0.599999880000024,0.7499999062500118,0.7783,0.9818,0.8658,0.9915
288,The Home Depot Inc,2017-06-19,0.9999990000010001,0.4999999375000079,0.0,0.5555554938271674,0.0,0.936,0.0,0.936
289,The Home Depot Inc,2017-05-16,0.9999990000010001,0.9999998571428775,0.7999999200000081,0.8888888395061756,0.4404,0.9709,0.9785,0.9943
290,The Home Depot Inc,2017-05-16,0.9999990000010001,0.49999987500003124,0.99999950000025,0.7142856122449125,0.6249,0.9325,0.9118,0.9814
291,The Home Depot Inc,2017-04-26,0.9999990000010001,0.0,-0.9999996666667778,-0.9999996666667778,0.7351,0.6956,0.7783,0.962
292,The Home Depot Inc,2017-04-07,0.0,0.0,-0.9999998333333611,-0.7499999062500118,0.0,0.7184,0.7964,0.8481
293,The Home Depot Inc,2017-02-21,0.0,0.33333322222225925,0.9999990000010001,0.49999987500003124,0.8402,0.7906,0.9571,0.9837
294,The Home Depot Inc,2016-11-15,0.99999950000025,0.9999998571428775,0.7999999200000081,0.8947367950138528,0.0,0.9761,0.9785,0.9942
295,The Home Depot Inc,2016-11-15,0.0,-0.42857139795918586,-0.9999990000010001,-0.5714285306122479,0.765,0.9925,0.8779,0.9954
296,Costco Wholesale Corp,2018-08-22,0.9999990000010001,-0.9999990000010001,0.24999996875000394,0.19999998000000202,0.899,0.926,-0.7637,0.9679
297,Costco Wholesale Corp,2018-06-22,0.99999950000025,0.0,0.33333327777778704,0.39999996000000404,0.5994,0.7717,0.886,0.9652
298,Costco Wholesale Corp,2018-06-01,-0.9999990000010001,0.0,0.0,-0.9999990000010001,0.0258,0.5719,0.0,0.5859
299,Costco Wholesale Corp,2018-05-31,0.9999990000010001,0.599999880000024,0.0,0.6666665555555741,0.7964,0.9826,0.9531,0.994
300,Costco Wholesale Corp,2018-06-27,0.9999990000010001,0.199999960000008,0.33333327777778704,0.3333333055555579,0.1779,0.7579,0.7351,0.8979
301,Costco Wholesale Corp,2018-03-08,0.9999990000010001,0.99999950000025,0.0,0.4285713673469475,0.8641,0.9577,0.8225,0.9904
302,Costco Wholesale Corp,2017-12-15,0.0,0.99999950000025,-0.1428571224489825,0.11111109876543349,0.0,0.9682,0.5583,0.9869
303,Costco Wholesale Corp,2017-10-06,0.0,0.0,0.9999990000010001,0.33333322222225925,0.7506,0.9787,0.9023,0.9937
304,Costco Wholesale Corp,2017-06-16,-0.99999950000025,-0.4999999583333368,-0.199999960000008,-0.4444444197530878,0.0258,-0.4131,0.8534,0.933
305,Costco Wholesale Corp,2017-03-15,0.0,0.199999960000008,0.33333327777778704,0.19999998000000202,0.1779,0.7579,0.7351,0.8807
306,Costco Wholesale Corp,2017-05-26,0.0,0.0,0.49999987500003124,0.49999987500003124,0.659,0.9552,0.9163,0.9856
307,Costco Wholesale Corp,2017-03-15,-0.9999990000010001,0.4285713673469475,0.99999950000025,0.5555554938271674,0.296,0.8591,0.968,0.9912
308,Costco Wholesale Corp,2017-03-02,-0.9999990000010001,0.0,0.11111109876543349,-0.07692307100591762,0.8992,0.9403,0.9349,0.9942
309,Costco Wholesale Corp,2016-12-09,0.99999950000025,0.33333322222225925,0.99999950000025,0.7142856122449125,0.8176,0.5423,0.4404,0.9313
310,Costco Wholesale Corp,2016-12-07,0.0,-0.33333322222225925,0.4999999375000079,0.2727272479338866,0.8577,0.8082,0.9834,0.9959
311,TJX Companies Inc,2018-11-20,0.0,0.199999960000008,-0.9999990000010001,0.0,0.7876,0.912,0.5905,0.985
312,TJX Companies Inc,2018-08-21,0.9999990000010001,0.6666665555555741,0.0,0.4545454132231443,0.6486,0.9632,0.9217,0.9894
313,TJX Companies Inc,2018-05-22,0.0,0.99999950000025,-0.6666665555555741,-0.24999996875000394,0.2023,0.9647,-0.0202,0.9679
314,TJX Companies Inc,2018-02-28,0.9999990000010001,0.0,0.9999998333333611,0.9999998571428775,0.4215,0.8568,0.9875,0.993
315,TJX Companies Inc,2018-01-02,0.0,0.49999987500003124,0.99999950000025,0.6666665555555741,0.8442,0.9501,0.9678,0.9931
316,TJX Companies Inc,2017-11-14,0.0,0.0,-0.99999980000004,-0.7142856122449125,0.5574,0.9298,-0.3008,0.9428
317,TJX Companies Inc,2017-08-15,0.0,0.0,0.9999997500000625,0.3333333055555579,0.7964,0.9186,0.9709,0.9917
318,TJX Companies Inc,2017-05-16,0.0,-0.199999960000008,0.99999950000025,0.1428571224489825,0.5508,0.9799,0.9517,0.9967
319,TJX Companies Inc,2017-03-16,0.0,0.49999987500003124,0.99999950000025,0.6666665555555741,0.7906,0.9501,0.9678,0.9926
320,TJX Companies Inc,2017-02-22,-0.9999990000010001,0.9999990000010001,0.99999950000025,0.49999987500003124,0.7579,0.9812,0.9371,0.9931
321,TJX Companies Inc,2016-11-15,0.0,0.0,-0.199999960000008,-0.1428571224489825,0.8271,0.9702,0.9423,0.9908
322,TJX Companies Inc,2016-08-17,0.9999990000010001,0.49999987500003124,0.99999950000025,0.7142856122449125,0.6597,0.9501,0.9678,0.9954
323,TJX Companies Inc,2016-08-16,0.33333322222225925,0.9999990000010001,-0.9999990000010001,0.49999987500003124,0.296,0.9493,0.9136,0.9843
324,Amazon,2016-07-29,0.0,-0.6666665555555741,-0.4999999375000079,-0.5714285306122479,0.0,0.7849,-0.2695,0.5302
325,Amazon,2016-10-28,0.0,0.9999990000010001,0.0,0.199999960000008,0.5719,0.9273,0.9604,0.9797
326,Amazon,2016-12-06,-0.9999990000010001,0.0,0.9999998888889013,0.7999999200000081,-0.1531,0.5789,0.9661,0.9867
327,Amazon,2016-12-27,0.0,0.99999950000025,0.7142856122449125,0.7777776913580343,0.5893,0.9423,0.9701,0.9913
328,Amazon,2017-02-03,0.0,-0.33333322222225925,0.599999880000024,0.24999996875000394,0.0516,0.9559,0.9648,0.9899
329,Amazon,2017-04-28,-0.9999990000010001,0.0,0.99999950000025,0.11111109876543349,0.9062,0.8934,0.9686,0.9959
330,Amazon,2017-05-02,0.0,-0.6666665555555741,-0.4999999375000079,-0.5714285306122479,0.0,0.93,-0.2695,0.8838
331,Amazon,2017-06-16,0.9999990000010001,0.49999987500003124,0.199999960000008,0.39999996000000404,0.8442,0.9877,0.9511,0.9955
332,Amazon,2017-06-19,0.0,-0.1428571224489825,-0.4999999375000079,-0.3333333111111126,0.0,0.9687,-0.2695,0.956
333,Amazon,2017-06-19,-0.9999990000010001,0.99999950000025,0.9999997500000625,0.7142856122449125,0.1779,0.7158,0.9169,0.9808
334,Amazon,2017-06-29,-0.9999990000010001,0.0,0.33333322222225925,0.0,-0.3182,0.6815,0.9259,0.9397
335,Amazon,2017-07-26,0.0,-0.9999990000010001,-0.9999990000010001,-0.99999950000025,-0.128,0.7564,0.4404,0.835
336,Amazon,2017-07-28,0.0,0.0,0.9999990000010001,0.0,0.09,0.886,0.8689,0.9844
337,Amazon,2017-10-30,0.0,-0.1428571224489825,-0.4999999375000079,-0.3333333111111126,0.0,0.9687,-0.2695,0.956
338,Amazon,2018-01-30,0.0,0.0,0.49999987500003124,0.24999996875000394,0.1779,0.2391,0.9524,0.9813
339,Amazon,2018-02-02,0.0,-0.1428571224489825,-0.4999999375000079,-0.3333333111111126,0.1779,0.9687,-0.4912,0.9533
340,Amazon,2018-02-02,0.0,0.9999996666667778,0.33333322222225925,0.6666665555555741,0.1779,0.9719,0.9741,0.9957
341,Amazon,2018-04-06,0.9999990000010001,0.49999987500003124,-0.6666666111111158,-0.2941176297577865,0.2732,0.4215,0.4364,0.7111
342,Amazon,2018-04-27,0.0,-0.1428571224489825,-0.4999999375000079,-0.3333333111111126,0.1779,0.9687,-0.4912,0.9533
343,Amazon,2018-04-27,0.0,0.99999950000025,0.9999990000010001,0.9999996666667778,0.0,0.6697,0.8687,0.9359
344,Amazon,2018-06-28,0.0,0.9999997500000625,0.33333322222225925,0.7142856122449125,0.0,0.9493,0.8934,0.9806
345,Amazon,2018-07-27,0.0,-0.9999990000010001,0.99999980000004,0.6666665555555741,0.4588,0.714,0.9186,0.968
346,Amazon,2018-07-30,0.0,0.0,-0.4999999375000079,-0.24999998437500096,0.1779,0.959,-0.4912,0.9351
347,Amazon,2018-09-21,0.99999950000025,0.33333322222225925,0.4999999375000079,0.4999999583333368,0.4215,0.5153,0.8975,0.9446
348,Amazon,2018-10-26,0.0,0.33333322222225925,0.99999950000025,0.4285713673469475,0.899,0.872,0.9477,0.9944
349,Amazon,2018-10-29,0.0,0.0,-0.4999999375000079,-0.24999998437500096,0.1779,0.959,-0.4912,0.9351
350,Apple,2016-08-30,0.0,-0.199999960000008,-0.9999996666667778,-0.4999999375000079,-0.2732,0.8608,-0.0772,0.8201
351,Apple,2016-09-07,0.9999990000010001,0.9999996666667778,0.7142856122449125,0.8181817438016598,0.1531,0.964,0.8176,0.9829
352,Apple,2016-10-25,-0.9999990000010001,0.9999996666667778,-0.99999950000025,0.0,-0.1531,0.9382,-0.4173,0.9081
353,Apple,2016-10-27,0.9999990000010001,0.99999950000025,-0.99999980000004,-0.24999996875000394,0.4215,0.6361,0.0,0.7902
354,Apple,2016-10-27,0.9999990000010001,0.199999960000008,0.99999950000025,0.4999999375000079,0.3818,0.9246,0.9702,0.9895
355,Apple,2017-01-22,0.0,-0.6666665555555741,-0.33333322222225925,-0.5555554938271674,-0.3818,0.8442,0.743,0.9153
356,Apple,2017-01-31,0.0,0.99999980000004,0.49999987500003124,0.7777776913580343,0.6124,0.9832,0.9042,0.9928
357,Apple,2017-03-21,0.0,-0.99999950000025,-0.9999997500000625,-0.9999998333333611,0.0,0.6115,0.8689,0.8591
358,Apple,2017-05-02,0.0,0.9999990000010001,0.33333322222225925,0.49999987500003124,0.1531,0.9744,0.9765,0.9879
359,Apple,2017-06-05,0.0,0.4285713673469475,-0.99999950000025,0.11111109876543349,0.0,0.8883,0.1779,0.9324
360,Apple,2017-08-02,0.0,-0.24999996875000394,0.0,-0.24999996875000394,0.5106,0.8674,0.3818,0.936
361,Apple,2017-09-12,-0.9999990000010001,0.7777776913580343,-0.199999960000008,0.3333333111111126,0.0,0.9367,0.6904,0.9657
362,Apple,2017-11-03,0.0,0.11111109876543349,0.0,0.11111109876543349,-0.7034,0.9573,0.3818,0.9392
363,Apple,2018-01-30,0.0,-0.7142856122449125,0.0,-0.7142856122449125,0.0,0.7885,0.2716,0.8426
364,Apple,2018-02-02,0.0,-0.7142856122449125,0.0,-0.7142856122449125,0.0,0.9719,0.7184,0.9817
365,Apple,2018-05-01,0.0,0.49999987500003124,0.599999880000024,0.5555554938271674,0.6249,0.9632,0.9661,0.9933
366,Apple,2018-06-08,0.0,-0.9999996666667778,0.0,-0.9999996666667778,-0.0423,0.8807,0.9337,0.9754
367,Apple,2018-07-02,0.9999996666667778,0.3333333055555579,0.33333322222225925,0.4117646816609011,0.8176,0.9921,0.9524,0.9964
368,Apple,2018-07-02,0.9999996666667778,0.599999880000024,0.99999950000025,0.7999999200000081,0.8176,0.7163,0.9702,0.987
369,Apple,2018-07-31,0.9999990000010001,0.599999880000024,0.9999997500000625,0.7999999200000081,0.4389,0.9686,0.9313,0.9898
370,Apple,2018-09-12,0.0,0.0,0.0,0.0,0.0,0.3182,0.9612,0.9645
371,Apple,2018-11-01,-0.9999990000010001,0.24999996875000394,-0.33333322222225925,0.0,0.2382,0.9789,0.9571,0.9954
372,IBM,2016-07-19,-0.99999950000025,-0.599999880000024,0.33333327777778704,-0.23076921301775286,-0.1513,0.8519,0.9062,0.9638
373,IBM,2016-09-09,0.0,-0.1428571224489825,-0.99999950000025,-0.33333329629630043,-0.0258,0.872,0.1877,0.8992
374,IBM,2017-01-20,-0.9999990000010001,-0.99999980000004,0.9999990000010001,-0.7142856122449125,0.5859,0.9709,0.6249,0.9843
375,IBM,2017-04-07,0.0,0.0,-0.9999998333333611,-0.7499999062500118,0.0,0.7184,0.7964,0.8481
376,IBM,2017-04-19,-0.9999990000010001,-0.7142856122449125,-0.9999990000010001,-0.7777776913580343,0.6249,0.9709,0.9441,0.978
377,IBM,2017-07-19,0.9999990000010001,0.0,-0.599999880000024,-0.16666665277777895,0.7906,0.9825,0.296,0.9879
378,IBM,2017-10-17,0.9999990000010001,0.4999999375000079,0.0,0.5555554938271674,0.8519,0.9891,0.9081,0.9952
379,IBM,2017-12-11,0.0,0.24999996875000394,0.99999950000025,0.33333329629630043,0.0,0.34,0.9152,0.9348
380,IBM,2018-01-18,0.0,-0.1428571224489825,-0.33333327777778704,-0.23076921301775286,-0.0258,0.872,0.9153,0.9818
381,IBM,2018-01-18,-0.99999950000025,-0.599999940000006,0.0,-0.4999999687500019,0.3612,0.9892,0.7783,0.9921
382,IBM,2018-04-17,0.0,-0.49999987500003124,0.0,-0.49999987500003124,0.6249,0.6597,0.891,0.9393
383,IBM,2018-07-18,0.9999990000010001,0.4285713673469475,0.0,0.4999999375000079,0.8481,0.9904,0.296,0.9931
384,IBM,2018-08-27,0.0,-0.1428571224489825,-0.33333327777778704,-0.23076921301775286,-0.0258,0.872,0.9153,0.9818
385,IBM,2018-10-16,0.0,-0.09090908264462885,0.0,-0.09090908264462885,0.296,0.9832,0.5859,0.9881
386,IBM,2018-10-29,0.0,0.0,-0.33333327777778704,-0.14285713265306196,-0.296,0.9562,0.9153,0.9874
387,IBM,2018-10-29,0.0,0.0,-0.9999990000010001,-0.11111109876543349,0.296,0.9562,0.8151,0.986
388,Microsoft,2016-08-04,0.9999990000010001,0.0,0.0,0.33333322222225925,0.2732,0.8402,0.9583,0.9884
389,Microsoft,2016-09-20,0.0,0.0,0.0,0.0,0.0,0.9186,0.7579,0.9676
390,Microsoft,2016-10-20,0.0,0.9999996666667778,0.5555554938271674,0.6666666111111158,0.7096,0.9702,0.9861,0.9959
391,Microsoft,2016-10-26,0.9999990000010001,0.9999990000010001,0.33333322222225925,0.599999880000024,0.4767,0.8126,0.4215,0.8201
392,Microsoft,2016-10-27,0.0,-0.49999987500003124,0.33333322222225925,-0.1428571224489825,0.0,0.9509,0.9118,0.9664
393,Microsoft,2016-11-09,-0.9999990000010001,0.199999960000008,0.0,0.0,0.0,0.926,0.9062,0.9896
394,Microsoft,2017-01-26,0.0,0.9999990000010001,0.6666665555555741,0.7142856122449125,-0.7876,0.9477,0.9549,0.988
395,Microsoft,2017-01-27,-0.9999990000010001,0.99999980000004,0.0,0.6666665555555741,0.296,0.8176,0.9184,0.986
396,Microsoft,2017-04-28,0.9999990000010001,0.9999996666667778,0.9999990000010001,0.99999980000004,0.0,0.9403,0.9136,0.9806
397,Microsoft,2017-05-11,0.0,0.99999950000025,0.599999880000024,0.7142856122449125,0.4588,0.9413,0.9796,0.9926
398,Microsoft,2017-06-27,0.0,0.0,0.9999996666667778,0.9999996666667778,0.296,0.891,0.923,0.9778
399,Microsoft,2017-07-20,0.0,0.0,0.33333322222225925,0.1428571224489825,0.0,0.8126,0.7845,0.936
400,Microsoft,2017-10-26,0.0,0.33333322222225925,0.9999998333333611,0.7777776913580343,0.765,0.9812,0.9729,0.9963
401,Microsoft,2018-02-01,0.0,0.9999996666667778,-0.33333327777778704,0.11111109876543349,0.0,0.9851,0.5421,0.9538
402,Microsoft,2018-04-27,0.0,0.9999997500000625,0.99999950000025,0.9999998333333611,0.5106,0.9686,-0.2144,0.8673
403,Microsoft,2018-05-04,0.0,0.33333322222225925,0.9999990000010001,0.49999987500003124,0.7783,0.9666,0.7351,0.9868
404,Microsoft,2018-05-07,0.0,0.99999950000025,0.7142856122449125,0.7777776913580343,0.0,0.9186,0.9534,0.9743
405,Microsoft,2018-05-21,0.9999990000010001,0.49999987500003124,-0.99999950000025,0.1428571224489825,0.4767,0.986,0.9729,0.9968
406,Microsoft,2018-06-04,0.9999990000010001,-0.9999990000010001,0.0,0.0,0.4574,0.765,0.7964,0.9108
407,Microsoft,2018-07-20,0.0,0.9999990000010001,0.9999990000010001,0.99999950000025,0.7717,0.984,0.8316,0.9927
408,Microsoft,2018-09-19,0.0,0.9999996666667778,-0.24999996875000394,0.09090908264462885,0.3818,0.9559,0.7453,0.9788
409,Microsoft,2018-09-19,0.0,0.9999990000010001,0.0,0.9999990000010001,0.3818,0.3818,0.5423,0.765
410,Microsoft,2018-10-24,0.9999990000010001,0.9999996666667778,0.0,0.9999997500000625,0.6597,0.9707,0.937,0.9895
411,Microsoft,2018-10-24,0.9999990000010001,0.9999996666667778,0.0,0.9999997500000625,0.6597,0.9707,0.937,0.9895
412,Walmart,2016-08-09,0.0,0.0,-0.33333322222225925,-0.199999960000008,0.6542,-0.4173,0.9186,0.9647
413,Walmart,2016-08-18,0.0,0.599999880000024,0.99999950000025,0.7142856122449125,0.7003,0.9796,0.9134,0.9792
414,Walmart,2016-11-17,0.0,0.49999987500003124,0.0,0.19999998000000202,0.7684,0.8934,0.936,0.9929
415,Walmart,2017-02-21,0.0,0.99999950000025,0.4999999375000079,0.599999940000006,0.296,0.9313,0.8979,0.9799
416,Walmart,2017-03-14,0.9999990000010001,0.6666665555555741,-0.99999950000025,0.33333329629630043,0.0,0.7671,0.7003,0.9278
417,Walmart,2017-03-14,0.0,-0.33333322222225925,0.99999950000025,0.199999960000008,0.296,0.836,0.8849,0.9659
418,Walmart,2017-06-16,-0.99999950000025,-0.4999999583333368,-0.199999960000008,-0.4444444197530878,0.0258,-0.4131,0.8534,0.933
419,Walmart,2017-06-19,0.9999990000010001,0.9999997500000625,0.99999950000025,0.9999998571428775,0.5267,0.9418,0.8287,0.9823
420,Walmart,2017-08-17,0.0,0.9999996666667778,0.9999996666667778,0.9999998333333611,0.0,0.9802,-0.3423,0.9887
421,Walmart,2017-09-27,0.0,0.9999990000010001,0.0,0.33333322222225925,0.6249,0.8955,0.7351,0.9686
422,Walmart,2017-10-11,0.99999950000025,0.6666665555555741,0.199999960000008,0.5384614970414233,0.7619,0.9263,0.4588,0.9672
423,Walmart,2017-11-02,0.0,-0.9999990000010001,0.49999987500003124,0.199999960000008,0.3612,0.9201,0.8519,0.9805
424,Walmart,2017-11-16,0.9999990000010001,0.99999980000004,0.599999940000006,0.7499999531250029,0.6858,0.9652,0.9457,0.9959
425,Walmart,2018-02-20,0.9999990000010001,0.9999997500000625,0.49999987500003124,0.7777776913580343,0.2732,0.9449,0.9776,0.9919
426,Walmart,2018-04-05,0.99999950000025,0.6666665555555741,-0.99999950000025,0.39999996000000404,0.5927,0.7943,0.7003,0.9686
427,Walmart,2018-04-30,0.9999996666667778,-0.9999990000010001,0.9999998750000157,0.8181817438016598,0.3818,0.9091,0.952,0.9895
428,Walmart,2018-05-09,0.0,0.9999990000010001,0.1428571224489825,0.24999996875000394,0.3182,0.6124,0.9253,0.9485
429,Walmart,2018-06-01,-0.9999990000010001,0.0,0.0,-0.9999990000010001,0.0258,0.5719,0.0,0.5859
430,Walmart,2018-06-22,0.0,0.9999996666667778,-0.99999950000025,0.199999960000008,0.3818,0.7564,0.7003,0.931
431,Walmart,2018-08-16,0.99999950000025,0.0,0.9999998333333611,0.9999998750000157,0.7169,0.9595,0.9642,0.9923
432,Walmart,2018-08-22,0.9999990000010001,-0.9999990000010001,0.24999996875000394,0.19999998000000202,0.9274,0.926,-0.7637,0.965
433,Walmart,2018-11-15,0.0,0.33333322222225925,-0.99999950000025,-0.199999960000008,0.3818,0.9501,0.7003,0.9705
434,AutoZone Inc,2016-09-22,0.0,0.33333322222225925,-0.49999987500003124,-0.1428571224489825,0.0173,0.5267,0.743,0.7825
435,AutoZone Inc,2016-09-28,0.99999950000025,0.9999997500000625,0.0,0.9999998333333611,0.5267,0.93,0.8271,0.9774
436,AutoZone Inc,2016-12-06,0.0,0.599999880000024,-0.1428571224489825,0.16666665277777895,0.6249,0.967,0.9514,0.9905
437,AutoZone Inc,2016-12-08,0.9999990000010001,0.9999997500000625,0.0,0.99999980000004,0.3818,0.93,0.8271,0.9753
438,AutoZone Inc,2017-02-28,0.0,-0.99999950000025,0.49999987500003124,0.0,0.296,0.8885,0.917,0.9652
439,AutoZone Inc,2017-03-22,0.0,0.9999997500000625,0.0,0.9999997500000625,0.4215,0.93,0.8271,0.9702
440,AutoZone Inc,2017-05-23,-0.9999990000010001,0.0,-0.24999996875000394,-0.19999998666666757,-0.25,0.9476,0.8911,0.9726
441,AutoZone Inc,2017-05-30,0.0,0.9999997500000625,0.0,0.4999999375000079,0.6738,0.93,0.8271,0.9799
442,AutoZone Inc,2017-07-05,0.33333322222225925,-0.599999880000024,0.33333327777778704,0.0,-0.3818,-0.2263,0.9441,0.9117
443,AutoZone Inc,2017-07-07,0.33333322222225925,0.9999997500000625,0.0,0.7142856122449125,0.6808,0.93,0.8271,0.9801
444,AutoZone Inc,2017-09-19,0.9999990000010001,-0.199999960000008,0.33333327777778704,0.09090908264462885,0.6249,0.9686,0.9618,0.9917
445,AutoZone Inc,2017-11-02,0.9999996666667778,0.99999980000004,0.0,0.9999998750000157,0.6705,0.93,0.8271,0.9799
446,AutoZone Inc,2017-12-05,0.0,0.33333327777778704,0.0,0.16666665277777895,0.4215,0.9552,0.9153,0.9881
447,AutoZone Inc,2017-11-02,0.9999996666667778,0.99999980000004,0.0,0.9999998750000157,0.7351,0.93,0.8271,0.9812
448,AutoZone Inc,2017-12-05,0.0,0.33333327777778704,0.0,0.16666665277777895,0.4215,0.9552,0.9153,0.9881
449,AutoZone Inc,2017-12-13,0.9999996666667778,0.99999980000004,0.0,0.9999998750000157,0.7351,0.93,0.8271,0.9812
450,AutoZone Inc,2018-02-27,-0.9999990000010001,-0.599999880000024,-0.19999998000000202,-0.37499997656250145,0.0803,0.6478,0.9644,0.9658
451,AutoZone Inc,2018-04-06,-0.9999990000010001,0.99999980000004,0.0,0.6666665555555741,-0.091,0.93,0.8271,0.9359
452,AutoZone Inc,2018-05-22,0.0,-0.33333322222225925,-0.19999998000000202,-0.23076921301775286,0.4215,0.5719,0.8338,0.9643
453,AutoZone Inc,2018-09-18,0.0,0.99999950000025,0.99999950000025,0.9999997500000625,0.0,0.9505,0.9568,0.9866
454,Best Buy,2016-11-17,0.0,0.9999996666667778,-0.9999990000010001,0.49999987500003124,0.2023,0.9836,0.9442,0.9969
455,Best Buy,2016-11-17,0.0,-0.199999960000008,-0.1428571224489825,-0.12499999218750048,0.6124,0.9623,0.9859,0.9977
456,Best Buy,2017-03-01,-0.9999990000010001,-0.4285713673469475,0.0,-0.2857142653061239,0.5719,0.8519,0.9595,0.9723
457,Best Buy,2017-03-13,0.0,-0.199999960000008,-0.1428571224489825,-0.12499999218750048,0.6597,0.9623,0.9859,0.9978
458,Best Buy,2017-05-25,0.0,0.33333322222225925,0.49999987500003124,0.4285713673469475,0.5927,0.9623,0.9858,0.9975
459,Best Buy,2017-05-30,0.0,0.0,-0.1428571224489825,-0.05882352595155729,0.6597,-0.8758,0.9847,0.9977
460,Best Buy,2017-08-29,0.9999990000010001,0.599999880000024,0.0,0.4999999375000079,0.6369,0.9688,0.9524,0.9944
461,Best Buy,2017-08-30,0.0,-0.199999960000008,-0.1428571224489825,-0.12499999218750048,0.6652,-0.7433,0.9847,0.9975
462,Best Buy,2017-09-20,-0.9999990000010001,-0.9999996666667778,0.0,-0.39999996000000404,0.3818,0.9584,0.9907,0.998
463,Best Buy,2017-09-26,-0.99999950000025,0.599999940000006,-0.1428571224489825,0.15789472853185638,0.5346,0.9723,0.9847,0.9987
464,Best Buy,2017-11-16,0.0,-0.9999990000010001,0.9999990000010001,0.0,0.5499,0.3597,0.9535,0.9904
465,Best Buy,2017-12-01,-0.99999950000025,0.599999940000006,-0.1428571224489825,0.15789472853185638,0.5346,0.9652,0.9847,0.9987
466,Best Buy,2018-03-01,0.0,0.49999987500003124,0.49999987500003124,0.4999999375000079,0.5106,0.98,0.9727,0.9971
467,Best Buy,2018-03-15,-0.99999950000025,0.599999940000006,-0.1428571224489825,0.15789472853185638,0.3818,0.9652,0.9847,0.9987
468,Best Buy,2018-05-24,0.0,0.7142856122449125,0.4285713673469475,0.5999999600000027,0.0761,0.9874,0.9825,0.9985
469,Best Buy,2018-06-04,-0.99999950000025,0.599999940000006,-0.1428571224489825,0.15789472853185638,0.3818,0.9746,0.9847,0.9988
470,Best Buy,2018-08-28,0.9999996666667778,0.599999880000024,0.33333322222225925,0.636363578512402,0.7579,0.9954,0.9524,0.998
471,Best Buy,2018-08-31,-0.99999950000025,0.599999940000006,-0.1428571224489825,0.15789472853185638,0.3818,0.9746,0.9847,0.9988
472,Qualcomm,2018-11-07,-0.99999950000025,-0.24999996875000394,0.599999880000024,-0.06666666222222252,-0.7579,-0.6808,0.9747,0.9701
473,Qualcomm,2018-07-26,-0.9999990000010001,-0.199999960000008,-0.599999880000024,-0.4545454132231443,0.1531,0.0507,0.9497,0.9812
474,Qualcomm,2018-04-26,0.0,-0.09090908264462885,-0.199999960000008,-0.12499999218750048,0.4404,0.9794,0.7351,0.9881
475,Qualcomm,2018-03-12,0.0,0.199999960000008,0.0,0.199999960000008,-0.0258,0.9455,-0.4576,0.9044
476,Qualcomm,2018-03-05,0.0,-0.99999990000001,-0.4285713673469475,-0.7647058373702448,0.0,-0.5423,0.8176,0.6124
477,Qualcomm,2018-02-20,0.0,0.0,0.0,0.0,0.4939,0.9826,0.921,0.981
478,Qualcomm,2018-02-05,0.0,0.0,0.99999950000025,0.49999987500003124,0.891,0.9759,0.91,0.9934
479,Qualcomm,2018-02-01,-0.9999990000010001,-0.33333329629630043,0.0,-0.24999998437500096,0.8481,0.8316,0.9493,0.9869
480,Qualcomm,2018-01-24,0.9999990000010001,0.0,0.99999950000025,0.599999880000024,-0.381,0.6124,0.9623,0.9687
481,Qualcomm,2018-01-16,-0.9999990000010001,0.0,0.99999950000025,0.09090908264462885,0.6369,0.9246,0.9274,0.9851
482,Qualcomm,2017-11-21,0.0,0.199999960000008,0.9999990000010001,0.33333327777778704,0.0,0.9716,0.8744,0.986
483,Qualcomm,2017-11-13,-0.99999950000025,-0.599999880000024,0.0,-0.6666665555555741,-0.6597,-0.079,0.8316,0.4754
484,Qualcomm,2017-11-06,0.0,0.9999990000010001,0.0,0.33333322222225925,0.0,0.9762,0.8316,0.9905
485,Qualcomm,2017-11-03,0.33333322222225925,-0.33333327777778704,0.4285713673469475,0.12499999218750048,0.7619,-0.25,0.8176,0.7768
486,Qualcomm,2017-11-03,-0.9999990000010001,-0.9999998333333611,0.49999987500003124,-0.4545454132231443,-0.4019,-0.5346,0.9382,0.9769
487,Qualcomm,2017-11-02,0.33333322222225925,-0.23076921301775286,0.9999996666667778,0.0,0.7619,0.8658,0.9432,0.9861
488,Qualcomm,2017-10-31,0.9999990000010001,-0.9999996666667778,-0.33333322222225925,-0.4285713673469475,0.6249,0.7334,0.9169,0.9725
489,Qualcomm,2017-10-11,0.0,-0.599999880000024,0.33333322222225925,-0.24999996875000394,0.5423,-0.3757,0.9153,0.9291
490,Qualcomm,2017-07-19,-0.9999990000010001,-0.16666665277777895,-0.24999996875000394,-0.23809522675737013,0.296,0.9468,0.4939,0.9674
491,Qualcomm,2017-06-09,-0.33333322222225925,-0.33333327777778704,-0.33333322222225925,-0.3333333055555579,-0.4449,0.7035,-0.7003,-0.6897
492,Qualcomm,2017-04-28,-0.9999990000010001,-0.6666665555555741,-0.99999950000025,-0.7777776913580343,-0.3182,-0.1779,-0.2263,-0.5859
493,Qualcomm,2017-01-26,0.0,-0.33333327777778704,0.4285713673469475,0.07692307100591762,0.5994,0.2263,0.8176,0.8316
494,Qualcomm,2017-04-19,0.0,-0.33333327777778704,0.9999996666667778,0.11111109876543349,0.5994,0.8979,0.9022,0.9796
495,Qualcomm,2017-04-12,-0.9999990000010001,-0.7499999062500118,0.0,-0.7777776913580343,0.6369,0.1779,0.8591,0.952
496,Qualcomm,2017-01-26,-0.9999990000010001,-0.9999998750000157,-0.99999950000025,-0.9999999090909174,-0.3182,-0.1406,0.9109,0.8847
497,Qualcomm,2017-01-26,-0.9999990000010001,-0.33333327777778704,0.4285713673469475,0.0,-0.3182,0.2263,0.8176,0.8074
498,Qualcomm,2017-01-22,0.0,-0.6666665555555741,-0.33333322222225925,-0.5555554938271674,-0.3818,0.8442,0.743,0.9153
499,Qualcomm,2017-01-17,-0.9999990000010001,-0.8461537810650938,0.33333322222225925,-0.6470587854671302,-0.296,-0.6419,0.9607,0.9179
500,Qualcomm,2017-01-08,0.9999990000010001,0.49999987500003124,0.6666665555555741,0.599999940000006,0.6124,0.3182,0.9468,0.9796
501,Qualcomm,2016-12-28,-0.9999990000010001,-0.99999980000004,-0.7499999062500118,-0.8571427959183717,0.0,0.4767,0.7906,0.8779
502,Qualcomm,2016-11-03,0.0,-0.1428571224489825,0.33333327777778704,0.07692307100591762,0.0,0.7964,0.6756,0.8442
503,Qualcomm,2016-11-02,0.0,0.7142856122449125,0.9999996666667778,0.7999999200000081,0.0,0.9678,0.9036,0.9862
504,Qualcomm,2016-10-27,0.9999990000010001,-0.33333322222225925,0.0,0.0,0.3612,0.847,0.9153,0.9561
505,Broadcom,2018-06-07,0.99999950000025,0.33333327777778704,-0.9999990000010001,0.33333329629630043,0.2905,0.9595,0.2247,0.9693
506,Broadcom,2018-06-04,0.9999990000010001,0.9999990000010001,0.24999996875000394,0.39999996000000404,0.6249,0.9648,0.9545,0.9916
507,Broadcom,2018-04-30,0.9999990000010001,0.0,-0.33333327777778704,-0.11111109876543349,0.0,0.9081,0.8783,0.9754
508,Broadcom,2018-03-15,-0.9999990000010001,0.49999987500003124,0.0,0.199999960000008,0.128,0.9712,0.0,0.9721
509,Broadcom,2018-02-27,-0.99999950000025,0.199999960000008,0.33333327777778704,0.07692307100591762,-0.2263,0.8271,0.8856,0.9485
510,Broadcom,2018-03-12,0.0,0.199999960000008,0.0,0.199999960000008,-0.0258,0.9455,-0.4576,0.9044
511,Broadcom,2018-02-27,-0.99999950000025,0.199999960000008,0.33333327777778704,0.07692307100591762,-0.2263,0.8271,0.8856,0.9485
512,Broadcom,2018-02-20,0.0,0.0,0.0,0.0,0.4939,0.9826,0.921,0.981
513,Broadcom,2018-02-05,0.0,0.0,0.99999950000025,0.49999987500003124,0.891,0.9759,0.91,0.9934
514,Broadcom,2018-01-31,0.0,0.1428571224489825,0.0,0.09090908264462885,0.1027,0.9729,0.5859,0.9808
515,Broadcom,2017-11-21,-0.99999950000025,0.199999960000008,0.33333327777778704,0.07692307100591762,-0.2263,0.8271,0.8856,0.9485
516,Broadcom,2017-12-06,0.0,-0.24999996875000394,-0.9999990000010001,-0.33333329629630043,-0.4824,0.9829,0.5574,0.9902
517,Broadcom,2017-11-21,0.0,0.99999950000025,0.6666665555555741,0.7499999062500118,0.296,0.9719,0.9231,0.9895
518,Broadcom,2017-11-21,-0.99999950000025,0.199999960000008,0.33333327777778704,0.07692307100591762,-0.2263,0.8271,0.8856,0.9485
519,Broadcom,2017-11-13,-0.99999950000025,-0.49999987500003124,0.0,-0.599999880000024,-0.6597,-0.1531,0.8316,0.4215
520,Broadcom,2017-11-06,0.0,0.9999990000010001,0.0,0.33333322222225925,0.0,0.9762,0.8316,0.9905
521,Broadcom,2017-11-03,-0.9999990000010001,-0.9999998333333611,0.49999987500003124,-0.4545454132231443,-0.4019,-0.5346,0.9382,0.9769
522,Broadcom,2017-08-24,0.0,-0.636363578512402,-0.33333322222225925,-0.4999999687500019,0.743,0.959,0.6059,0.9489
523,Broadcom,2017-03-01,-0.99999950000025,-0.199999960000008,-0.49999987500003124,-0.4545454132231443,0.0,0.9812,0.8515,0.9724
524,Broadcom,2017-03-01,0.49999987500003124,0.199999960000008,0.0,0.23076921301775286,0.4767,0.8807,0.6705,0.9571
525,Broadcom,2016-12-08,0.0,-0.9999996666667778,-0.9999996666667778,-0.9999998333333611,0.296,0.9595,0.0951,0.9673
526,Broadcom,2016-11-02,0.49999987500003124,0.199999960000008,0.0,0.23076921301775286,0.4767,0.8807,0.6705,0.9571
527,Broadcom,2016-11-02,0.0,0.0,0.33333322222225925,0.199999960000008,0.296,0.9593,-0.5868,0.9176
528,Broadcom,2016-11-01,0.0,0.9999990000010001,-0.33333322222225925,0.0,0.0,0.9274,0.2023,0.9371
529,Advance Auto Parts,2018-11-13,0.9999990000010001,0.9999997500000625,0.2857142653061239,0.47368418559556913,0.8047,0.8779,0.9261,0.9919
530,Advance Auto Parts,2018-09-06,0.9999990000010001,-0.11111109876543349,0.199999960000008,0.06666666222222252,0.5574,0.3519,0.9186,0.9587
531,Advance Auto Parts,2018-08-14,0.9999996666667778,0.9999998571428775,0.636363578512402,0.799999960000002,0.6124,0.9274,0.5023,0.891
532,Advance Auto Parts,2018-05-22,0.599999880000024,0.49999987500003124,0.9999998571428775,0.7333332844444478,0.7845,0.9022,0.9153,0.9816
533,Advance Auto Parts,2018-03-12,0.99999950000025,0.0,0.99999980000004,0.36842103324099823,0.4588,0.7269,0.8225,0.9287
534,Advance Auto Parts,2018-02-21,0.99999950000025,-0.33333322222225925,0.24999996875000394,0.23076921301775286,0.8201,0.5994,0.9239,0.9872
535,Advance Auto Parts,2017-12-11,0.9999996666667778,0.0,0.99999980000004,0.399999980000001,0.6124,0.7269,0.8225,0.9565
536,Advance Auto Parts,2017-11-14,0.9999996666667778,0.99999950000025,0.599999940000006,0.7142856632653098,0.6249,0.8834,0.8072,0.9117
537,Advance Auto Parts,2017-08-15,0.99999950000025,0.0,0.4545454132231443,0.3043478128544429,0.0258,0.9493,0.8453,0.9775
538,Advance Auto Parts,2017-07-07,-0.33333322222225925,0.5714285306122479,0.9999998333333611,0.5652173667296797,0.0772,0.9561,0.8225,0.9748
539,Advance Auto Parts,2017-07-05,0.33333322222225925,-0.599999880000024,0.33333327777778704,0.0,-0.3818,-0.2263,0.9441,0.9117
540,Advance Auto Parts,2017-05-30,0.99999950000025,0.5714285306122479,0.9999998333333611,0.7272726942148775,0.4767,0.9561,0.8225,0.9793
541,Advance Auto Parts,2017-05-24,0.9999990000010001,0.599999880000024,0.9999999090909174,0.8749999453125034,0.4215,0.7096,0.9218,0.9841
542,Advance Auto Parts,2017-04-03,0.9999997500000625,0.4545454132231443,0.199999960000008,0.47368418559556913,0.8625,0.9678,0.024,0.9812
543,Advance Auto Parts,2017-03-22,0.99999950000025,0.5714285306122479,0.9999998333333611,0.7272726942148775,0.7964,0.9561,0.8225,0.9845
544,Advance Auto Parts,2017-02-21,0.99999950000025,0.16666665277777895,0.7999999200000081,0.4782608487712674,0.5994,0.9656,0.965,0.9943
545,Advance Auto Parts,2016-11-16,0.33333322222225925,0.5714285306122479,0.9999998333333611,0.6521738846880919,0.0,0.9561,0.8225,0.974
546,Advance Auto Parts,2016-11-14,0.9999990000010001,0.4545454132231443,0.9999998571428775,0.684210490304711,0.4215,0.9861,0.9337,0.9939
547,Advance Auto Parts,2016-11-01,0.9999997500000625,0.4545454132231443,0.8333332638888947,0.7037036776406045,0.7003,0.9349,0.9796,0.993
548,Kroger,2018-10-18,0.99999950000025,0.9999998333333611,-0.9999990000010001,0.7499999062500118,0.4548,0.9231,0.7543,0.9336
549,Kroger,2018-06-24,0.99999950000025,0.9999998333333611,-0.9999990000010001,0.7777776913580343,0.34,0.9231,0.7543,0.93
550,Kroger,2018-06-21,0.0,0.49999987500003124,0.1428571224489825,0.2727272479338866,0.7311,0.9761,0.9606,0.9954
551,Kroger,2018-06-01,-0.9999990000010001,0.0,0.0,-0.9999990000010001,0.0258,0.5719,0.0,0.5859
552,Kroger,2018-04-06,0.9999990000010001,0.9999998333333611,-0.9999990000010001,0.7499999062500118,0.34,0.9245,0.7543,0.9306
553,Kroger,2018-03-08,0.9999990000010001,-0.33333322222225925,0.9999996666667778,0.33333327777778704,0.1531,0.802,0.765,0.9118
554,Kroger,2018-02-06,0.0,0.9999996666667778,0.0,0.599999880000024,0.6249,0.8576,-0.0644,0.5494
555,Kroger,2017-10-12,0.9999990000010001,0.9999998333333611,-0.9999990000010001,0.7499999062500118,0.34,0.9286,0.7543,0.9325
556,Kroger,2017-11-30,0.0,0.99999950000025,0.9999997500000625,0.9999998333333611,0.7184,0.9493,0.9493,0.9914
557,Kroger,2017-10-12,0.99999950000025,0.49999987500003124,0.0,0.599999880000024,0.8225,0.9776,0.8126,0.9728
558,Kroger,2017-10-03,0.0,0.2727272479338866,0.9999997500000625,0.46666663555555765,0.3612,0.9643,-0.2144,0.8808
559,Kroger,2017-09-12,0.99999950000025,0.9999998333333611,-0.9999990000010001,0.7777776913580343,0.1779,0.9286,0.7543,0.9231
560,Kroger,2017-09-08,0.0,0.49999987500003124,0.0,0.24999996875000394,0.1027,0.9496,0.8922,0.9673
561,Kroger,2017-06-16,-0.99999950000025,-0.4999999583333368,-0.199999960000008,-0.4444444197530878,0.0258,-0.4131,0.8534,0.933
562,Kroger,2017-06-16,0.9999990000010001,0.9999998333333611,-0.9999990000010001,0.7499999062500118,0.2732,0.9286,0.7543,0.9306
563,Kroger,2017-06-15,0.9999990000010001,-0.49999987500003124,0.33333329629630043,0.07692307100591762,0.7469,0.5413,0.984,0.9949
564,Kroger,2017-05-19,0.0,0.9999996666667778,0.3333333055555579,0.46666663555555765,0.296,0.9723,0.9524,0.9903
565,Kroger,2017-05-19,0.9999990000010001,0.9999998333333611,-0.9999990000010001,0.7499999062500118,0.2732,0.9286,0.7543,0.9306
566,Kroger,2017-04-25,0.0,0.0,-0.9999996666667778,-0.4285713673469475,0.3612,0.3415,0.9423,0.9628
567,Kroger,2017-03-02,0.0,0.0,0.7999999200000081,0.7999999200000081,-0.6166,0.9432,0.984,0.9909
568,Kroger,2016-09-20,0.9999990000010001,0.0,-0.9999996666667778,-0.24999996875000394,0.5267,0.3415,0.9423,0.967
569,Kroger,2016-12-01,-0.9999990000010001,-0.49999987500003124,0.5555554938271674,0.14285713265306196,0.296,0.7814,0.9852,0.9956
570,Kroger,2016-09-20,-0.9999990000010001,0.0,-0.9999996666667778,-0.4999999375000079,-0.2023,0.3415,0.9423,0.9501
571,Nvidia,2018-11-15,0.99999950000025,-0.4999999375000079,-0.9999990000010001,-0.2727272479338866,0.0,0.9002,0.296,0.9218
572,Nvidia,2018-11-15,-0.9999990000010001,-0.4999999375000079,0.33333322222225925,-0.3333333055555579,-0.5994,0.9002,0.9524,0.9756
573,Nvidia,2018-08-16,-0.9999990000010001,0.0,-0.599999880000024,-0.6666665555555741,-0.1779,0.7184,0.8658,0.9325
574,Nvidia,2018-04-17,0.0,0.599999880000024,-0.9999990000010001,0.33333327777778704,0.3182,0.8591,0.296,0.9186
575,Nvidia,2018-04-17,0.0,0.5555554938271674,0.33333322222225925,0.4999999583333368,0.3182,0.9828,0.9196,0.9923
576,Nvidia,2018-02-08,0.0,0.0,0.9999990000010001,0.1428571224489825,0.2732,0.9719,0.7845,0.9849
577,Nvidia,2017-08-10,0.0,0.599999880000024,-0.9999990000010001,0.33333327777778704,0.2732,0.8625,0.296,0.9169
578,Nvidia,2018-01-15,0.9999990000010001,-0.33333322222225925,-0.99999950000025,-0.33333327777778704,0.3818,0.9337,0.6705,0.969
579,Nvidia,2017-11-09,0.9999990000010001,0.199999960000008,-0.33333322222225925,0.11111109876543349,0.2732,0.9531,0.8176,0.9794
580,Nvidia,2017-08-10,0.0,0.4285713673469475,0.33333322222225925,0.39999996000000404,0.0,0.9067,0.9001,0.9814
581,Nvidia,2017-08-10,0.0,0.599999880000024,-0.9999990000010001,0.33333327777778704,0.3291,0.8625,0.296,0.9587
582,Nvidia,2017-05-10,-0.9999990000010001,0.49999987500003124,-0.9999990000010001,0.0,0.3818,0.7351,0.0,0.9224
583,Nvidia,2017-05-09,-0.9999990000010001,-0.199999960000008,-0.33333322222225925,-0.33333329629630043,0.5574,0.8807,0.9468,0.985
584,Nvidia,2017-02-09,-0.9999990000010001,0.1428571224489825,0.99999950000025,0.19999998000000202,0.1531,0.8337,0.8746,0.9752
585,Nvidia,2016-08-12,-0.9999990000010001,0.49999987500003124,-0.9999990000010001,0.0,0.1531,0.7351,0.0,0.7783
586,Nvidia,2017-01-08,0.9999990000010001,0.7499999062500118,0.0,0.599999940000006,0.6124,0.8658,0.8957,0.9735
587,Nvidia,2016-08-12,-0.99999950000025,0.49999987500003124,-0.49999987500003124,-0.19999998000000202,0.5574,0.7351,0.9118,0.9846
588,Nvidia,2016-11-10,-0.99999950000025,0.99999950000025,0.99999950000025,0.599999880000024,0.6146,0.9686,-0.0263,0.9911
589,Texas Instruments,2018-10-23,0.99999950000025,-0.49999987500003124,0.33333327777778704,0.09090908264462885,0.5719,0.6486,0.9661,0.9887
590,Texas Instruments,2018-04-24,-0.9999990000010001,-0.33333322222225925,0.0,-0.49999987500003124,0.0,0.9032,0.0,0.9032
591,Texas Instruments,2018-02-06,0.9999990000010001,0.33333322222225925,-0.33333322222225925,0.1428571224489825,0.3182,0.9316,0.959,0.9876
592,Texas Instruments,2018-01-23,-0.9999990000010001,0.0,0.0,0.0,-0.3852,0.8988,0.7003,0.9736
593,Texas Instruments,2018-01-23,0.9999990000010001,0.9999990000010001,0.33333327777778704,0.4999999375000079,0.4927,0.3182,0.9477,0.9682
594,Texas Instruments,2017-10-24,0.0,0.0,-0.9999990000010001,-0.33333322222225925,0.5106,0.9788,0.7227,0.9659
595,Texas Instruments,2017-09-07,0.9999990000010001,0.9999990000010001,0.2727272479338866,0.3846153550295881,0.4927,0.3182,0.967,0.9781
596,Texas Instruments,2017-09-07,0.9999990000010001,0.9999990000010001,0.2727272479338866,0.3846153550295881,0.4927,0.3182,0.967,0.9781
597,Texas Instruments,2017-07-25,0.0,0.0,0.0,0.0,-0.128,0.5267,0.5423,0.8462
598,Texas Instruments,2016-10-31,0.9999990000010001,0.9999990000010001,0.2727272479338866,0.3846153550295881,0.6478,0.3167,0.967,0.981
599,Texas Instruments,2017-04-26,0.0,0.0,0.9999990000010001,0.33333322222225925,0.2732,0.9477,0.7351,0.9744
600,Texas Instruments,2016-10-31,0.9999990000010001,0.9999990000010001,0.2727272479338866,0.3846153550295881,0.6478,0.3167,0.967,0.981
601,Texas Instruments,2017-01-24,-0.9999990000010001,0.0,-0.33333327777778704,-0.33333327777778704,0.1901,0.8779,0.7587,0.9837
602,Texas Instruments,2017-01-08,0.9999990000010001,0.7142856122449125,0.7142856122449125,0.7333332844444478,0.8442,0.9774,0.9828,0.996
603,Texas Instruments,2016-10-31,0.9999990000010001,0.9999990000010001,0.2727272479338866,0.3846153550295881,0.6478,0.3167,0.967,0.981
604,Texas Instruments,2016-10-26,-0.9999990000010001,0.0,0.0,0.0,0.4404,0.6486,0.8466,0.9514
605,Texas Instruments,2016-07-26,0.0,-0.33333322222225925,0.0,-0.199999960000008,0.5719,0.9864,0.7269,0.9915
606,Texas Instruments,2018-10-23,0.9999990000010001,-0.49999987500003124,-0.9999997500000625,-0.7499999062500118,0.6166,0.6486,-0.5106,0.0473
607,Texas Instruments,2018-01-23,0.9999990000010001,0.9999990000010001,0.33333327777778704,0.4999999375000079,0.4927,0.3182,0.9477,0.9682
608,O'Reilly Automotive Inc,2018-10-25,0.0,0.99999950000025,0.1428571224489825,0.33333329629630043,0.7436,0.902,0.9042,0.9783
609,O'Reilly Automotive Inc,2018-07-26,0.0,0.9999990000010001,0.0,0.1428571224489825,0.8126,0.9324,0.8401,0.9808
610,O'Reilly Automotive Inc,2018-03-18,0.9999996666667778,0.9999997500000625,0.0,0.9999998571428775,0.7096,0.926,0.9062,0.9844
611,O'Reilly Automotive Inc,2018-04-26,0.0,0.199999960000008,-0.9999990000010001,0.0,0.1531,0.9412,0.497,0.9618
612,O'Reilly Automotive Inc,2018-03-18,0.33333322222225925,0.9999997500000625,0.0,0.7142856122449125,0.7351,0.926,0.9062,0.9814
613,O'Reilly Automotive Inc,2018-02-08,0.0,0.49999987500003124,0.9999996666667778,0.7142856122449125,0.34,0.8479,0.8689,0.9657
614,O'Reilly Automotive Inc,2017-07-07,0.0,0.9999997500000625,0.0,0.6666665555555741,0.6369,0.926,0.9062,0.9818
615,O'Reilly Automotive Inc,2017-10-25,0.9999990000010001,0.9999997500000625,-0.4999999375000079,0.0,0.7269,0.8991,0.9437,0.9689
616,O'Reilly Automotive Inc,2017-08-10,0.9999990000010001,0.24999996875000394,0.9999990000010001,0.39999996000000404,0.8313,0.9778,0.6705,0.9901
617,O'Reilly Automotive Inc,2017-07-07,0.33333322222225925,0.9999997500000625,0.0,0.7142856122449125,0.3565,0.926,0.9062,0.9804
618,O'Reilly Automotive Inc,2017-07-26,0.0,-0.9999990000010001,0.19999998000000202,0.09090908264462885,0.296,0.8689,0.7395,0.9053
619,O'Reilly Automotive Inc,2017-07-07,0.99999950000025,0.9999997500000625,0.0,0.9999998333333611,0.4588,0.926,0.9062,0.9779
620,O'Reilly Automotive Inc,2017-07-05,0.33333322222225925,-0.599999880000024,0.33333327777778704,0.0,-0.3818,-0.2263,0.9441,0.9117
621,O'Reilly Automotive Inc,2017-05-11,0.9999990000010001,0.9999997500000625,0.0,0.99999980000004,0.0,0.926,0.9062,0.9771
622,O'Reilly Automotive Inc,2017-04-26,0.9999990000010001,-0.33333322222225925,-0.4999999583333368,-0.37499997656250145,0.4238,0.9134,0.9589,0.9833
623,O'Reilly Automotive Inc,2017-03-22,0.9999990000010001,0.9999997500000625,0.0,0.99999980000004,0.4588,0.926,0.9062,0.9814
624,O'Reilly Automotive Inc,2017-02-07,0.0,0.33333322222225925,-0.33333327777778704,-0.11111109876543349,0.7275,0.9414,0.8349,0.9758
625,O'Reilly Automotive Inc,2016-11-01,0.99999950000025,0.9999997500000625,0.0,0.9999998333333611,0.7184,0.926,0.9062,0.9846
626,O'Reilly Automotive Inc,2016-10-26,0.99999950000025,0.0,0.33333327777778704,0.4999999375000079,0.8807,0.9584,0.6648,0.9535
627,O'Reilly Automotive Inc,2016-08-02,0.9999990000010001,0.9999997500000625,0.0,0.99999980000004,0.5267,0.926,0.9062,0.9821
628,VMware Inc,2018-11-29,0.0,0.0,0.9999990000010001,0.33333322222225925,0.7096,0.9423,0.6808,0.9786
629,VMware Inc,2018-08-24,0.0,0.0,0.9999997500000625,0.6666665555555741,0.6124,0.9833,0.9825,0.9959
630,VMware Inc,2018-08-03,0.0,0.0,0.0,0.0,0.25,0.8591,0.8225,0.959
631,VMware Inc,2018-08-03,0.0,0.0,0.33333322222225925,0.199999960000008,0.25,0.891,0.9423,0.9808
632,VMware Inc,2018-07-02,-0.9999990000010001,0.9999990000010001,0.0,0.0,0.4019,0.9903,0.6705,0.9934
633,VMware Inc,2018-06-01,0.0,0.49999987500003124,0.0,0.49999987500003124,0.7845,0.9741,0.8885,0.9913
634,VMware Inc,2018-03-01,0.0,0.49999987500003124,0.99999950000025,0.6666665555555741,0.1531,0.9774,0.872,0.9886
635,VMware Inc,2018-03-01,0.9999990000010001,-0.9999990000010001,0.0,0.0,0.3818,0.2023,0.4767,0.7579
636,VMware Inc,2018-02-12,0.0,0.0,0.0,0.0,0.0,0.5719,0.0,0.5719
637,VMware Inc,2018-01-29,-0.9999990000010001,0.0,-0.9999990000010001,-0.33333322222225925,0.0,0.8338,0.8462,0.9595
638,VMware Inc,2018-01-29,0.0,0.0,-0.9999990000010001,-0.9999990000010001,-0.3724,-0.3612,0.6106,-0.0176
639,VMware Inc,2018-01-26,-0.9999990000010001,0.0,-0.49999987500003124,-0.49999987500003124,0.4588,0.2023,0.7698,0.8878
640,VMware Inc,2018-01-04,0.9999990000010001,-0.9999990000010001,0.0,0.0,0.3818,0.2023,0.4767,0.7579
641,VMware Inc,2017-12-13,0.9999990000010001,-0.9999990000010001,0.0,0.0,0.3818,0.2023,0.4767,0.7579
642,VMware Inc,2017-11-30,0.9999990000010001,0.9999990000010001,0.0,0.49999987500003124,0.5106,0.9868,0.5325,0.9895
643,VMware Inc,2018-01-10,0.9999990000010001,-0.9999990000010001,0.0,0.0,0.3818,0.34,0.4767,0.7964
644,VMware Inc,2017-11-02,0.0,-0.199999960000008,0.9999996666667778,0.24999996875000394,0.0,0.7964,0.8225,0.9403
645,VMware Inc,2017-08-24,0.9999990000010001,0.0,0.99999950000025,0.599999880000024,0.4939,0.91,0.9707,0.9931
646,VMware Inc,2017-08-15,0.0,-0.9999990000010001,0.199999960000008,0.1428571224489825,0.4215,0.91,0.974,0.9821
647,VMware Inc,2017-08-14,0.9999990000010001,0.0,-0.9999990000010001,0.0,0.0,0.7783,0.9657,0.9803
648,VMware Inc,2017-06-23,0.0,0.0,-0.33333322222225925,-0.33333322222225925,-0.2263,0.765,0.8316,0.967
649,VMware Inc,2017-06-14,0.0,0.0,0.0,0.0,0.0,0.5719,0.0,0.5719
650,VMware Inc,2017-06-01,0.0,0.4285713673469475,0.33333322222225925,0.39999996000000404,0.1531,0.9911,0.8481,0.9942
651,VMware Inc,2016-07-19,0.9999990000010001,-0.9999990000010001,0.9999990000010001,0.33333322222225925,0.3818,0.34,0.8176,0.91
652,VMware Inc,2017-01-27,0.9999990000010001,0.636363578512402,0.33333322222225925,0.5999999600000027,-0.1613,0.9923,0.7003,0.9936
653,VMware Inc,2016-10-26,0.0,0.0,0.33333322222225925,0.199999960000008,0.1531,0.9657,0.891,0.9856
654,VMware Inc,2016-10-13,0.0,0.9999998333333611,0.9999997500000625,0.99999990000001,0.6597,0.8399,0.9267,0.9797
